#include "lvgl.h"

#ifndef LV_ATTRIBUTE_MEM_ALIGN
#define LV_ATTRIBUTE_MEM_ALIGN
#endif

#ifndef LV_ATTRIBUTE_IMG_SJPG
#define LV_ATTRIBUTE_IMG_SJPG
#endif

const LV_ATTRIBUTE_MEM_ALIGN LV_ATTRIBUTE_LARGE_CONST LV_ATTRIBUTE_IMG_SJPG uint8_t img_sjpg_map[] = {
  0xff, 0xff, 0xff, 0xff, 0xff, 0xff, 0xff, 0xff, 0xff, 0xff, 0xff, 0xff, 0xff, 0xff, 0xff, 0xff,
  0xff, 0xff, 0xff, 0xff, 0xff, 0xff, 0xff, 0xff, 0xff, 0xff, 0xff, 0xff, 0xff, 0xff, 0xff, 0xff,
  0xff, 0xff, 0xff, 0xff, 0xff, 0xff, 0xff, 0xff, 0xff, 0xff, 0xff, 0xff, 0xff, 0xff, 0xff, 0xff,
  0xff, 0xff, 0xff, 0xff, 0xff, 0xff, 0xff, 0xff, 0xff, 0xff, 0xff, 0xff, 0xff, 0xff, 0xff, 0xff,
  0xff, 0xff, 0xff, 0xff, 0xff, 0xff, 0xff, 0xff, 0xff, 0xff, 0xff, 0xff, 0xff, 0xff, 0xff, 0xff,
  0xff, 0xff, 0xff, 0xff, 0xff, 0xff, 0xff, 0xff, 0xff, 0xff, 0xff, 0xff, 0xff, 0xff, 0xff, 0xff,
  0xff, 0xff, 0xff, 0xff, 0xff, 0xff, 0xff, 0xff, 0xff, 0xff, 0xff, 0xff, 0xff, 0xff, 0xff, 0xff,
  0xff, 0xff, 0xff, 0xff, 0xff, 0xff, 0xff, 0xff, 0xff, 0xff, 0xff, 0xff, 0xff, 0xff, 0xff, 0xff,
  0xff, 0xff, 0xff, 0xff, 0xff, 0xff, 0xff, 0xff, 0xff, 0xff, 0xff, 0xff, 0xff, 0xff, 0xff, 0xff,
  0xff, 0xff, 0xff, 0xff, 0xff, 0xff, 0xff, 0xff, 0xff, 0xff, 0xff, 0xff, 0xff, 0xff, 0xff, 0xff,
  0xff, 0xff, 0xff, 0xff, 0xff, 0xff, 0xff, 0xff, 0xff, 0xff, 0xff, 0xff, 0xff, 0xff, 0xff, 0xff,
  0xff, 0xff, 0xff, 0xff, 0xff, 0xff, 0xff, 0xff, 0xff, 0xff, 0xff, 0xff, 0xff, 0xff, 0xff, 0xff,
  0xff, 0xff, 0xff, 0xff, 0xff, 0xff, 0xff, 0xff, 0xff, 0xff, 0xff, 0xff, 0xff, 0xff, 0xff, 0xff,
  0xff, 0xff, 0xff, 0xff, 0xff, 0xff, 0xff, 0xff, 0xff, 0xff, 0xff, 0xff, 0xff, 0xff, 0xff, 0xff,
  0xff, 0xff, 0xff, 0xff, 0xff, 0xff, 0xff, 0xff, 0xff, 0xff, 0xff, 0xff, 0xff, 0xff, 0xff, 0xff,
  0xff, 0xff, 0xff, 0xff, 0xff, 0xff, 0xff, 0xff, 0xff, 0xff, 0xff, 0xff, 0xff, 0xff, 0xff, 0xff,
  0xff, 0xff, 0xff, 0xff, 0xff, 0xff, 0xff, 0xff, 0xff, 0xff, 0xff, 0xff, 0xff, 0xff, 0xff, 0xff,
  0xff, 0xff, 0xff, 0xff, 0xff, 0xff, 0xff, 0xff, 0xff, 0xff, 0xff, 0xff, 0xff, 0xff, 0xff, 0xff,
  0xff, 0xff, 0xff, 0xff, 0xff, 0xff, 0xff, 0xff, 0xff, 0xff, 0xff, 0xff, 0xff, 0xff, 0xff, 0xff,
  0xff, 0xff, 0xff, 0xff, 0xff, 0xff, 0xff, 0xff, 0xff, 0xff, 0xff, 0xff, 0xff, 0xff, 0xff, 0xff,
  0xff, 0xff, 0xff, 0xff, 0xff, 0xff, 0xff, 0xff, 0xff, 0xff, 0xff, 0xff, 0xff, 0xff, 0xff, 0xff,
  0xff, 0xff, 0xff, 0xff, 0xff, 0xff, 0xff, 0xff, 0xff, 0xff, 0xff, 0xff, 0xff, 0xff, 0xff, 0xff,
  0xff, 0xff, 0xff, 0xff, 0xff, 0xff, 0xff, 0xff, 0xff, 0xff, 0xff, 0xff, 0xff, 0xff, 0xff, 0xff,
  0xff, 0xff, 0xff, 0xff, 0xff, 0xff, 0xff, 0xff, 0xff, 0xff, 0xff, 0xff, 0xff, 0xff, 0xff, 0xff,
  0xff, 0xff, 0xff, 0xff, 0xff, 0xff, 0xff, 0xff, 0xff, 0xff, 0xff, 0xff, 0xff, 0xff, 0xff, 0xff,
  0xff, 0xff, 0xff, 0xff, 0xff, 0xff, 0xff, 0xff, 0xff, 0xff, 0xff, 0xff, 0xff, 0xff, 0xff, 0xff,
  0xff, 0xff, 0xff, 0xff, 0xff, 0xff, 0xff, 0xff, 0xff, 0xff, 0xff, 0xff, 0xff, 0xff, 0xff, 0xff,
  0xff, 0xff, 0xff, 0xff, 0xff, 0xff, 0xff, 0xff, 0xff, 0xff, 0xff, 0xff, 0xff, 0xff, 0xff, 0xff,
  0xff, 0xff, 0xff, 0xff, 0xff, 0xff, 0xff, 0xff, 0xff, 0xff, 0xff, 0xff, 0xff, 0xff, 0xff, 0xff,
  0xff, 0xff, 0xff, 0xff, 0xff, 0xff, 0xff, 0xff, 0xff, 0xff, 0xff, 0xff, 0xff, 0xff, 0xff, 0xff,
  0xff, 0xff, 0xff, 0xff, 0xff, 0xff, 0xff, 0xff, 0xff, 0xff, 0xff, 0xff, 0xff, 0xff, 0xff, 0xff,
  0xff, 0xff, 0xff, 0xff, 0xff, 0xff, 0xff, 0xff, 0xff, 0xff, 0xff, 0xff, 0xff, 0xff, 0xff, 0xff,
  0xff, 0xff, 0xff, 0xff, 0xff, 0xff, 0xff, 0xff, 0xff, 0xff, 0xff, 0xff, 0xff, 0xff, 0xff, 0xff,
  0xff, 0xff, 0xff, 0xff, 0xff, 0xff, 0xff, 0xff, 0xff, 0xff, 0xff, 0xff, 0xff, 0xff, 0xff, 0xff,
  0xff, 0xff, 0xff, 0xff, 0xff, 0xff, 0xff, 0xff, 0xff, 0xff, 0xff, 0xff, 0xff, 0xff, 0xff, 0xff,
  0xff, 0xff, 0xff, 0xff, 0xff, 0xff, 0xff, 0xff, 0xff, 0xff, 0xff, 0xff, 0xff, 0xff, 0xff, 0xff,
  0xff, 0xff, 0xff, 0xff, 0xff, 0xff, 0xff, 0xff, 0xff, 0xff, 0xff, 0xff, 0xff, 0xff, 0xff, 0xff,
  0xff, 0xff, 0xff, 0xff, 0xff, 0xff, 0xff, 0xff, 0xff, 0xff, 0xff, 0xff, 0xff, 0xff, 0xff, 0xff,
  0xff, 0xff, 0xff, 0xff, 0xff, 0xff, 0xff, 0xff, 0xff, 0xff, 0xff, 0xff, 0xff, 0xff, 0xff, 0xff,
  0xff, 0xff, 0xff, 0xff, 0xff, 0xff, 0xff, 0xff, 0xff, 0xff, 0xff, 0xff, 0xff, 0xff, 0xff, 0xff,
  0xff, 0xff, 0xff, 0xff, 0xff, 0xff, 0xff, 0xff, 0xff, 0xff, 0xff, 0xff, 0xff, 0xff, 0xff, 0xff,
  0xff, 0xff, 0xff, 0xff, 0xff, 0xff, 0xff, 0xff, 0xff, 0xff, 0xff, 0xff, 0xff, 0xff, 0xff, 0xff,
  0xff, 0xff, 0xff, 0xff, 0xff, 0xff, 0xff, 0xff, 0xff, 0xff, 0xff, 0xff, 0xff, 0xff, 0xff, 0xff,
  0xff, 0xff, 0xff, 0xff, 0xff, 0xff, 0xff, 0xff, 0xff, 0xff, 0xff, 0xff, 0xff, 0xff, 0xff, 0xff,
  0xff, 0xff, 0xff, 0xff, 0xff, 0xff, 0xff, 0xff, 0xff, 0xff, 0xff, 0xff, 0xff, 0xff, 0xff, 0xff,
  0xff, 0xff, 0xff, 0xff, 0xff, 0xff, 0xff, 0xff, 0xff, 0xff, 0xff, 0xff, 0xff, 0xff, 0xff, 0xff,
  0xff, 0xff, 0xff, 0xff, 0xff, 0xff, 0xff, 0xff, 0xff, 0xff, 0xff, 0xff, 0xff, 0xff, 0xff, 0xff,
  0xff, 0xff, 0xff, 0xff, 0xff, 0xff, 0xff, 0xff, 0xff, 0xff, 0xff, 0xff, 0xff, 0xff, 0xff, 0xff,
  0xff, 0xff, 0xff, 0xff, 0xff, 0xff, 0xff, 0xff, 0xff, 0xff, 0xff, 0xff, 0xff, 0xff, 0xff, 0xff,
  0xff, 0xff, 0xff, 0xff, 0xff, 0xff, 0xff, 0xff, 0xff, 0xff, 0xff, 0xff, 0xff, 0xff, 0xff, 0xff,
  0xff, 0xff, 0xff, 0xff, 0xff, 0xff, 0xff, 0xff, 0xff, 0xff, 0xff, 0xff, 0xff, 0xff, 0xff, 0xff,
  0xff, 0xff, 0xff, 0xff, 0xff, 0xff, 0xff, 0xff, 0xff, 0xff, 0xff, 0xff, 0xff, 0xff, 0xff, 0xff,
  0xff, 0xff, 0xff, 0xff, 0xff, 0xff, 0xff, 0xff, 0xff, 0xff, 0xff, 0xff, 0xff, 0xff, 0xff, 0xff,
  0xff, 0xff, 0xff, 0xff, 0xff, 0xff, 0xff, 0xff, 0xff, 0xff, 0xff, 0xff, 0xff, 0xff, 0xff, 0xff,
  0xff, 0xff, 0xff, 0xff, 0xff, 0xff, 0xff, 0xff, 0xff, 0xff, 0xff, 0xff, 0xff, 0xff, 0xff, 0xff,
  0xff, 0xff, 0xff, 0xff, 0xff, 0xff, 0xff, 0xff, 0xff, 0xff, 0xff, 0xff, 0xff, 0xff, 0xff, 0xff,
  0xff, 0xff, 0xff, 0xff, 0xff, 0xff, 0xff, 0xff, 0xff, 0xff, 0xff, 0xff, 0xff, 0xff, 0xff, 0xff,
  0xff, 0xff, 0xff, 0xff, 0xff, 0xff, 0xff, 0xff, 0xff, 0xff, 0xff, 0xff, 0xff, 0xff, 0xff, 0xff,
  0xff, 0xff, 0xff, 0xff, 0xff, 0xff, 0xff, 0xff, 0xff, 0xff, 0xff, 0xff, 0xff, 0xff, 0xff, 0xff,
  0xdd, 0xde, 0x5f, 0xef, 0xff, 0xff, 0xff, 0xff, 0xff, 0xff, 0xff, 0xff, 0xff, 0xff, 0xff, 0xff,
  0xff, 0xff, 0xff, 0xff, 0xff, 0xff, 0xff, 0xff, 0xff, 0xff, 0xff, 0xff, 0xff, 0xff, 0xff, 0xff,
  0xff, 0xff, 0xff, 0xff, 0xff, 0xff, 0xff, 0xff, 0xff, 0xff, 0xff, 0xff, 0xff, 0xff, 0xff, 0xff,
  0xff, 0xff, 0xff, 0xff, 0xff, 0xff, 0xff, 0xff, 0xff, 0xff, 0xff, 0xff, 0xff, 0xff, 0xff, 0xff,
  0xff, 0xff, 0xff, 0xff, 0xff, 0xff, 0xff, 0xff, 0xff, 0xff, 0xff, 0xff, 0xff, 0xff, 0xff, 0xff,
  0xff, 0xff, 0xff, 0xff, 0xff, 0xff, 0xff, 0xff, 0xff, 0xff, 0xff, 0xff, 0xff, 0xff, 0xff, 0xff,
  0xff, 0xff, 0xff, 0xff, 0xff, 0xff, 0xff, 0xff, 0xff, 0xff, 0xff, 0xff, 0xff, 0xff, 0xff, 0xff,
  0xff, 0xff, 0xff, 0xff, 0xff, 0xff, 0xff, 0xff, 0xff, 0xff, 0xff, 0xff, 0xff, 0xff, 0xff, 0xff,
  0xff, 0xff, 0xff, 0xff, 0xff, 0xff, 0xff, 0xff, 0xff, 0xff, 0xff, 0xff, 0xff, 0xff, 0xff, 0xff,
  0xff, 0xff, 0xff, 0xff, 0xff, 0xff, 0xff, 0xff, 0xff, 0xff, 0xff, 0xff, 0xff, 0xff, 0xff, 0xff,
  0xff, 0xff, 0xff, 0xff, 0xff, 0xff, 0xff, 0xff, 0xff, 0xff, 0xff, 0xff, 0xff, 0xff, 0xff, 0xff,
  0xff, 0xff, 0xff, 0xff, 0xff, 0xff, 0xff, 0xff, 0xff, 0xff, 0xff, 0xff, 0xff, 0xff, 0xff, 0xff,
  0xff, 0xff, 0xff, 0xff, 0xff, 0xff, 0xff, 0xff, 0xff, 0xff, 0xff, 0xff, 0xff, 0xff, 0xff, 0xff,
  0xff, 0xff, 0xff, 0xff, 0xff, 0xff, 0x2f, 0x6b, 0x0f, 0x63, 0x3e, 0xef, 0xff, 0xff, 0xff, 0xff,
  0xff, 0xff, 0xff, 0xff, 0xff, 0xff, 0xff, 0xff, 0xff, 0xff, 0xff, 0xff, 0xff, 0xff, 0xff, 0xff,
  0xff, 0xff, 0xff, 0xff, 0xff, 0xff, 0xff, 0xff, 0xff, 0xff, 0xff, 0xff, 0xff, 0xff, 0xff, 0xff,
  0xff, 0xff, 0xff, 0xff, 0xff, 0xff, 0xff, 0xff, 0xff, 0xff, 0xff, 0xff, 0xff, 0xff, 0xff, 0xff,
  0xff, 0xff, 0xff, 0xff, 0xff, 0xff, 0xff, 0xff, 0xff, 0xff, 0xff, 0xff, 0xff, 0xff, 0xff, 0xff,
  0xff, 0xff, 0xff, 0xff, 0xff, 0xff, 0xff, 0xff, 0xff, 0xff, 0xff, 0xff, 0xff, 0xff, 0xff, 0xff,
  0xff, 0xff, 0xff, 0xff, 0xff, 0xff, 0xff, 0xff, 0xff, 0xff, 0xff, 0xff, 0xff, 0xff, 0xff, 0xff,
  0xff, 0xff, 0xff, 0xff, 0xff, 0xff, 0xff, 0xff, 0xff, 0xff, 0xff, 0xff, 0xff, 0xff, 0xff, 0xff,
  0xff, 0xff, 0xff, 0xff, 0xff, 0xff, 0xff, 0xff, 0xff, 0xff, 0xff, 0xff, 0xff, 0xff, 0xff, 0xff,
  0xff, 0xff, 0xff, 0xff, 0xff, 0xff, 0xff, 0xff, 0xff, 0xff, 0xff, 0xff, 0xff, 0xff, 0xff, 0xff,
  0xff, 0xff, 0xff, 0xff, 0xff, 0xff, 0xff, 0xff, 0xff, 0xff, 0xff, 0xff, 0xff, 0xff, 0xff, 0xff,
  0xff, 0xff, 0xff, 0xff, 0xff, 0xff, 0xff, 0xff, 0xff, 0xff, 0xff, 0xff, 0xff, 0xff, 0xff, 0xff,
  0xff, 0xff, 0xff, 0xff, 0xff, 0xff, 0xff, 0xff, 0xff, 0xff, 0xff, 0xff, 0xff, 0xff, 0xff, 0xff,
  0xff, 0xff, 0xff, 0xff, 0xff, 0xff, 0xff, 0xff, 0xff, 0xff, 0xff, 0xff, 0x30, 0x6b, 0xaf, 0x52,
  0xd6, 0x9c, 0xbf, 0xf7, 0xff, 0xff, 0xff, 0xff, 0xdf, 0xff, 0xff, 0xff, 0xff, 0xff, 0xff, 0xff,
  0xff, 0xff, 0xff, 0xff, 0xff, 0xff, 0xff, 0xff, 0xff, 0xff, 0xff, 0xff, 0xff, 0xff, 0xff, 0xff,
  0xff, 0xff, 0xff, 0xff, 0xff, 0xff, 0xff, 0xff, 0xff, 0xff, 0xff, 0xff, 0xff, 0xff, 0xff, 0xff,
  0xff, 0xff, 0xff, 0xff, 0xff, 0xff, 0xff, 0xff, 0xff, 0xff, 0xff, 0xff, 0xff, 0xff, 0xff, 0xff,
  0xff, 0xff, 0xff, 0xff, 0xff, 0xff, 0xff, 0xff, 0xff, 0xff, 0xff, 0xff, 0xff, 0xff, 0xff, 0xff,
  0xff, 0xff, 0xff, 0xff, 0xff, 0xff, 0xff, 0xff, 0xff, 0xff, 0xff, 0xff, 0xff, 0xff, 0xff, 0xff,
  0xff, 0xff, 0xff, 0xff, 0xff, 0xff, 0xff, 0xff, 0xff, 0xff, 0xff, 0xff, 0xff, 0xff, 0xff, 0xff,
  0xff, 0xff, 0xff, 0xff, 0xff, 0xff, 0xff, 0xff, 0xff, 0xff, 0xff, 0xff, 0xff, 0xff, 0xff, 0xff,
  0xff, 0xff, 0xff, 0xff, 0xff, 0xff, 0xff, 0xff, 0xff, 0xff, 0xff, 0xff, 0xff, 0xff, 0xff, 0xff,
  0xff, 0xff, 0xff, 0xff, 0xff, 0xff, 0xff, 0xff, 0xff, 0xff, 0xff, 0xff, 0xff, 0xff, 0xff, 0xff,
  0xff, 0xff, 0xff, 0xff, 0xff, 0xff, 0xff, 0xff, 0xff, 0xff, 0xff, 0xff, 0xff, 0xff, 0xff, 0xff,
  0xff, 0xff, 0xff, 0xff, 0xff, 0xff, 0xff, 0xff, 0xff, 0xff, 0xff, 0xff, 0xff, 0xff, 0xff, 0xff,
  0xff, 0xff, 0xff, 0xff, 0xff, 0xff, 0xff, 0xff, 0xff, 0xff, 0xff, 0xff, 0xff, 0xff, 0xff, 0xff,
  0xbf, 0xf7, 0xef, 0x62, 0xdb, 0xbd, 0x2c, 0x4a, 0x1e, 0xe7, 0xff, 0xff, 0x3d, 0xe7, 0x5a, 0xce,
  0xdf, 0xff, 0xff, 0xff, 0xff, 0xff, 0xff, 0xff, 0xff, 0xff, 0xff, 0xff, 0xff, 0xff, 0xff, 0xff,
  0xff, 0xff, 0xff, 0xff, 0xff, 0xff, 0xff, 0xff, 0xff, 0xff, 0xff, 0xff, 0xff, 0xff, 0xff, 0xff,
  0xff, 0xff, 0xff, 0xff, 0xff, 0xff, 0xff, 0xff, 0xff, 0xff, 0xff, 0xff, 0xff, 0xff, 0xff, 0xff,
  0xff, 0xff, 0xff, 0xff, 0xff, 0xff, 0xff, 0xff, 0xff, 0xff, 0xff, 0xff, 0xff, 0xff, 0xff, 0xff,
  0xff, 0xff, 0xff, 0xff, 0xff, 0xff, 0xff, 0xff, 0xff, 0xff, 0xff, 0xff, 0xff, 0xff, 0xff, 0xff,
  0xff, 0xff, 0xff, 0xff, 0xff, 0xff, 0xff, 0xff, 0xff, 0xff, 0xff, 0xff, 0xff, 0xff, 0xff, 0xff,
  0xff, 0xff, 0xff, 0xff, 0xff, 0xff, 0xff, 0xff, 0xff, 0xff, 0xff, 0xff, 0xff, 0xff, 0xff, 0xff,
  0xff, 0xff, 0xff, 0xff, 0xff, 0xff, 0xff, 0xff, 0xff, 0xff, 0xff, 0xff, 0xff, 0xff, 0xff, 0xff,
  0xff, 0xff, 0xff, 0xff, 0xff, 0xff, 0xff, 0xff, 0xff, 0xff, 0xff, 0xff, 0xff, 0xff, 0xff, 0xff,
  0xff, 0xff, 0xff, 0xff, 0xff, 0xff, 0xff, 0xff, 0xff, 0xff, 0xff, 0xff, 0xff, 0xff, 0xff, 0xff,
  0xff, 0xff, 0xff, 0xff, 0xff, 0xff, 0xff, 0xff, 0xff, 0xff, 0xff, 0xff, 0xff, 0xff, 0xff, 0xff,
  0xff, 0xff, 0xff, 0xff, 0xff, 0xff, 0xff, 0xff, 0xff, 0xff, 0xff, 0xff, 0xff, 0xff, 0xff, 0xff,
  0xff, 0xff, 0xff, 0xff, 0xff, 0xff, 0xb8, 0xb5, 0x13, 0x84, 0x7f, 0xef, 0x34, 0x8c, 0xb5, 0x9c,
  0xbf, 0xf7, 0x1a, 0xc6, 0x69, 0x29, 0x9d, 0xd6, 0xff, 0xff, 0xff, 0xff, 0xff, 0xff, 0xff, 0xff,
  0xff, 0xff, 0xff, 0xff, 0xff, 0xff, 0xff, 0xff, 0xff, 0xff, 0xff, 0xff, 0xff, 0xff, 0xff, 0xff,
  0xff, 0xff, 0xff, 0xff, 0xff, 0xff, 0xff, 0xff, 0xff, 0xff, 0xff, 0xff, 0xff, 0xff, 0xff, 0xff,
  0xff, 0xff, 0xff, 0xff, 0xff, 0xff, 0xff, 0xff, 0xff, 0xff, 0xff, 0xff, 0xff, 0xff, 0xff, 0xff,
  0xff, 0xff, 0xff, 0xff, 0xff, 0xff, 0xff, 0xff, 0xff, 0xff, 0xff, 0xff, 0xff, 0xff, 0xff, 0xff,
  0xff, 0xff, 0xff, 0xff, 0xff, 0xff, 0xff, 0xff, 0xff, 0xff, 0xff, 0xff, 0xff, 0xff, 0xff, 0xff,
  0xff, 0xff, 0xff, 0xff, 0xff, 0xff, 0xff, 0xff, 0xff, 0xff, 0xff, 0xff, 0xff, 0xff, 0xff, 0xff,
  0xff, 0xff, 0xff, 0xff, 0xff, 0xff, 0xff, 0xff, 0xff, 0xff, 0xff, 0xff, 0xff, 0xff, 0xff, 0xff,
  0xff, 0xff, 0xff, 0xff, 0xff, 0xff, 0xff, 0xff, 0xff, 0xff, 0xff, 0xff, 0xff, 0xff, 0xff, 0xff,
  0xff, 0xff, 0xff, 0xff, 0xff, 0xff, 0xff, 0xff, 0xff, 0xff, 0xff, 0xff, 0xff, 0xff, 0xff, 0xff,
  0xff, 0xff, 0xff, 0xff, 0xff, 0xff, 0xff, 0xff, 0xff, 0xff, 0xff, 0xff, 0xff, 0xff, 0xff, 0xff,
  0xff, 0xff, 0xff, 0xff, 0xff, 0xff, 0xff, 0xff, 0xff, 0xff, 0xff, 0xff, 0xff, 0xff, 0xff, 0xff,
  0xff, 0xff, 0xff, 0xff, 0xff, 0xff, 0xff, 0xff, 0xff, 0xff, 0x9f, 0xf7, 0x70, 0x6b, 0xbc, 0xd6,
  0xdf, 0xff, 0x3b, 0xce, 0x0f, 0x63, 0x7f, 0xf7, 0xdd, 0xde, 0xab, 0x31, 0x6e, 0x52, 0x3f, 0xe7,
  0xff, 0xff, 0xff, 0xff, 0xff, 0xff, 0xff, 0xff, 0xff, 0xff, 0xff, 0xff, 0xff, 0xff, 0xff, 0xff,
  0xff, 0xff, 0xff, 0xff, 0xff, 0xff, 0xff, 0xff, 0xff, 0xff, 0xff, 0xff, 0xff, 0xff, 0xff, 0xff,
  0xff, 0xff, 0xff, 0xff, 0xff, 0xff, 0xff, 0xff, 0xff, 0xff, 0xff, 0xff, 0xff, 0xff, 0xff, 0xff,
  0xff, 0xff, 0xff, 0xff, 0xff, 0xff, 0xff, 0xff, 0xff, 0xff, 0xff, 0xff, 0xff, 0xff, 0xff, 0xff,
  0xff, 0xff, 0xff, 0xff, 0xff, 0xff, 0xff, 0xff, 0xff, 0xff, 0xff, 0xff, 0xff, 0xff, 0xff, 0xff,
  0xff, 0xff, 0xff, 0xff, 0xff, 0xff, 0xff, 0xff, 0xff, 0xff, 0xff, 0xff, 0xff, 0xff, 0xff, 0xff,
  0xff, 0xff, 0xff, 0xff, 0xff, 0xff, 0xff, 0xff, 0xff, 0xff, 0xff, 0xff, 0xff, 0xff, 0xff, 0xff,
  0xff, 0xff, 0xff, 0xff, 0xff, 0xff, 0xff, 0xff, 0xff, 0xff, 0xff, 0xff, 0xff, 0xff, 0xff, 0xff,
  0xff, 0xff, 0xff, 0xff, 0xff, 0xff, 0xff, 0xff, 0xff, 0xff, 0xff, 0xff, 0xff, 0xff, 0xff, 0xff,
  0xff, 0xff, 0xff, 0xff, 0xff, 0xff, 0xff, 0xff, 0xff, 0xff, 0xff, 0xff, 0xff, 0xff, 0xff, 0xff,
  0xff, 0xff, 0xff, 0xff, 0xff, 0xff, 0xff, 0xff, 0xff, 0xff, 0xff, 0xff, 0xff, 0xff, 0xff, 0xff,
  0xff, 0xff, 0xff, 0xff, 0xff, 0xff, 0xff, 0xff, 0xff, 0xff, 0xff, 0xff, 0xff, 0xff, 0xdf, 0xff,
  0xf6, 0xa4, 0x74, 0x8c, 0x7f, 0xf7, 0xff, 0xff, 0xfe, 0xe6, 0x8d, 0x52, 0xfd, 0xde, 0xbf, 0xff,
  0xef, 0x62, 0x14, 0x84, 0x91, 0x73, 0x7f, 0xf7, 0xff, 0xff, 0xff, 0xff, 0xff, 0xff, 0xff, 0xff,
  0xff, 0xff, 0xff, 0xff, 0xff, 0xff, 0xff, 0xff, 0xff, 0xff, 0xff, 0xff, 0xff, 0xff, 0xff, 0xff,
  0xff, 0xff, 0xff, 0xff, 0xff, 0xff, 0xff, 0xff, 0xff, 0xff, 0xff, 0xff, 0xff, 0xff, 0xff, 0xff,
  0xff, 0xff, 0xff, 0xff, 0xff, 0xff, 0xff, 0xff, 0xff, 0xff, 0xff, 0xff, 0xff, 0xff, 0xff, 0xff,
  0xff, 0xff, 0xff, 0xff, 0xff, 0xff, 0xff, 0xff, 0xff, 0xff, 0xff, 0xff, 0xff, 0xff, 0xff, 0xff,
  0xff, 0xff, 0xff, 0xff, 0xff, 0xff, 0xff, 0xff, 0xff, 0xff, 0xff, 0xff, 0xff, 0xff, 0xff, 0xff,
  0xff, 0xff, 0xff, 0xff, 0xff, 0xff, 0xff, 0xff, 0xff, 0xff, 0xff, 0xff, 0xff, 0xff, 0xff, 0xff,
  0xff, 0xff, 0xff, 0xff, 0xff, 0xff, 0xff, 0xff, 0xff, 0xff, 0xff, 0xff, 0xff, 0xff, 0xff, 0xff,
  0xff, 0xff, 0xff, 0xff, 0xff, 0xff, 0xff, 0xff, 0xff, 0xff, 0xff, 0xff, 0xff, 0xff, 0xff, 0xff,
  0xff, 0xff, 0xff, 0xff, 0xff, 0xff, 0xff, 0xff, 0xff, 0xff, 0xff, 0xff, 0xff, 0xff, 0xff, 0xff,
  0xff, 0xff, 0xff, 0xff, 0xff, 0xff, 0xff, 0xff, 0xff, 0xff, 0xff, 0xff, 0xff, 0xff, 0xff, 0xff,
  0xff, 0xff, 0xff, 0xff, 0xff, 0xff, 0xff, 0xff, 0xff, 0xff, 0xff, 0xff, 0xff, 0xff, 0xff, 0xff,
  0xff, 0xff, 0xdf, 0xff, 0x3a, 0xc6, 0x50, 0x6b, 0xfe, 0xde, 0xdf, 0xff, 0xff, 0xff, 0x3e, 0xe7,
  0xf2, 0x7b, 0xb9, 0xbd, 0xbd, 0xde, 0x71, 0x73, 0x5f, 0xef, 0xef, 0x5a, 0xb5, 0x9c, 0xbf, 0xf7,
  0xff, 0xff, 0xff, 0xff, 0xff, 0xff, 0xff, 0xff, 0xff, 0xff, 0xff, 0xff, 0xff, 0xff, 0xff, 0xff,
  0xff, 0xff, 0xff, 0xff, 0xff, 0xff, 0xff, 0xff, 0xff, 0xff, 0xff, 0xff, 0xff, 0xff, 0xff, 0xff,
  0xff, 0xff, 0xff, 0xff, 0xff, 0xff, 0xff, 0xff, 0xff, 0xff, 0xff, 0xff, 0xff, 0xff, 0xff, 0xff,
  0xff, 0xff, 0xff, 0xff, 0xff, 0xff, 0xff, 0xff, 0xff, 0xff, 0xff, 0xff, 0xff, 0xff, 0xff, 0xff,
  0xff, 0xff, 0xff, 0xff, 0xff, 0xff, 0xff, 0xff, 0xff, 0xff, 0xff, 0xff, 0xff, 0xff, 0xff, 0xff,
  0xff, 0xff, 0xff, 0xff, 0xff, 0xff, 0xff, 0xff, 0xff, 0xff, 0xff, 0xff, 0xff, 0xff, 0xff, 0xff,
  0xff, 0xff, 0xff, 0xff, 0xff, 0xff, 0xff, 0xff, 0xff, 0xff, 0xff, 0xff, 0xff, 0xff, 0xff, 0xff,
  0xff, 0xff, 0xff, 0xff, 0xff, 0xff, 0xff, 0xff, 0xff, 0xff, 0xff, 0xff, 0xff, 0xff, 0xff, 0xff,
  0xff, 0xff, 0xff, 0xff, 0xff, 0xff, 0xff, 0xff, 0xff, 0xff, 0xff, 0xff, 0xff, 0xff, 0xff, 0xff,
  0xff, 0xff, 0xff, 0xff, 0xff, 0xff, 0xff, 0xff, 0xff, 0xff, 0xff, 0xff, 0xff, 0xff, 0xff, 0xff,
  0xff, 0xff, 0xff, 0xff, 0xff, 0xff, 0xff, 0xff, 0xff, 0xff, 0xff, 0xff, 0xff, 0xff, 0xff, 0xff,
  0xff, 0xff, 0xff, 0xff, 0xff, 0xff, 0x7f, 0xf7, 0x3b, 0xc6, 0xee, 0x62, 0x3a, 0xc6, 0xdf, 0xff,
  0xff, 0xff, 0xff, 0xff, 0x3e, 0xef, 0xb5, 0x94, 0xb6, 0x9c, 0xb6, 0x9c, 0x37, 0xa5, 0xdf, 0xff,
  0xbd, 0xd6, 0x8c, 0x52, 0x78, 0xad, 0xbf, 0xff, 0xff, 0xff, 0xff, 0xff, 0xff, 0xff, 0xff, 0xff,
  0xff, 0xff, 0xff, 0xff, 0xff, 0xff, 0xff, 0xff, 0xff, 0xff, 0xff, 0xff, 0xff, 0xff, 0xff, 0xff,
  0xff, 0xff, 0xff, 0xff, 0xff, 0xff, 0xff, 0xff, 0xff, 0xff, 0xff, 0xff, 0xff, 0xff, 0xff, 0xff,
  0xff, 0xff, 0xff, 0xff, 0xff, 0xff, 0xff, 0xff, 0xff, 0xff, 0xff, 0xff, 0xff, 0xff, 0xff, 0xff,
  0xff, 0xff, 0xff, 0xff, 0xff, 0xff, 0xff, 0xff, 0xff, 0xff, 0xff, 0xff, 0xff, 0xff, 0xff, 0xff,
  0xff, 0xff, 0xff, 0xff, 0xff, 0xff, 0xff, 0xff, 0xff, 0xff, 0xff, 0xff, 0xff, 0xff, 0xff, 0xff,
  0xff, 0xff, 0xff, 0xff, 0xff, 0xff, 0xff, 0xff, 0xff, 0xff, 0xff, 0xff, 0xff, 0xff, 0xff, 0xff,
  0xff, 0xff, 0xff, 0xff, 0xff, 0xff, 0xff, 0xff, 0xff, 0xff, 0xff, 0xff, 0xff, 0xff, 0xff, 0xff,
  0xff, 0xff, 0xff, 0xff, 0xff, 0xff, 0xff, 0xff, 0xff, 0xff, 0xff, 0xff, 0xff, 0xff, 0xff, 0xff,
  0xff, 0xff, 0xff, 0xff, 0xff, 0xff, 0xff, 0xff, 0xff, 0xff, 0xff, 0xff, 0xff, 0xff, 0xff, 0xff,
  0xff, 0xff, 0xff, 0xff, 0xff, 0xff, 0xff, 0xff, 0xff, 0xff, 0xff, 0xff, 0xff, 0xff, 0xff, 0xff,
  0xff, 0xff, 0xff, 0xff, 0xff, 0xff, 0xbf, 0xf7, 0x5e, 0xef, 0xdc, 0xde, 0xd5, 0x9c, 0x50, 0x6b,
  0x3b, 0xc6, 0xdf, 0xff, 0xff, 0xff, 0xff, 0xff, 0xff, 0xff, 0x3d, 0xe7, 0x36, 0xa5, 0xf3, 0x83,
  0x2d, 0x4a, 0xdd, 0xde, 0xff, 0xff, 0xff, 0xff, 0x19, 0xc6, 0x4b, 0x4a, 0xd9, 0xbd, 0xbf, 0xff,
  0xff, 0xff, 0xff, 0xff, 0xff, 0xff, 0xff, 0xff, 0xff, 0xff, 0xff, 0xff, 0xff, 0xff, 0xff, 0xff,
  0xff, 0xff, 0xff, 0xff, 0xff, 0xff, 0xff, 0xff, 0xff, 0xff, 0xff, 0xff, 0xff, 0xff, 0xff, 0xff,
  0xff, 0xff, 0xff, 0xff, 0xff, 0xff, 0xff, 0xff, 0xff, 0xff, 0xff, 0xff, 0xff, 0xff, 0xff, 0xff,
  0xff, 0xff, 0xff, 0xff, 0xff, 0xff, 0xff, 0xff, 0xff, 0xff, 0xff, 0xff, 0xff, 0xff, 0xff, 0xff,
  0xff, 0xff, 0xff, 0xff, 0xff, 0xff, 0xff, 0xff, 0xff, 0xff, 0xff, 0xff, 0xff, 0xff, 0xff, 0xff,
  0xff, 0xff, 0xff, 0xff, 0xff, 0xff, 0xff, 0xff, 0xff, 0xff, 0xff, 0xff, 0xff, 0xff, 0xff, 0xff,
  0xff, 0xff, 0xff, 0xff, 0xff, 0xff, 0xff, 0xff, 0xff, 0xff, 0xff, 0xff, 0xff, 0xff, 0xff, 0xff,
  0xff, 0xff, 0xff, 0xff, 0xff, 0xff, 0xff, 0xff, 0xff, 0xff, 0xff, 0xff, 0xff, 0xff, 0xff, 0xff,
  0xff, 0xff, 0xff, 0xff, 0xff, 0xff, 0xff, 0xff, 0xff, 0xff, 0xff, 0xff, 0xff, 0xff, 0xff, 0xff,
  0xff, 0xff, 0xff, 0xff, 0xff, 0xff, 0xff, 0xff, 0xff, 0xff, 0xff, 0xff, 0xff, 0xff, 0xff, 0xff,
  0xbf, 0xf7, 0x7f, 0xef, 0x3e, 0xe7, 0x1e, 0xe7, 0xfe, 0xe6, 0xbd, 0xde, 0xb9, 0xbd, 0x33, 0x84,
  0x4f, 0x6b, 0xb4, 0x94, 0x7f, 0xef, 0xff, 0xff, 0xff, 0xff, 0xff, 0xff, 0xff, 0xff, 0xff, 0xff,
  0xdc, 0xde, 0x56, 0xad, 0x0b, 0x42, 0xb6, 0x9c, 0xbf, 0xff, 0xff, 0xff, 0xff, 0xff, 0x9f, 0xf7,
  0x98, 0xb5, 0x2b, 0x42, 0xd9, 0xbd, 0x7f, 0xf7, 0xff, 0xff, 0xff, 0xff, 0xff, 0xff, 0xff, 0xff,
  0xff, 0xff, 0xff, 0xff, 0xff, 0xff, 0xff, 0xff, 0xff, 0xff, 0xff, 0xff, 0xff, 0xff, 0xff, 0xff,
  0xff, 0xff, 0xff, 0xff, 0xff, 0xff, 0xff, 0xff, 0xff, 0xff, 0xff, 0xff, 0xff, 0xff, 0xff, 0xff,
  0xff, 0xff, 0xff, 0xff, 0xff, 0xff, 0xff, 0xff, 0xff, 0xff, 0xff, 0xff, 0xff, 0xff, 0xff, 0xff,
  0xff, 0xff, 0xff, 0xff, 0xff, 0xff, 0xff, 0xff, 0xff, 0xff, 0xff, 0xff, 0xff, 0xff, 0xff, 0xff,
  0xff, 0xff, 0xff, 0xff, 0xff, 0xff, 0xff, 0xff, 0xff, 0xff, 0xff, 0xff, 0xff, 0xff, 0xff, 0xff,
  0xff, 0xff, 0xff, 0xff, 0xff, 0xff, 0xff, 0xff, 0xff, 0xff, 0xff, 0xff, 0xff, 0xff, 0xff, 0xff,
  0xff, 0xff, 0xff, 0xff, 0xff, 0xff, 0xff, 0xff, 0xff, 0xff, 0xff, 0xff, 0xff, 0xff, 0xff, 0xff,
  0xff, 0xff, 0xff, 0xff, 0xff, 0xff, 0xff, 0xff, 0xff, 0xff, 0xff, 0xff, 0xff, 0xff, 0xff, 0xff,
  0xff, 0xff, 0xff, 0xff, 0xff, 0xff, 0xff, 0xff, 0xff, 0xff, 0xff, 0xff, 0xff, 0xff, 0xff, 0xff,
  0xbf, 0xf7, 0x3e, 0xef, 0xbc, 0xde, 0xb8, 0xbd, 0xd5, 0x9c, 0xb1, 0x7b, 0x70, 0x73, 0xee, 0x62,
  0x50, 0x6b, 0xb5, 0x94, 0xda, 0xbd, 0x9f, 0xf7, 0xff, 0xff, 0xff, 0xff, 0xff, 0xff, 0xff, 0xff,
  0xff, 0xff, 0xff, 0xff, 0xff, 0xff, 0x9a, 0xd6, 0x5a, 0xce, 0x16, 0xa5, 0xbf, 0xf7, 0xff, 0xff,
  0xff, 0xff, 0xff, 0xff, 0xff, 0xff, 0x3e, 0xe7, 0x77, 0xb5, 0x8c, 0x52, 0xb5, 0x9c, 0x9f, 0xf7,
  0xff, 0xff, 0xff, 0xff, 0xff, 0xff, 0xff, 0xff, 0xff, 0xff, 0xff, 0xff, 0xff, 0xff, 0xff, 0xff,
  0xff, 0xff, 0xff, 0xff, 0xff, 0xff, 0xff, 0xff, 0xff, 0xff, 0xff, 0xff, 0xff, 0xff, 0xff, 0xff,
  0xff, 0xff, 0xff, 0xff, 0xff, 0xff, 0xff, 0xff, 0xff, 0xff, 0xff, 0xff, 0xff, 0xff, 0xff, 0xff,
  0xff, 0xff, 0xff, 0xff, 0xff, 0xff, 0xff, 0xff, 0xff, 0xff, 0xff, 0xff, 0xff, 0xff, 0xff, 0xff,
  0xff, 0xff, 0xff, 0xff, 0xff, 0xff, 0xff, 0xff, 0xff, 0xff, 0xff, 0xff, 0xff, 0xff, 0xff, 0xff,
  0xff, 0xff, 0xff, 0xff, 0xff, 0xff, 0xff, 0xff, 0xff, 0xff, 0xff, 0xff, 0xff, 0xff, 0xff, 0xff,
  0xff, 0xff, 0xff, 0xff, 0xff, 0xff, 0xff, 0xff, 0xff, 0xff, 0xff, 0xff, 0xff, 0xff, 0xff, 0xff,
  0xff, 0xff, 0xff, 0xff, 0xff, 0xff, 0xff, 0xff, 0xff, 0xff, 0xff, 0xff, 0xff, 0xff, 0xff, 0xff,
  0xff, 0xff, 0xff, 0xff, 0xff, 0xff, 0xff, 0xff, 0xff, 0xff, 0xff, 0xff, 0xff, 0xff, 0xff, 0xff,
  0xff, 0xff, 0xbf, 0xf7, 0x1e, 0xe7, 0xda, 0xbd, 0x33, 0x84, 0x0f, 0x63, 0x32, 0x84, 0xb8, 0xb5,
  0xfd, 0xde, 0xdf, 0xff, 0xff, 0xff, 0xff, 0xff, 0xff, 0xff, 0xff, 0xff, 0xff, 0xff, 0xff, 0xff,
  0xff, 0xff, 0xff, 0xff, 0xff, 0xff, 0xff, 0xff, 0xff, 0xff, 0x5d, 0xef, 0xba, 0xd6, 0x9e, 0xf7,
  0xff, 0xff, 0xff, 0xff, 0xff, 0xff, 0xff, 0xff, 0xff, 0xff, 0xff, 0xff, 0xff, 0xff, 0xbb, 0xd6,
  0x19, 0xc6, 0x8c, 0x52, 0x16, 0xa5, 0xdf, 0xff, 0xff, 0xff, 0xff, 0xff, 0xff, 0xff, 0xff, 0xff,
  0xff, 0xff, 0xff, 0xff, 0xff, 0xff, 0xff, 0xff, 0xff, 0xff, 0xff, 0xff, 0xff, 0xff, 0xff, 0xff,
  0xff, 0xff, 0xff, 0xff, 0xff, 0xff, 0xff, 0xff, 0xff, 0xff, 0xff, 0xff, 0xff, 0xff, 0xff, 0xff,
  0xff, 0xff, 0xff, 0xff, 0xff, 0xff, 0xff, 0xff, 0xff, 0xff, 0xff, 0xff, 0xff, 0xff, 0xff, 0xff,
  0xff, 0xff, 0xff, 0xff, 0xff, 0xff, 0xff, 0xff, 0xff, 0xff, 0xff, 0xff, 0xff, 0xff, 0xff, 0xff,
  0xff, 0xff, 0xff, 0xff, 0xff, 0xff, 0xff, 0xff, 0xff, 0xff, 0xff, 0xff, 0xff, 0xff, 0xff, 0xff,
  0xff, 0xff, 0xff, 0xff, 0xff, 0xff, 0xff, 0xff, 0xff, 0xff, 0xff, 0xff, 0xff, 0xff, 0xff, 0xff,
  0xff, 0xff, 0xff, 0xff, 0xff, 0xff, 0xff, 0xff, 0xff, 0xff, 0xff, 0xff, 0xff, 0xff, 0xff, 0xff,
  0xff, 0xff, 0xff, 0xff, 0xff, 0xff, 0xff, 0xff, 0xff, 0xff, 0xff, 0xff, 0xff, 0xff, 0xff, 0xff,
  0xff, 0xff, 0xff, 0xff, 0xdf, 0xff, 0x5e, 0xef, 0xb8, 0xb5, 0x70, 0x73, 0xd2, 0x7b, 0x1a, 0xc6,
  0x9f, 0xf7, 0xff, 0xff, 0xff, 0xff, 0xff, 0xff, 0xff, 0xff, 0xff, 0xff, 0xff, 0xff, 0xff, 0xff,
  0xff, 0xff, 0xff, 0xff, 0xff, 0xff, 0xff, 0xff, 0xff, 0xff, 0xff, 0xff, 0xff, 0xff, 0xdf, 0xff,
  0xdb, 0xde, 0x7d, 0xef, 0xff, 0xff, 0xff, 0xff, 0xff, 0xff, 0xff, 0xff, 0xff, 0xff, 0xff, 0xff,
  0xff, 0xff, 0xff, 0xff, 0x7d, 0xef, 0x5a, 0xce, 0xb8, 0xb5, 0x2b, 0x42, 0xfe, 0xde, 0xff, 0xff,
  0xff, 0xff, 0xff, 0xff, 0xff, 0xff, 0xff, 0xff, 0xff, 0xff, 0xff, 0xff, 0xff, 0xff, 0xff, 0xff,
  0xff, 0xff, 0xff, 0xff, 0xff, 0xff, 0xff, 0xff, 0xff, 0xff, 0xff, 0xff, 0xff, 0xff, 0xff, 0xff,
  0xff, 0xff, 0xff, 0xff, 0xff, 0xff, 0xff, 0xff, 0xff, 0xff, 0xff, 0xff, 0xff, 0xff, 0xff, 0xff,
  0xff, 0xff, 0xff, 0xff, 0xff, 0xff, 0xff, 0xff, 0xff, 0xff, 0xff, 0xff, 0xff, 0xff, 0xff, 0xff,
  0xff, 0xff, 0xff, 0xff, 0xff, 0xff, 0xff, 0xff, 0xff, 0xff, 0xff, 0xff, 0xff, 0xff, 0xff, 0xff,
  0xff, 0xff, 0xff, 0xff, 0xff, 0xff, 0xff, 0xff, 0xff, 0xff, 0xff, 0xff, 0xff, 0xff, 0xff, 0xff,
  0xff, 0xff, 0xff, 0xff, 0xff, 0xff, 0xff, 0xff, 0xff, 0xff, 0xff, 0xff, 0xff, 0xff, 0xff, 0xff,
  0xff, 0xff, 0xff, 0xff, 0xff, 0xff, 0xff, 0xff, 0xff, 0xff, 0xff, 0xff, 0xff, 0xff, 0xff, 0xff,
  0xff, 0xff, 0xff, 0xff, 0xff, 0xff, 0xff, 0xff, 0xbf, 0xf7, 0x7b, 0xce, 0x33, 0x84, 0xf2, 0x83,
  0x3a, 0xce, 0xbf, 0xf7, 0xff, 0xff, 0xff, 0xff, 0xff, 0xff, 0xff, 0xff, 0xff, 0xff, 0xff, 0xff,
  0xff, 0xff, 0xff, 0xff, 0xff, 0xff, 0xff, 0xff, 0xff, 0xff, 0xff, 0xff, 0xff, 0xff, 0xff, 0xff,
  0xff, 0xff, 0xff, 0xff, 0x3c, 0xe7, 0x7d, 0xef, 0xff, 0xff, 0xff, 0xff, 0xff, 0xff, 0xff, 0xff,
  0xff, 0xff, 0xff, 0xff, 0xff, 0xff, 0xff, 0xff, 0xff, 0xff, 0x9e, 0xf7, 0x79, 0xce, 0x5a, 0xce,
  0x53, 0x8c, 0x12, 0x84, 0xff, 0xff, 0xff, 0xff, 0xff, 0xff, 0xff, 0xff, 0xff, 0xff, 0xff, 0xff,
  0xff, 0xff, 0xff, 0xff, 0xff, 0xff, 0xff, 0xff, 0xff, 0xff, 0xff, 0xff, 0xff, 0xff, 0xff, 0xff,
  0xff, 0xff, 0xff, 0xff, 0xff, 0xff, 0xff, 0xff, 0xff, 0xff, 0xff, 0xff, 0xff, 0xff, 0xff, 0xff,
  0xff, 0xff, 0xff, 0xff, 0xff, 0xff, 0xff, 0xff, 0xff, 0xff, 0xff, 0xff, 0xff, 0xff, 0xff, 0xff,
  0xff, 0xff, 0xff, 0xff, 0xff, 0xff, 0xff, 0xff, 0xff, 0xff, 0xff, 0xff, 0xff, 0xff, 0xff, 0xff,
  0xff, 0xff, 0xff, 0xff, 0xff, 0xff, 0xff, 0xff, 0xff, 0xff, 0xff, 0xff, 0xff, 0xff, 0xff, 0xff,
  0xff, 0xff, 0xff, 0xff, 0xff, 0xff, 0xff, 0xff, 0xff, 0xff, 0xff, 0xff, 0xff, 0xff, 0xff, 0xff,
  0xff, 0xff, 0xff, 0xff, 0xff, 0xff, 0xff, 0xff, 0xff, 0xff, 0xff, 0xff, 0xff, 0xff, 0xff, 0xff,
  0xff, 0xff, 0xff, 0xff, 0xff, 0xff, 0xff, 0xff, 0xff, 0xff, 0xff, 0xff, 0x7f, 0xf7, 0xb9, 0xbd,
  0xd1, 0x7b, 0x57, 0xad, 0x7f, 0xf7, 0xff, 0xff, 0xff, 0xff, 0xff, 0xff, 0xff, 0xff, 0xff, 0xff,
  0xff, 0xff, 0xff, 0xff, 0xff, 0xff, 0xff, 0xff, 0xff, 0xff, 0xff, 0xff, 0xff, 0xff, 0xff, 0xff,
  0xff, 0xff, 0xff, 0xff, 0xff, 0xff, 0xff, 0xff, 0xbe, 0xf7, 0x9e, 0xf7, 0xff, 0xff, 0xff, 0xff,
  0xff, 0xff, 0xff, 0xff, 0xff, 0xff, 0xff, 0xff, 0xff, 0xff, 0xff, 0xff, 0xff, 0xff, 0xdf, 0xff,
  0x1c, 0xe7, 0x79, 0xce, 0x5a, 0xce, 0x3b, 0xc6, 0x6c, 0x4a, 0xbf, 0xf7, 0xff, 0xff, 0xff, 0xff,
  0xff, 0xff, 0xff, 0xff, 0xff, 0xff, 0xff, 0xff, 0xff, 0xff, 0xff, 0xff, 0xff, 0xff, 0xff, 0xff,
  0xff, 0xff, 0xff, 0xff, 0xff, 0xff, 0xff, 0xff, 0xff, 0xff, 0xff, 0xff, 0xff, 0xff, 0xff, 0xff,
  0xff, 0xff, 0xff, 0xff, 0xff, 0xff, 0xff, 0xff, 0xff, 0xff, 0xff, 0xff, 0xff, 0xff, 0xff, 0xff,
  0xff, 0xff, 0xff, 0xff, 0xff, 0xff, 0xff, 0xff, 0xff, 0xff, 0xff, 0xff, 0xff, 0xff, 0xff, 0xff,
  0xff, 0xff, 0xff, 0xff, 0xff, 0xff, 0xff, 0xff, 0xff, 0xff, 0xff, 0xff, 0xff, 0xff, 0xff, 0xff,
  0xff, 0xff, 0xff, 0xff, 0xff, 0xff, 0xff, 0xff, 0xff, 0xff, 0xff, 0xff, 0xff, 0xff, 0xff, 0xff,
  0xff, 0xff, 0xff, 0xff, 0xff, 0xff, 0xff, 0xff, 0xff, 0xff, 0xff, 0xff, 0xff, 0xff, 0xff, 0xff,
  0xff, 0xff, 0xff, 0xff, 0xff, 0xff, 0xff, 0xff, 0xff, 0xff, 0xff, 0xff, 0xff, 0xff, 0xff, 0xff,
  0x7f, 0xef, 0x17, 0xa5, 0xf2, 0x83, 0x5b, 0xce, 0xdf, 0xff, 0xff, 0xff, 0xff, 0xff, 0xff, 0xff,
  0xff, 0xff, 0xff, 0xff, 0xff, 0xff, 0xff, 0xff, 0xff, 0xff, 0xff, 0xff, 0xff, 0xff, 0xff, 0xff,
  0xff, 0xff, 0xff, 0xff, 0xff, 0xff, 0xff, 0xff, 0xff, 0xff, 0xff, 0xff, 0xff, 0xff, 0xff, 0xff,
  0xff, 0xff, 0xff, 0xff, 0xff, 0xff, 0xff, 0xff, 0xff, 0xff, 0xff, 0xff, 0xff, 0xff, 0xff, 0xff,
  0xff, 0xff, 0xbf, 0xff, 0x3c, 0xe7, 0x79, 0xce, 0x79, 0xce, 0x5a, 0xce, 0x3a, 0xc6, 0x4f, 0x6b,
  0xbb, 0xd6, 0xff, 0xff, 0xff, 0xff, 0xff, 0xff, 0xff, 0xff, 0xff, 0xff, 0xff, 0xff, 0xff, 0xff,
  0xff, 0xff, 0xff, 0xff, 0xff, 0xff, 0xff, 0xff, 0xff, 0xff, 0xff, 0xff, 0xff, 0xff, 0xff, 0xff,
  0xff, 0xff, 0xff, 0xff, 0xff, 0xff, 0xff, 0xff, 0xff, 0xff, 0xff, 0xff, 0xff, 0xff, 0xff, 0xff,
  0xff, 0xff, 0xff, 0xff, 0xff, 0xff, 0xff, 0xff, 0xff, 0xff, 0xff, 0xff, 0xff, 0xff, 0xff, 0xff,
  0xff, 0xff, 0xff, 0xff, 0xff, 0xff, 0xff, 0xff, 0xff, 0xff, 0xff, 0xff, 0xff, 0xff, 0xff, 0xff,
  0xff, 0xff, 0xff, 0xff, 0xff, 0xff, 0xff, 0xff, 0xff, 0xff, 0xff, 0xff, 0xff, 0xff, 0xff, 0xff,
  0xff, 0xff, 0xff, 0xff, 0xff, 0xff, 0xff, 0xff, 0xff, 0xff, 0xff, 0xff, 0xff, 0xff, 0xff, 0xff,
  0xff, 0xff, 0xff, 0xff, 0xff, 0xff, 0xff, 0xff, 0xff, 0xff, 0xff, 0xff, 0xff, 0xff, 0xff, 0xff,
  0xff, 0xff, 0xff, 0xff, 0x9f, 0xf7, 0x37, 0xa5, 0x13, 0x84, 0x9c, 0xd6, 0xff, 0xff, 0xff, 0xff,
  0xff, 0xff, 0xff, 0xff, 0xff, 0xff, 0xff, 0xff, 0xff, 0xff, 0xff, 0xff, 0xff, 0xff, 0xff, 0xff,
  0xff, 0xff, 0xff, 0xff, 0xff, 0xff, 0xff, 0xff, 0xff, 0xff, 0xff, 0xff, 0xff, 0xff, 0xff, 0xff,
  0xff, 0xff, 0xff, 0xff, 0xff, 0xff, 0xff, 0xff, 0xff, 0xff, 0xff, 0xff, 0xff, 0xff, 0xdf, 0xff,
  0xdf, 0xff, 0xbf, 0xff, 0x9f, 0xff, 0x3e, 0xf7, 0xbb, 0xde, 0x5a, 0xd6, 0x5a, 0xd6, 0x5a, 0xce,
  0x5a, 0xce, 0x3a, 0xce, 0xb1, 0x7b, 0x5a, 0xce, 0xff, 0xff, 0xff, 0xff, 0xff, 0xff, 0xff, 0xff,
  0xff, 0xff, 0xff, 0xff, 0xff, 0xff, 0xff, 0xff, 0xff, 0xff, 0xff, 0xff, 0xdf, 0xff, 0x5e, 0xef,
  0xdf, 0xff, 0xff, 0xff, 0xff, 0xff, 0xff, 0xff, 0xff, 0xff, 0xff, 0xff, 0xff, 0xff, 0xff, 0xff,
  0xff, 0xff, 0xff, 0xff, 0xff, 0xff, 0xff, 0xff, 0xff, 0xff, 0xff, 0xff, 0xff, 0xff, 0xff, 0xff,
  0xff, 0xff, 0xff, 0xff, 0xff, 0xff, 0xff, 0xff, 0xff, 0xff, 0xff, 0xff, 0xff, 0xff, 0xff, 0xff,
  0xff, 0xff, 0xff, 0xff, 0xff, 0xff, 0xff, 0xff, 0xff, 0xff, 0xff, 0xff, 0xff, 0xff, 0xff, 0xff,
  0xff, 0xff, 0xff, 0xff, 0xff, 0xff, 0xff, 0xff, 0xff, 0xff, 0xff, 0xff, 0xff, 0xff, 0xff, 0xff,
  0xff, 0xff, 0xff, 0xff, 0xff, 0xff, 0xff, 0xff, 0xff, 0xff, 0xff, 0xff, 0xff, 0xff, 0xff, 0xff,
  0xff, 0xff, 0xff, 0xff, 0xff, 0xff, 0xff, 0xff, 0xdf, 0xff, 0xf9, 0xbd, 0x12, 0x84, 0x5b, 0xce,
  0xff, 0xff, 0xff, 0xff, 0xff, 0xff, 0xff, 0xff, 0xff, 0xff, 0xff, 0xff, 0xff, 0xff, 0xff, 0xff,
  0xff, 0xff, 0xff, 0xff, 0xff, 0xff, 0xff, 0xff, 0xff, 0xff, 0xff, 0xff, 0xff, 0xff, 0xff, 0xff,
  0xff, 0xff, 0xff, 0xff, 0xff, 0xff, 0xff, 0xff, 0x7f, 0xff, 0x1e, 0xf7, 0xfe, 0xee, 0x9d, 0xe6,
  0x7d, 0xe6, 0x7c, 0xe6, 0x5c, 0xe6, 0x1a, 0xd6, 0xb9, 0xcd, 0x57, 0xbd, 0x37, 0xbd, 0x17, 0xbd,
  0x17, 0xbd, 0x37, 0xb5, 0x37, 0xb5, 0x17, 0xb5, 0x17, 0xb5, 0x30, 0x73, 0x79, 0xbd, 0x1f, 0xef,
  0xfe, 0xe6, 0xbd, 0xde, 0xbd, 0xe6, 0xbd, 0xe6, 0xbd, 0xe6, 0xfe, 0xee, 0x3e, 0xef, 0x7f, 0xf7,
  0x3f, 0xef, 0x1b, 0xce, 0x54, 0x94, 0xbd, 0xde, 0xff, 0xff, 0xff, 0xff, 0xff, 0xff, 0xff, 0xff,
  0xff, 0xff, 0xff, 0xff, 0xff, 0xff, 0xff, 0xff, 0xff, 0xff, 0xff, 0xff, 0xff, 0xff, 0xff, 0xff,
  0xff, 0xff, 0xff, 0xff, 0xff, 0xff, 0xff, 0xff, 0xff, 0xff, 0xff, 0xff, 0xff, 0xff, 0xff, 0xff,
  0xff, 0xff, 0xff, 0xff, 0xff, 0xff, 0xff, 0xff, 0xff, 0xff, 0xff, 0xff, 0xff, 0xff, 0xff, 0xff,
  0xff, 0xff, 0xff, 0xff, 0xff, 0xff, 0xff, 0xff, 0xff, 0xff, 0xff, 0xff, 0xff, 0xff, 0xff, 0xff,
  0xff, 0xff, 0xff, 0xff, 0xff, 0xff, 0xff, 0xff, 0xff, 0xff, 0xff, 0xff, 0xff, 0xff, 0xff, 0xff,
  0xff, 0xff, 0xff, 0xff, 0xff, 0xff, 0xff, 0xff, 0xff, 0xff, 0xff, 0xff, 0xff, 0xff, 0xdd, 0xde,
  0x53, 0x8c, 0xd9, 0xbd, 0xdf, 0xff, 0xff, 0xff, 0xff, 0xff, 0xff, 0xff, 0xff, 0xff, 0xff, 0xff,
  0xff, 0xff, 0xff, 0xff, 0xff, 0xff, 0xff, 0xff, 0xff, 0xff, 0xff, 0xff, 0xff, 0xff, 0xff, 0xff,
  0xff, 0xff, 0xff, 0xff, 0xdf, 0xff, 0x5e, 0xff, 0xdd, 0xee, 0x7b, 0xe6, 0x5b, 0xe6, 0xf6, 0xc4,
  0xb2, 0xa3, 0x71, 0x9b, 0x4d, 0x7a, 0x4d, 0x7a, 0xcb, 0x69, 0xcb, 0x71, 0xcb, 0x71, 0xcb, 0x71,
  0xcb, 0x71, 0xeb, 0x71, 0xcb, 0x69, 0xaa, 0x61, 0x89, 0x61, 0x89, 0x59, 0x69, 0x51, 0xaa, 0x59,
  0xaa, 0x59, 0x6e, 0x6a, 0xb2, 0x8b, 0xaf, 0x6a, 0xec, 0x51, 0x4d, 0x62, 0x8e, 0x72, 0xaf, 0x7a,
  0x51, 0x93, 0x13, 0xa4, 0x37, 0xc5, 0x75, 0xac, 0x2c, 0x62, 0x0d, 0x5a, 0x30, 0x73, 0xbf, 0xff,
  0xff, 0xff, 0xff, 0xff, 0xff, 0xff, 0xff, 0xff, 0xff, 0xff, 0xff, 0xff, 0xff, 0xff, 0xff, 0xff,
  0xff, 0xff, 0xff, 0xff, 0xff, 0xff, 0xff, 0xff, 0xff, 0xff, 0xff, 0xff, 0xff, 0xff, 0xff, 0xff,
  0xff, 0xff, 0xff, 0xff, 0xff, 0xff, 0xff, 0xff, 0xff, 0xff, 0xff, 0xff, 0xff, 0xff, 0xff, 0xff,
  0xff, 0xff, 0xff, 0xff, 0xff, 0xff, 0xff, 0xff, 0xff, 0xff, 0xff, 0xff, 0xff, 0xff, 0xff, 0xff,
  0xff, 0xff, 0xff, 0xff, 0xff, 0xff, 0xff, 0xff, 0xff, 0xff, 0xff, 0xff, 0xff, 0xff, 0xff, 0xff,
  0xff, 0xff, 0xff, 0xff, 0xff, 0xff, 0xff, 0xff, 0xff, 0xff, 0xff, 0xff, 0xff, 0xff, 0xff, 0xff,
  0xff, 0xff, 0xbf, 0xff, 0xb5, 0x94, 0xf6, 0x9c, 0x7f, 0xef, 0xff, 0xff, 0xff, 0xff, 0xff, 0xff,
  0xff, 0xff, 0xff, 0xff, 0xff, 0xff, 0xff, 0xff, 0xff, 0xff, 0xff, 0xff, 0xff, 0xff, 0xff, 0xff,
  0xff, 0xff, 0xff, 0xff, 0xbf, 0xff, 0x1e, 0xf7, 0x9d, 0xe6, 0xfb, 0xdd, 0x96, 0xbc, 0x30, 0x9b,
  0x0c, 0x82, 0xcb, 0x79, 0x6e, 0x9a, 0xcf, 0xb2, 0x72, 0xcb, 0xf4, 0xe3, 0x54, 0xec, 0x34, 0xec,
  0x34, 0xec, 0x34, 0xec, 0x34, 0xec, 0x34, 0xec, 0x34, 0xec, 0x34, 0xec, 0x13, 0xe4, 0xb1, 0xd3,
  0x50, 0xc3, 0x50, 0xbb, 0x50, 0xbb, 0xef, 0xa2, 0xcb, 0x71, 0x6a, 0x59, 0x09, 0x49, 0xcc, 0x61,
  0xd0, 0x8a, 0xb3, 0xbb, 0x55, 0xdc, 0xb2, 0xcb, 0x51, 0xbb, 0x10, 0xb3, 0x10, 0xb3, 0x72, 0xb3,
  0x73, 0xa3, 0xac, 0x59, 0x5b, 0xde, 0xff, 0xff, 0xff, 0xff, 0xff, 0xff, 0xff, 0xff, 0xff, 0xff,
  0xff, 0xff, 0xff, 0xff, 0xff, 0xff, 0xff, 0xff, 0xff, 0xff, 0xff, 0xff, 0xff, 0xff, 0xff, 0xff,
  0xff, 0xff, 0xff, 0xff, 0xff, 0xff, 0xff, 0xff, 0xff, 0xff, 0xff, 0xff, 0xff, 0xff, 0xff, 0xff,
  0xff, 0xff, 0xff, 0xff, 0xff, 0xff, 0xff, 0xff, 0xff, 0xff, 0xff, 0xff, 0xff, 0xff, 0xff, 0xff,
  0xff, 0xff, 0xff, 0xff, 0xff, 0xff, 0xff, 0xff, 0xff, 0xff, 0xff, 0xff, 0xff, 0xff, 0xff, 0xff,
  0xff, 0xff, 0xff, 0xff, 0xff, 0xff, 0xff, 0xff, 0xff, 0xff, 0xff, 0xff, 0xff, 0xff, 0xff, 0xff,
  0xff, 0xff, 0xff, 0xff, 0xff, 0xff, 0xff, 0xff, 0x9b, 0xd6, 0x54, 0x8c, 0x1a, 0xc6, 0xff, 0xff,
  0xff, 0xff, 0xff, 0xff, 0xff, 0xff, 0xff, 0xff, 0xff, 0xff, 0xff, 0xff, 0xff, 0xff, 0xff, 0xff,
  0xff, 0xff, 0xff, 0xff, 0xbf, 0xff, 0x1e, 0xf7, 0x7c, 0xe6, 0x99, 0xd5, 0x13, 0xac, 0x8e, 0x82,
  0xec, 0x79, 0x8f, 0x9a, 0x72, 0xc3, 0x35, 0xe4, 0x36, 0xec, 0x35, 0xec, 0x15, 0xf4, 0x14, 0xfc,
  0x14, 0xfc, 0x14, 0xfc, 0x13, 0xfc, 0x13, 0xfc, 0xf3, 0xfb, 0x13, 0xfc, 0x13, 0xfc, 0x13, 0xfc,
  0x13, 0xfc, 0x13, 0xfc, 0x13, 0xfc, 0xd2, 0xeb, 0x50, 0xd3, 0x0f, 0xc3, 0x30, 0xbb, 0x31, 0xb3,
  0xcb, 0x71, 0xac, 0x69, 0x4e, 0x82, 0x49, 0x69, 0xcc, 0x89, 0x72, 0xcb, 0x15, 0xe4, 0x36, 0xec,
  0x56, 0xe4, 0x55, 0xe4, 0x56, 0xe4, 0xf5, 0xc3, 0x0d, 0x6a, 0x74, 0x9c, 0xff, 0xff, 0xff, 0xff,
  0xff, 0xff, 0xff, 0xff, 0xff, 0xff, 0xff, 0xff, 0xff, 0xff, 0xff, 0xff, 0xff, 0xff, 0xff, 0xff,
  0xff, 0xff, 0xff, 0xff, 0xff, 0xff, 0xff, 0xff, 0xff, 0xff, 0xff, 0xff, 0xff, 0xff, 0xff, 0xff,
  0xff, 0xff, 0xff, 0xff, 0xff, 0xff, 0xff, 0xff, 0xff, 0xff, 0xff, 0xff, 0xff, 0xff, 0xff, 0xff,
  0xff, 0xff, 0xff, 0xff, 0xff, 0xff, 0xff, 0xff, 0xff, 0xff, 0xff, 0xff, 0xff, 0xff, 0xff, 0xff,
  0xff, 0xff, 0xff, 0xff, 0xff, 0xff, 0xff, 0xff, 0xff, 0xff, 0xff, 0xff, 0xff, 0xff, 0xff, 0xff,
  0xff, 0xff, 0xff, 0xff, 0xff, 0xff, 0xff, 0xff, 0xff, 0xff, 0xff, 0xff, 0xff, 0xff, 0x56, 0xad,
  0x36, 0xa5, 0x5f, 0xef, 0xff, 0xff, 0xff, 0xff, 0xff, 0xff, 0xff, 0xff, 0xff, 0xff, 0xff, 0xff,
  0xff, 0xff, 0xff, 0xff, 0xff, 0xff, 0x5f, 0xf7, 0xbd, 0xe6, 0x99, 0xd5, 0xf4, 0xab, 0x4d, 0x82,
  0x0d, 0x8a, 0xef, 0xb2, 0xd3, 0xdb, 0x35, 0xec, 0x34, 0xf4, 0x14, 0xf4, 0x14, 0xf4, 0x14, 0xfc,
  0x14, 0xfc, 0x14, 0xfc, 0x14, 0xfc, 0x14, 0xfc, 0x13, 0xfc, 0x13, 0xfc, 0x13, 0xfc, 0x13, 0xfc,
  0x13, 0xfc, 0x13, 0xfc, 0x13, 0xfc, 0x13, 0xfc, 0x14, 0xfc, 0x14, 0xfc, 0x13, 0xf4, 0xb2, 0xdb,
  0x0f, 0xc3, 0x2f, 0xbb, 0x30, 0xbb, 0x10, 0xab, 0x6b, 0x69, 0xd0, 0x9a, 0xd0, 0xa2, 0xcb, 0x81,
  0x8b, 0x79, 0x12, 0xab, 0xb4, 0xbb, 0xd4, 0xc3, 0xd4, 0xc3, 0x15, 0xcc, 0xd5, 0xb3, 0x8f, 0x7a,
  0xf2, 0x8b, 0xff, 0xff, 0xff, 0xff, 0xdf, 0xff, 0x7f, 0xf7, 0x9f, 0xf7, 0xff, 0xff, 0xff, 0xff,
  0xff, 0xff, 0xff, 0xff, 0xff, 0xff, 0xff, 0xff, 0xff, 0xff, 0xff, 0xff, 0xff, 0xff, 0xff, 0xff,
  0xff, 0xff, 0xff, 0xff, 0xff, 0xff, 0xff, 0xff, 0xff, 0xff, 0xff, 0xff, 0xff, 0xff, 0xff, 0xff,
  0xff, 0xff, 0xff, 0xff, 0xff, 0xff, 0xff, 0xff, 0xff, 0xff, 0xff, 0xff, 0xff, 0xff, 0xff, 0xff,
  0xff, 0xff, 0xff, 0xff, 0xff, 0xff, 0xff, 0xff, 0xff, 0xff, 0xff, 0xff, 0xff, 0xff, 0xff, 0xff,
  0xff, 0xff, 0xff, 0xff, 0xff, 0xff, 0xff, 0xff, 0xff, 0xff, 0xff, 0xff, 0xff, 0xff, 0xff, 0xff,
  0xff, 0xff, 0xbf, 0xf7, 0xb4, 0x94, 0xb8, 0xb5, 0xff, 0xff, 0xff, 0xff, 0xff, 0xff, 0xff, 0xff,
  0xff, 0xff, 0xff, 0xff, 0xff, 0xff, 0xdf, 0xff, 0x1d, 0xf7, 0x5b, 0xe6, 0x95, 0xb4, 0xef, 0x8a,
  0x0c, 0x7a, 0xd0, 0xa2, 0xd4, 0xd3, 0x35, 0xec, 0x35, 0xf4, 0x14, 0xfc, 0x14, 0xfc, 0x13, 0xfc,
  0x13, 0xfc, 0x13, 0xfc, 0x13, 0xfc, 0x14, 0xfc, 0x14, 0xfc, 0x14, 0xfc, 0x14, 0xfc, 0x14, 0xfc,
  0x14, 0xfc, 0x14, 0xf4, 0x14, 0xf4, 0x34, 0xf4, 0x34, 0xf4, 0x34, 0xf4, 0xf3, 0xeb, 0xd3, 0xe3,
  0xd3, 0xdb, 0x71, 0xcb, 0xee, 0xb2, 0xce, 0xaa, 0xce, 0xa2, 0xce, 0xa2, 0xce, 0x9a, 0x8f, 0x8a,
  0x6a, 0x61, 0xcf, 0x92, 0x11, 0xa3, 0xf1, 0xa2, 0x4b, 0x69, 0x6b, 0x61, 0xb0, 0x8a, 0x11, 0x93,
  0x92, 0xa3, 0x72, 0x93, 0x51, 0x83, 0x98, 0xbd, 0xff, 0xff, 0xbf, 0xff, 0x5b, 0xd6, 0xd6, 0xa4,
  0x78, 0xbd, 0xff, 0xff, 0xff, 0xff, 0xff, 0xff, 0xff, 0xff, 0xff, 0xff, 0xff, 0xff, 0xff, 0xff,
  0xff, 0xff, 0xff, 0xff, 0xff, 0xff, 0xff, 0xff, 0xff, 0xff, 0xff, 0xff, 0xff, 0xff, 0xff, 0xff,
  0xff, 0xff, 0xff, 0xff, 0xff, 0xff, 0xff, 0xff, 0xff, 0xff, 0xff, 0xff, 0xff, 0xff, 0xff, 0xff,
  0xff, 0xff, 0xff, 0xff, 0xff, 0xff, 0xff, 0xff, 0xff, 0xff, 0xff, 0xff, 0xff, 0xff, 0xff, 0xff,
  0xff, 0xff, 0xff, 0xff, 0xff, 0xff, 0xff, 0xff, 0xff, 0xff, 0xff, 0xff, 0xff, 0xff, 0xff, 0xff,
  0xff, 0xff, 0xff, 0xff, 0xff, 0xff, 0xff, 0xff, 0xdd, 0xde, 0xd5, 0x9c, 0x3a, 0xce, 0xff, 0xff,
  0xff, 0xff, 0xff, 0xff, 0xff, 0xff, 0xff, 0xff, 0xdf, 0xff, 0x1e, 0xf7, 0x1b, 0xde, 0xf3, 0xa3,
  0x4d, 0x82, 0x4e, 0x92, 0x92, 0xcb, 0x35, 0xe4, 0x34, 0xf4, 0x14, 0xf4, 0x14, 0xf4, 0x14, 0xfc,
  0x14, 0xfc, 0x13, 0xfc, 0x13, 0xfc, 0x13, 0xfc, 0x13, 0xfc, 0x14, 0xfc, 0x14, 0xfc, 0x14, 0xfc,
  0x14, 0xfc, 0x14, 0xf4, 0xf4, 0xeb, 0xd3, 0xdb, 0xb3, 0xd3, 0x93, 0xcb, 0x93, 0xc3, 0xb3, 0xc3,
  0xb3, 0xbb, 0xf0, 0xa2, 0xf0, 0xa2, 0x8e, 0x8a, 0x4c, 0x7a, 0x6c, 0x7a, 0x6d, 0x7a, 0x6d, 0x7a,
  0x0b, 0x6a, 0x0b, 0x62, 0x6d, 0x6a, 0x6a, 0x51, 0x6e, 0x7a, 0x0d, 0x72, 0x93, 0xbb, 0x93, 0xbb,
  0x2e, 0x7a, 0xf8, 0xc4, 0x3c, 0xe6, 0x3c, 0xde, 0x9d, 0xe6, 0x5f, 0xf7, 0xff, 0xff, 0x9f, 0xff,
  0xda, 0xcd, 0x10, 0x7b, 0x8f, 0x72, 0xef, 0x72, 0xdf, 0xff, 0xff, 0xff, 0xff, 0xff, 0xff, 0xff,
  0xff, 0xff, 0xff, 0xff, 0xff, 0xff, 0xff, 0xff, 0xff, 0xff, 0xff, 0xff, 0xff, 0xff, 0xff, 0xff,
  0xff, 0xff, 0xff, 0xff, 0xff, 0xff, 0xff, 0xff, 0xff, 0xff, 0xff, 0xff, 0xff, 0xff, 0xff, 0xff,
  0xff, 0xff, 0xff, 0xff, 0xff, 0xff, 0x9e, 0xf7, 0xbf, 0xf7, 0xff, 0xff, 0xff, 0xff, 0xff, 0xff,
  0xff, 0xff, 0xff, 0xff, 0xff, 0xff, 0xff, 0xff, 0xff, 0xff, 0xff, 0xff, 0xff, 0xff, 0xff, 0xff,
  0xff, 0xff, 0xff, 0xff, 0xff, 0xff, 0xff, 0xff, 0xff, 0xff, 0xff, 0xff, 0xff, 0xff, 0x3a, 0xc6,
  0x37, 0xa5, 0xfd, 0xde, 0xff, 0xff, 0xff, 0xff, 0xff, 0xff, 0xdf, 0xff, 0x3e, 0xf7, 0x1a, 0xd6,
  0x13, 0xa4, 0x6e, 0x7a, 0x8f, 0x92, 0xd4, 0xc3, 0x36, 0xdc, 0xd4, 0xd3, 0xb3, 0xdb, 0xf4, 0xf3,
  0x14, 0xfc, 0x14, 0xfc, 0x14, 0xfc, 0x14, 0xfc, 0x14, 0xfc, 0x14, 0xfc, 0x14, 0xf4, 0x34, 0xf4,
  0xf4, 0xeb, 0xd3, 0xdb, 0x92, 0xd3, 0x92, 0xcb, 0x71, 0xc3, 0x31, 0xb3, 0xae, 0x9a, 0xae, 0x92,
  0x6d, 0x82, 0x4d, 0x7a, 0xae, 0x82, 0x8e, 0x7a, 0x51, 0x93, 0xb2, 0x9b, 0xd2, 0x9b, 0xd5, 0xb4,
  0x16, 0xb5, 0x17, 0xbd, 0x16, 0xbd, 0x57, 0xbd, 0x57, 0xbd, 0xb5, 0xac, 0x71, 0x83, 0x4e, 0x62,
  0x32, 0x8b, 0x4d, 0x82, 0xb3, 0xb3, 0xf4, 0xb3, 0x6f, 0x82, 0x92, 0x93, 0x99, 0xcd, 0x9c, 0xe6,
  0xfd, 0xee, 0xdd, 0xee, 0x78, 0xcd, 0xcf, 0x82, 0x32, 0x9b, 0xd4, 0xab, 0x10, 0x8b, 0x9f, 0xff,
  0xff, 0xff, 0xff, 0xff, 0xff, 0xff, 0xff, 0xff, 0xff, 0xff, 0xff, 0xff, 0xff, 0xff, 0xff, 0xff,
  0xff, 0xff, 0xff, 0xff, 0xff, 0xff, 0xff, 0xff, 0xff, 0xff, 0xff, 0xff, 0xff, 0xff, 0xff, 0xff,
  0xff, 0xff, 0xff, 0xff, 0xff, 0xff, 0xff, 0xff, 0xff, 0xff, 0xff, 0xff, 0x99, 0xd6, 0x99, 0xd6,
  0xbe, 0xff, 0xff, 0xff, 0xff, 0xff, 0xff, 0xff, 0xff, 0xff, 0xff, 0xff, 0xff, 0xff, 0xff, 0xff,
  0xff, 0xff, 0xff, 0xff, 0xff, 0xff, 0xff, 0xff, 0xff, 0xff, 0xff, 0xff, 0xff, 0xff, 0xff, 0xff,
  0xff, 0xff, 0xff, 0xff, 0xfa, 0xc5, 0x58, 0xad, 0x3e, 0xe7, 0xff, 0xff, 0xff, 0xff, 0x7f, 0xff,
  0x7c, 0xe6, 0x75, 0xac, 0x4e, 0x72, 0x2d, 0x7a, 0xb4, 0xc3, 0x15, 0xd4, 0x94, 0xc3, 0x53, 0xbb,
  0x0f, 0x7a, 0xee, 0x81, 0x73, 0xcb, 0x14, 0xf4, 0x14, 0xfc, 0x14, 0xfc, 0x14, 0xfc, 0x14, 0xec,
  0xd4, 0xdb, 0x93, 0xcb, 0x93, 0xbb, 0x11, 0xab, 0xf0, 0x9a, 0x8e, 0x82, 0x8d, 0x7a, 0xce, 0x7a,
  0xd2, 0x9b, 0x74, 0xac, 0x16, 0xbd, 0x5a, 0xde, 0x7b, 0xde, 0xdc, 0xee, 0xdc, 0xee, 0xfd, 0xee,
  0x3d, 0xf7, 0x3d, 0xf7, 0x3d, 0xf7, 0x9f, 0xff, 0x9f, 0xff, 0x5e, 0xf7, 0x3d, 0xef, 0x3d, 0xef,
  0xfd, 0xe6, 0x7b, 0xd6, 0x71, 0x7b, 0x18, 0xb5, 0xb6, 0xac, 0x4d, 0x72, 0x93, 0xb3, 0x36, 0xd4,
  0x11, 0xab, 0x0c, 0x82, 0xf0, 0x92, 0xd3, 0xab, 0xb3, 0xab, 0x4d, 0x8a, 0xf0, 0xb2, 0x56, 0xe4,
  0xd4, 0xcb, 0x71, 0xa3, 0x9c, 0xe6, 0xff, 0xff, 0xff, 0xff, 0xff, 0xff, 0xff, 0xff, 0xff, 0xff,
  0xff, 0xff, 0xff, 0xff, 0xff, 0xff, 0xff, 0xff, 0xff, 0xff, 0xff, 0xff, 0xff, 0xff, 0xff, 0xff,
  0xff, 0xff, 0xff, 0xff, 0xff, 0xff, 0xff, 0xff, 0xff, 0xff, 0xff, 0xff, 0xff, 0xff, 0xdf, 0xff,
  0x7d, 0xff, 0x78, 0xe6, 0xd5, 0xcd, 0xd9, 0xe6, 0xbe, 0xff, 0xff, 0xff, 0xff, 0xff, 0xff, 0xff,
  0xff, 0xff, 0xff, 0xff, 0xff, 0xff, 0xff, 0xff, 0xff, 0xff, 0xff, 0xff, 0xff, 0xff, 0xff, 0xff,
  0xff, 0xff, 0xff, 0xff, 0xff, 0xff, 0xff, 0xff, 0xff, 0xff, 0xfa, 0xc5, 0x57, 0xad, 0x1e, 0xe7,
  0xdf, 0xff, 0xdd, 0xee, 0x37, 0xc5, 0xcf, 0x82, 0x8f, 0x82, 0x53, 0xa3, 0x2f, 0x8a, 0x12, 0xb3,
  0x6f, 0x9a, 0xcd, 0x89, 0x0e, 0x82, 0xeb, 0x50, 0x89, 0x48, 0x4f, 0x9a, 0xf4, 0xdb, 0x15, 0xe4,
  0xb3, 0xdb, 0x71, 0xcb, 0x51, 0xbb, 0xcf, 0xa2, 0x8e, 0x8a, 0x8e, 0x7a, 0x31, 0x8b, 0x75, 0xac,
  0x99, 0xcd, 0x9c, 0xde, 0xfd, 0xe6, 0x3e, 0xef, 0x5e, 0xf7, 0x9e, 0xf7, 0xdf, 0xff, 0xff, 0xff,
  0xff, 0xff, 0xff, 0xff, 0xff, 0xff, 0xff, 0xff, 0xff, 0xff, 0xff, 0xff, 0xff, 0xff, 0xff, 0xff,
  0xff, 0xff, 0xff, 0xff, 0xff, 0xff, 0xff, 0xff, 0xdf, 0xff, 0x9d, 0xd6, 0x51, 0x6b, 0xff, 0xe6,
  0x17, 0xb5, 0x6d, 0x82, 0xb3, 0xbb, 0x36, 0xdc, 0x56, 0xdc, 0xb4, 0xc3, 0x52, 0xb3, 0x73, 0xc3,
  0x35, 0xdc, 0x35, 0xec, 0x35, 0xec, 0x15, 0xd4, 0x92, 0xab, 0xb9, 0xcd, 0xff, 0xff, 0xff, 0xff,
  0xff, 0xff, 0xff, 0xff, 0xff, 0xff, 0xff, 0xff, 0xff, 0xff, 0xff, 0xff, 0xff, 0xff, 0xff, 0xff,
  0xff, 0xff, 0xff, 0xff, 0xff, 0xff, 0xff, 0xff, 0xff, 0xff, 0xff, 0xff, 0xff, 0xff, 0xff, 0xff,
  0xff, 0xff, 0xff, 0xff, 0x3c, 0xef, 0x17, 0xce, 0x36, 0xde, 0x57, 0xe6, 0xf6, 0xd5, 0xba, 0xe6,
  0xff, 0xff, 0xff, 0xff, 0xff, 0xff, 0xff, 0xff, 0xff, 0xff, 0xff, 0xff, 0xff, 0xff, 0xff, 0xff,
  0xff, 0xff, 0xff, 0xff, 0xff, 0xff, 0xff, 0xff, 0xff, 0xff, 0xff, 0xff, 0xff, 0xff, 0xff, 0xff,
  0x3a, 0xce, 0x17, 0xad, 0x5c, 0xd6, 0x3c, 0xde, 0x92, 0x9b, 0x4d, 0x82, 0x11, 0xab, 0xf5, 0xcb,
  0x12, 0xa3, 0x2f, 0x82, 0x0f, 0x7a, 0x2c, 0x61, 0x91, 0x92, 0x91, 0x92, 0xae, 0x71, 0xad, 0x71,
  0x2f, 0x8a, 0x32, 0xab, 0x32, 0xab, 0xaf, 0x92, 0x4d, 0x72, 0x0f, 0x83, 0x13, 0xa4, 0x98, 0xcd,
  0x9c, 0xe6, 0x1d, 0xf7, 0x7f, 0xff, 0xdf, 0xff, 0xff, 0xff, 0xff, 0xff, 0xff, 0xff, 0xff, 0xff,
  0xff, 0xff, 0xff, 0xff, 0xff, 0xff, 0xff, 0xff, 0xff, 0xff, 0xff, 0xff, 0xff, 0xff, 0xff, 0xff,
  0xff, 0xff, 0xff, 0xff, 0xff, 0xff, 0xff, 0xff, 0xff, 0xff, 0xff, 0xff, 0xff, 0xff, 0xff, 0xff,
  0x9f, 0xf7, 0x74, 0x8c, 0xb6, 0x9c, 0x9f, 0xff, 0x78, 0xc5, 0x10, 0x8b, 0x52, 0xa3, 0xf5, 0xcb,
  0x35, 0xe4, 0x35, 0xec, 0x35, 0xec, 0x35, 0xec, 0x35, 0xf4, 0x15, 0xe4, 0xb3, 0xbb, 0x51, 0x93,
  0xb8, 0xc5, 0xff, 0xff, 0xff, 0xff, 0xff, 0xff, 0xff, 0xff, 0xff, 0xff, 0xff, 0xff, 0xff, 0xff,
  0xff, 0xff, 0xff, 0xff, 0xff, 0xff, 0xff, 0xff, 0xff, 0xff, 0xff, 0xff, 0xff, 0xff, 0xff, 0xff,
  0xff, 0xff, 0xff, 0xff, 0xff, 0xff, 0xff, 0xff, 0xdf, 0xff, 0xdb, 0xde, 0x37, 0xd6, 0x57, 0xde,
  0x57, 0xe6, 0x37, 0xde, 0x79, 0xd6, 0xff, 0xff, 0xff, 0xff, 0xff, 0xff, 0xff, 0xff, 0xff, 0xff,
  0xff, 0xff, 0xff, 0xff, 0xff, 0xff, 0xff, 0xff, 0xff, 0xff, 0xff, 0xff, 0xff, 0xff, 0xff, 0xff,
  0xff, 0xff, 0xff, 0xff, 0xff, 0xff, 0x1e, 0xe7, 0xd6, 0xa4, 0x14, 0x9c, 0xd0, 0x7a, 0x90, 0x8a,
  0x94, 0xb3, 0x12, 0xab, 0xb1, 0xa2, 0xad, 0x71, 0xef, 0x71, 0x4d, 0x59, 0xae, 0x69, 0xef, 0x79,
  0xcd, 0x71, 0x12, 0x9b, 0xf1, 0x92, 0xd0, 0x8a, 0x4e, 0x7a, 0x10, 0x8b, 0x55, 0xac, 0x1b, 0xd6,
  0xfd, 0xee, 0x7f, 0xf7, 0xdf, 0xff, 0xff, 0xff, 0xff, 0xff, 0xff, 0xff, 0xff, 0xff, 0xff, 0xff,
  0xff, 0xff, 0xff, 0xff, 0xff, 0xff, 0xff, 0xff, 0xff, 0xff, 0xff, 0xff, 0xff, 0xff, 0xff, 0xff,
  0xff, 0xff, 0xff, 0xff, 0xff, 0xff, 0xff, 0xff, 0xff, 0xff, 0xff, 0xff, 0xff, 0xff, 0xff, 0xff,
  0xff, 0xff, 0xff, 0xff, 0xff, 0xff, 0xdf, 0xff, 0xbc, 0xde, 0xce, 0x5a, 0x3f, 0xef, 0xbf, 0xff,
  0x5b, 0xde, 0x51, 0x93, 0x31, 0xa3, 0x51, 0xb3, 0x92, 0xc3, 0x92, 0xcb, 0x92, 0xcb, 0x92, 0xc3,
  0x51, 0xb3, 0x10, 0x93, 0xf3, 0x9b, 0x3e, 0xef, 0xff, 0xff, 0xff, 0xff, 0xff, 0xff, 0xff, 0xff,
  0xff, 0xff, 0xff, 0xff, 0xff, 0xff, 0xff, 0xff, 0xff, 0xff, 0xff, 0xff, 0xff, 0xff, 0xff, 0xff,
  0xff, 0xff, 0xff, 0xff, 0xff, 0xff, 0xff, 0xff, 0xff, 0xff, 0xff, 0xff, 0xff, 0xff, 0xff, 0xff,
  0xff, 0xff, 0xbe, 0xff, 0x78, 0xde, 0xd5, 0xcd, 0x3b, 0xf7, 0xff, 0xff, 0xff, 0xff, 0xff, 0xff,
  0xff, 0xff, 0xff, 0xff, 0xff, 0xff, 0xff, 0xff, 0xff, 0xff, 0xff, 0xff, 0xff, 0xff, 0xff, 0xff,
  0xff, 0xff, 0xff, 0xff, 0xff, 0xff, 0xff, 0xff, 0xff, 0xff, 0xff, 0xff, 0xbe, 0xe6, 0x93, 0x8b,
  0xac, 0x59, 0xd1, 0x92, 0x74, 0xa3, 0x50, 0x82, 0xef, 0x71, 0x8d, 0x69, 0x4c, 0x61, 0xef, 0x79,
  0x50, 0x82, 0x70, 0x8a, 0x12, 0x9b, 0x11, 0x93, 0xaf, 0x7a, 0x10, 0x7b, 0x54, 0xa4, 0xfa, 0xd5,
  0x1d, 0xef, 0x9f, 0xff, 0xff, 0xff, 0xff, 0xff, 0xff, 0xff, 0xff, 0xff, 0xff, 0xff, 0xff, 0xff,
  0xff, 0xff, 0xff, 0xff, 0xff, 0xff, 0xff, 0xff, 0xff, 0xff, 0xff, 0xff, 0xff, 0xff, 0xff, 0xff,
  0xff, 0xff, 0xff, 0xff, 0xff, 0xff, 0xff, 0xff, 0xff, 0xff, 0xff, 0xff, 0xff, 0xff, 0xff, 0xff,
  0xff, 0xff, 0xff, 0xff, 0xff, 0xff, 0xff, 0xff, 0xff, 0xff, 0xff, 0xff, 0xff, 0xff, 0x9f, 0xf7,
  0x74, 0x94, 0xb6, 0x9c, 0xff, 0xff, 0xdf, 0xff, 0x7f, 0xff, 0x78, 0xc5, 0x70, 0x8b, 0x50, 0x8b,
  0x91, 0x93, 0x91, 0x93, 0x91, 0x93, 0xd2, 0x93, 0xd9, 0xcd, 0xbf, 0xff, 0xff, 0xff, 0xff, 0xff,
  0xff, 0xff, 0xff, 0xff, 0xff, 0xff, 0xff, 0xff, 0xff, 0xff, 0xff, 0xff, 0xff, 0xff, 0xff, 0xff,
  0xff, 0xff, 0xff, 0xff, 0xff, 0xff, 0xff, 0xff, 0xff, 0xff, 0xff, 0xff, 0xff, 0xff, 0xff, 0xff,
  0xff, 0xff, 0xff, 0xff, 0xff, 0xff, 0xff, 0xff, 0xff, 0xff, 0x9a, 0xde, 0xba, 0xde, 0xde, 0xff,
  0xff, 0xff, 0xff, 0xff, 0xff, 0xff, 0xff, 0xff, 0xff, 0xff, 0xff, 0xff, 0xff, 0xff, 0xff, 0xff,
  0xff, 0xff, 0xff, 0xff, 0xff, 0xff, 0xff, 0xff, 0xff, 0xff, 0xff, 0xff, 0xff, 0xff, 0xff, 0xff,
  0xbf, 0xff, 0xb7, 0xa4, 0xcd, 0x51, 0x0f, 0x72, 0x71, 0x8a, 0xee, 0x71, 0xea, 0x50, 0xaa, 0x48,
  0x51, 0x7a, 0x70, 0x7a, 0x70, 0x82, 0x12, 0x9b, 0xd0, 0x8a, 0x8f, 0x7a, 0x92, 0x93, 0x79, 0xc5,
  0xfe, 0xee, 0x9f, 0xff, 0xff, 0xff, 0xff, 0xff, 0xff, 0xff, 0xff, 0xff, 0xff, 0xff, 0xff, 0xff,
  0xff, 0xff, 0xff, 0xff, 0xff, 0xff, 0xff, 0xff, 0xff, 0xff, 0xff, 0xff, 0xff, 0xff, 0xff, 0xff,
  0xff, 0xff, 0xff, 0xff, 0xff, 0xff, 0xff, 0xff, 0xff, 0xff, 0xff, 0xff, 0xff, 0xff, 0xff, 0xff,
  0xff, 0xff, 0xff, 0xff, 0xff, 0xff, 0xff, 0xff, 0xff, 0xff, 0xff, 0xff, 0xff, 0xff, 0xff, 0xff,
  0xff, 0xff, 0xbf, 0xff, 0x9f, 0xff, 0x5c, 0xe6, 0xce, 0x72, 0x1e, 0xff, 0x9f, 0xff, 0x9f, 0xff,
  0x9f, 0xff, 0x9f, 0xff, 0x7f, 0xff, 0x7f, 0xff, 0x7f, 0xff, 0x7f, 0xff, 0x7f, 0xff, 0x9f, 0xff,
  0x9f, 0xff, 0x9e, 0xff, 0x9e, 0xff, 0x9e, 0xff, 0x9e, 0xff, 0x9e, 0xff, 0x9e, 0xff, 0x9e, 0xff,
  0x9e, 0xff, 0x9e, 0xff, 0x9e, 0xff, 0x9e, 0xff, 0x9e, 0xff, 0x9e, 0xff, 0x9e, 0xff, 0xbf, 0xff,
  0xbf, 0xff, 0xff, 0xff, 0xff, 0xff, 0xff, 0xff, 0xff, 0xff, 0xff, 0xff, 0xff, 0xff, 0xff, 0xff,
  0xdf, 0xff, 0xdf, 0xff, 0xff, 0xff, 0xff, 0xff, 0xff, 0xff, 0xff, 0xff, 0xff, 0xff, 0xff, 0xff,
  0xff, 0xff, 0xff, 0xff, 0xff, 0xff, 0xff, 0xff, 0xff, 0xff, 0xff, 0xff, 0xff, 0xff, 0xff, 0xff,
  0xff, 0xff, 0xff, 0xff, 0xff, 0xff, 0xbd, 0xde, 0x12, 0x73, 0xeb, 0x38, 0x30, 0x72, 0xcf, 0x71,
  0x8d, 0x69, 0xad, 0x69, 0x6d, 0x61, 0x0f, 0x72, 0xf1, 0x8a, 0xd0, 0x82, 0x10, 0x83, 0x54, 0xa4,
  0x5b, 0xde, 0x7f, 0xff, 0xdf, 0xff, 0xff, 0xff, 0xff, 0xff, 0xff, 0xff, 0xff, 0xff, 0xff, 0xff,
  0xff, 0xff, 0xff, 0xff, 0xff, 0xff, 0xff, 0xff, 0xff, 0xff, 0xff, 0xff, 0xff, 0xff, 0xff, 0xff,
  0xff, 0xff, 0xff, 0xff, 0xff, 0xff, 0xff, 0xff, 0xff, 0xff, 0xff, 0xff, 0xff, 0xff, 0xff, 0xff,
  0xff, 0xff, 0xff, 0xff, 0xff, 0xff, 0xff, 0xff, 0xff, 0xff, 0xff, 0xff, 0xff, 0xff, 0xff, 0xff,
  0xff, 0xff, 0xff, 0xff, 0xff, 0xff, 0xdf, 0xff, 0xfc, 0xfe, 0x3a, 0xfe, 0xda, 0xf5, 0xf2, 0xbb,
  0x17, 0xe5, 0x1a, 0xfe, 0x1a, 0xfe, 0x1a, 0xfe, 0x1a, 0xfe, 0x1a, 0xfe, 0x1a, 0xfe, 0x1a, 0xfe,
  0x1a, 0xfe, 0x1a, 0xfe, 0x1a, 0xfe, 0x1a, 0xfe, 0x1a, 0xfe, 0x1a, 0xfe, 0x1a, 0xfe, 0x1a, 0xfe,
  0x1a, 0xfe, 0x1a, 0xfe, 0x1a, 0xfe, 0x1a, 0xfe, 0x1a, 0xfe, 0x1a, 0xfe, 0x1a, 0xfe, 0x1a, 0xfe,
  0x3a, 0xfe, 0x3a, 0xfe, 0x7a, 0xfe, 0x3d, 0xff, 0xdf, 0xff, 0xff, 0xff, 0xff, 0xff, 0xff, 0xff,
  0xff, 0xff, 0xff, 0xff, 0xff, 0xff, 0xff, 0xff, 0xff, 0xff, 0xff, 0xff, 0xff, 0xff, 0xff, 0xff,
  0xff, 0xff, 0xff, 0xff, 0xff, 0xff, 0xff, 0xff, 0xff, 0xff, 0xff, 0xff, 0xff, 0xff, 0xff, 0xff,
  0xff, 0xff, 0xff, 0xff, 0xff, 0xff, 0xff, 0xff, 0xff, 0xff, 0xff, 0xff, 0xf6, 0xac, 0xee, 0x51,
  0x2d, 0x41, 0xae, 0x61, 0xef, 0x69, 0x70, 0x82, 0x12, 0x93, 0xd1, 0x82, 0x6f, 0x72, 0x31, 0x83,
  0x17, 0xbd, 0xdd, 0xee, 0xbf, 0xff, 0xff, 0xff, 0xff, 0xff, 0xff, 0xff, 0xff, 0xff, 0xff, 0xff,
  0xff, 0xff, 0xff, 0xff, 0xff, 0xff, 0xff, 0xff, 0xff, 0xff, 0xff, 0xff, 0xff, 0xff, 0xff, 0xff,
  0xff, 0xff, 0xff, 0xff, 0xff, 0xff, 0xff, 0xff, 0xff, 0xff, 0xff, 0xff, 0xff, 0xff, 0xff, 0xff,
  0xff, 0xff, 0xff, 0xff, 0xff, 0xff, 0xff, 0xff, 0xff, 0xff, 0xff, 0xff, 0xff, 0xff, 0xff, 0xff,
  0xff, 0xff, 0xff, 0xff, 0xff, 0xff, 0xff, 0xff, 0xff, 0xff, 0xff, 0xff, 0xdf, 0xff, 0x7a, 0xf6,
  0x77, 0xdd, 0x57, 0xe5, 0x17, 0xe5, 0x34, 0xc4, 0xf7, 0xdc, 0x37, 0xe5, 0x56, 0xe5, 0x56, 0xe5,
  0x56, 0xe5, 0x37, 0xe5, 0x56, 0xe5, 0x56, 0xe5, 0x56, 0xe5, 0x37, 0xe5, 0x56, 0xe5, 0x56, 0xe5,
  0x56, 0xe5, 0x37, 0xe5, 0x56, 0xe5, 0x56, 0xe5, 0x56, 0xe5, 0x37, 0xe5, 0x56, 0xe5, 0x56, 0xe5,
  0x36, 0xe5, 0x37, 0xe5, 0x56, 0xe5, 0x56, 0xe5, 0x56, 0xe5, 0xb7, 0xe5, 0xdc, 0xfe, 0xdf, 0xff,
  0xff, 0xff, 0xff, 0xff, 0xff, 0xff, 0xff, 0xff, 0xff, 0xff, 0xff, 0xff, 0xff, 0xff, 0xff, 0xff,
  0xff, 0xff, 0xff, 0xff, 0xff, 0xff, 0xff, 0xff, 0xff, 0xff, 0xff, 0xff, 0xff, 0xff, 0xff, 0xff,
  0xff, 0xff, 0xff, 0xff, 0xff, 0xff, 0xff, 0xff, 0xff, 0xff, 0xff, 0xff, 0xff, 0xff, 0xff, 0xff,
  0xff, 0xff, 0x55, 0x94, 0x8c, 0x49, 0x8e, 0x51, 0x2c, 0x41, 0xeb, 0x40, 0xee, 0x61, 0xb0, 0x72,
  0xb2, 0x93, 0x98, 0xc5, 0x1d, 0xef, 0xdf, 0xff, 0xff, 0xff, 0xff, 0xff, 0xff, 0xff, 0xff, 0xff,
  0xff, 0xff, 0xff, 0xff, 0xff, 0xff, 0xff, 0xff, 0xff, 0xff, 0xff, 0xff, 0xff, 0xff, 0xff, 0xff,
  0xff, 0xff, 0xff, 0xff, 0x9f, 0xf7, 0x5f, 0xef, 0xff, 0xde, 0xbe, 0xd6, 0xbe, 0xd6, 0x9e, 0xd6,
  0xde, 0xd6, 0x3f, 0xe7, 0xff, 0xff, 0xff, 0xff, 0xff, 0xff, 0xff, 0xff, 0xff, 0xff, 0xff, 0xff,
  0xff, 0xff, 0xff, 0xff, 0xff, 0xff, 0xff, 0xff, 0xff, 0xff, 0xff, 0xff, 0xff, 0xff, 0xff, 0xff,
  0xff, 0xff, 0xdf, 0xff, 0x9e, 0xff, 0x5d, 0xff, 0x3e, 0xff, 0xbc, 0xf6, 0xd2, 0x9b, 0x78, 0xcd,
  0x3e, 0xff, 0x3d, 0xff, 0x3d, 0xff, 0x3d, 0xff, 0x3d, 0xff, 0x3d, 0xff, 0x3d, 0xff, 0x3d, 0xff,
  0x3d, 0xff, 0x3d, 0xff, 0x3d, 0xff, 0x3d, 0xff, 0x3d, 0xff, 0x3d, 0xff, 0x5d, 0xff, 0x3d, 0xff,
  0x3d, 0xff, 0x3d, 0xff, 0x3d, 0xff, 0x3d, 0xff, 0x3d, 0xff, 0x3d, 0xff, 0x3d, 0xff, 0x5d, 0xff,
  0x5e, 0xff, 0xbf, 0xff, 0xff, 0xff, 0xff, 0xff, 0xff, 0xff, 0xff, 0xff, 0xff, 0xff, 0xff, 0xff,
  0xff, 0xff, 0xff, 0xff, 0xff, 0xff, 0x9d, 0xf7, 0x7d, 0xf7, 0xff, 0xff, 0xff, 0xff, 0xff, 0xff,
  0xff, 0xff, 0xff, 0xff, 0xff, 0xff, 0xff, 0xff, 0xff, 0xff, 0xff, 0xff, 0xff, 0xff, 0xff, 0xff,
  0xff, 0xff, 0xff, 0xff, 0xff, 0xff, 0xff, 0xff, 0x75, 0x9c, 0x2e, 0x62, 0x8d, 0x51, 0x8d, 0x49,
  0x90, 0x6a, 0xd3, 0x8b, 0xda, 0xcd, 0x3e, 0xf7, 0xdf, 0xff, 0xff, 0xff, 0xff, 0xff, 0xff, 0xff,
  0xff, 0xff, 0xff, 0xff, 0xff, 0xff, 0xff, 0xff, 0xff, 0xff, 0xff, 0xff, 0xff, 0xff, 0xff, 0xff,
  0xdf, 0xff, 0x5f, 0xef, 0xde, 0xd6, 0x3d, 0xc6, 0x1c, 0xbe, 0x5a, 0xa5, 0x99, 0x8c, 0xb6, 0x6b,
  0x55, 0x5b, 0x34, 0x5b, 0x34, 0x5b, 0x75, 0x63, 0x57, 0x84, 0xfb, 0xbd, 0xbf, 0xf7, 0xff, 0xff,
  0xff, 0xff, 0xff, 0xff, 0xff, 0xff, 0xff, 0xff, 0xff, 0xff, 0xff, 0xff, 0xff, 0xff, 0xff, 0xff,
  0xff, 0xff, 0xff, 0xff, 0xff, 0xff, 0xff, 0xff, 0xff, 0xff, 0xff, 0xff, 0xff, 0xff, 0xff, 0xff,
  0xbf, 0xff, 0x99, 0xbd, 0xb1, 0x7b, 0xbf, 0xff, 0xff, 0xff, 0xff, 0xff, 0xff, 0xff, 0xdf, 0xff,
  0xff, 0xff, 0xff, 0xff, 0xff, 0xff, 0xdf, 0xff, 0xff, 0xff, 0xff, 0xff, 0xff, 0xff, 0xff, 0xff,
  0xff, 0xff, 0xff, 0xff, 0xff, 0xff, 0xff, 0xff, 0xff, 0xff, 0xff, 0xff, 0xff, 0xff, 0xff, 0xff,
  0xff, 0xff, 0xff, 0xff, 0xff, 0xff, 0xff, 0xff, 0xff, 0xff, 0xff, 0xff, 0xff, 0xff, 0xff, 0xff,
  0xff, 0xff, 0xff, 0xff, 0xff, 0xff, 0xff, 0xff, 0xff, 0xff, 0x9e, 0xf7, 0x9a, 0xde, 0x58, 0xd6,
  0xff, 0xff, 0xff, 0xff, 0xff, 0xff, 0xff, 0xff, 0xff, 0xff, 0xff, 0xff, 0xff, 0xff, 0xff, 0xff,
  0xff, 0xff, 0xff, 0xff, 0xff, 0xff, 0xff, 0xff, 0xff, 0xff, 0xff, 0xff, 0xff, 0xff, 0xd6, 0xa4,
  0xed, 0x51, 0xee, 0x59, 0x31, 0x7b, 0x99, 0xc5, 0x5f, 0xf7, 0xdf, 0xff, 0xff, 0xff, 0xff, 0xff,
  0xff, 0xff, 0xff, 0xff, 0xff, 0xff, 0xff, 0xff, 0xff, 0xff, 0xff, 0xff, 0xff, 0xff, 0xff, 0xff,
  0x9f, 0xf7, 0xff, 0xde, 0x1d, 0xc6, 0xbc, 0xb5, 0xba, 0x8c, 0x76, 0x5b, 0x54, 0x3a, 0xf3, 0x29,
  0x14, 0x2a, 0x14, 0x22, 0x35, 0x2a, 0x36, 0x2a, 0x36, 0x22, 0x36, 0x2a, 0x15, 0x22, 0xf3, 0x29,
  0xd0, 0x29, 0x9c, 0xad, 0xdf, 0xff, 0xff, 0xff, 0xff, 0xff, 0xff, 0xff, 0xff, 0xff, 0xff, 0xff,
  0xff, 0xff, 0xff, 0xff, 0xff, 0xff, 0xff, 0xff, 0xff, 0xff, 0xff, 0xff, 0xff, 0xff, 0xff, 0xff,
  0xff, 0xff, 0xff, 0xff, 0xff, 0xff, 0xff, 0xff, 0xfe, 0xe6, 0x2f, 0x6b, 0xfd, 0xe6, 0xff, 0xff,
  0xff, 0xff, 0xff, 0xff, 0xff, 0xff, 0xff, 0xff, 0xff, 0xff, 0xff, 0xff, 0xff, 0xff, 0xff, 0xff,
  0xff, 0xff, 0xff, 0xff, 0xff, 0xff, 0xff, 0xff, 0xff, 0xff, 0xff, 0xff, 0xff, 0xff, 0xff, 0xff,
  0xff, 0xff, 0xff, 0xff, 0xff, 0xff, 0xff, 0xff, 0xff, 0xff, 0xff, 0xff, 0xff, 0xff, 0xff, 0xff,
  0xff, 0xff, 0xff, 0xff, 0xff, 0xff, 0xff, 0xff, 0xff, 0xff, 0xff, 0xff, 0xff, 0xff, 0xff, 0xff,
  0xfb, 0xe6, 0x59, 0xd6, 0x38, 0xd6, 0xff, 0xff, 0xff, 0xff, 0xff, 0xff, 0xff, 0xff, 0xff, 0xff,
  0xff, 0xff, 0xff, 0xff, 0xff, 0xff, 0xff, 0xff, 0xff, 0xff, 0xff, 0xff, 0xff, 0xff, 0xff, 0xff,
  0xff, 0xff, 0xff, 0xff, 0x37, 0xad, 0xed, 0x51, 0x73, 0x83, 0x9d, 0xe6, 0xdf, 0xff, 0xff, 0xff,
  0xff, 0xff, 0xff, 0xff, 0xff, 0xff, 0xff, 0xff, 0xff, 0xff, 0xff, 0xff, 0xff, 0xff, 0xff, 0xff,
  0xbf, 0xf7, 0xde, 0xd6, 0x1d, 0xbe, 0x5b, 0xa5, 0xd6, 0x73, 0x51, 0x3a, 0xf2, 0x29, 0x13, 0x2a,
  0x15, 0x2a, 0x57, 0x2a, 0x79, 0x2a, 0x79, 0x2a, 0x79, 0x2a, 0x7a, 0x2a, 0x7a, 0x22, 0x7a, 0x22,
  0x7a, 0x22, 0x7a, 0x2a, 0x78, 0x2a, 0x14, 0x2a, 0x11, 0x32, 0xdf, 0xd6, 0xff, 0xff, 0xff, 0xff,
  0xff, 0xff, 0xff, 0xff, 0xff, 0xff, 0xff, 0xff, 0xff, 0xff, 0xff, 0xff, 0xff, 0xff, 0xff, 0xff,
  0xff, 0xff, 0xff, 0xff, 0xff, 0xff, 0xff, 0xff, 0xff, 0xff, 0xff, 0xff, 0xff, 0xff, 0x7f, 0xef,
  0x74, 0x8c, 0x16, 0xa5, 0xff, 0xff, 0xff, 0xff, 0xff, 0xff, 0xff, 0xff, 0xff, 0xff, 0xff, 0xff,
  0xff, 0xff, 0xff, 0xff, 0xff, 0xff, 0xff, 0xff, 0xff, 0xff, 0xff, 0xff, 0xff, 0xff, 0xff, 0xff,
  0xff, 0xff, 0xff, 0xff, 0xff, 0xff, 0xff, 0xff, 0xff, 0xff, 0xff, 0xff, 0xff, 0xff, 0xff, 0xff,
  0xff, 0xff, 0xff, 0xff, 0xff, 0xff, 0xff, 0xff, 0xff, 0xff, 0xff, 0xff, 0xff, 0xff, 0xff, 0xff,
  0xff, 0xff, 0xff, 0xff, 0xff, 0xff, 0xff, 0xff, 0x3c, 0xef, 0x3c, 0xef, 0xff, 0xff, 0xff, 0xff,
  0xff, 0xff, 0xff, 0xff, 0xff, 0xff, 0xff, 0xff, 0xff, 0xff, 0xff, 0xff, 0xff, 0xff, 0xff, 0xff,
  0xff, 0xff, 0xff, 0xff, 0xff, 0xff, 0xff, 0xff, 0xff, 0xff, 0xd9, 0xc5, 0x10, 0x6b, 0x59, 0xbd,
  0xff, 0xff, 0xff, 0xff, 0xff, 0xff, 0xff, 0xff, 0xff, 0xff, 0xff, 0xff, 0xff, 0xff, 0xff, 0xff,
  0xbf, 0xf7, 0xde, 0xde, 0x1d, 0xbe, 0x5b, 0x9d, 0x97, 0x63, 0x53, 0x32, 0xf3, 0x29, 0x15, 0x2a,
  0x57, 0x2a, 0x78, 0x2a, 0x79, 0x2a, 0x79, 0x2a, 0x7a, 0x2a, 0x7a, 0x22, 0x7a, 0x22, 0x7a, 0x22,
  0x7a, 0x22, 0x7a, 0x22, 0x7a, 0x22, 0x7a, 0x22, 0x7a, 0x22, 0x7a, 0x2a, 0x78, 0x2a, 0x14, 0x2a,
  0xf6, 0x73, 0xbf, 0xf7, 0xff, 0xff, 0xff, 0xff, 0xff, 0xff, 0xff, 0xff, 0xff, 0xff, 0xff, 0xff,
  0xff, 0xff, 0xff, 0xff, 0xff, 0xff, 0xff, 0xff, 0xff, 0xff, 0xff, 0xff, 0xff, 0xff, 0xff, 0xff,
  0xff, 0xff, 0xff, 0xff, 0xdf, 0xff, 0xf9, 0xc5, 0x90, 0x73, 0xdf, 0xff, 0xff, 0xff, 0xff, 0xff,
  0xff, 0xff, 0xff, 0xff, 0xff, 0xff, 0xff, 0xff, 0xff, 0xff, 0xff, 0xff, 0xff, 0xff, 0xff, 0xff,
  0xff, 0xff, 0xff, 0xff, 0xff, 0xff, 0xff, 0xff, 0xff, 0xff, 0xff, 0xff, 0xff, 0xff, 0xff, 0xff,
  0xff, 0xff, 0xff, 0xff, 0xff, 0xff, 0xff, 0xff, 0xff, 0xff, 0xff, 0xff, 0xff, 0xff, 0xff, 0xff,
  0xff, 0xff, 0xff, 0xff, 0xff, 0xff, 0xff, 0xff, 0xff, 0xff, 0xff, 0xff, 0xff, 0xff, 0xff, 0xff,
  0xff, 0xff, 0xff, 0xff, 0xff, 0xff, 0xff, 0xff, 0xff, 0xff, 0xff, 0xff, 0xff, 0xff, 0xff, 0xff,
  0xff, 0xff, 0xff, 0xff, 0xff, 0xff, 0xff, 0xff, 0xff, 0xff, 0xff, 0xff, 0xff, 0xff, 0xff, 0xff,
  0x7f, 0xf7, 0x54, 0x94, 0x79, 0xb5, 0xff, 0xff, 0xff, 0xff, 0xff, 0xff, 0xff, 0xff, 0xff, 0xff,
  0xdf, 0xff, 0x5f, 0xe7, 0x5d, 0xc6, 0x5a, 0xa5, 0xb6, 0x6b, 0x52, 0x3a, 0xf2, 0x29, 0x14, 0x2a,
  0x57, 0x2a, 0x79, 0x2a, 0x79, 0x2a, 0x7a, 0x22, 0x7a, 0x22, 0x7a, 0x22, 0x7a, 0x22, 0x7a, 0x22,
  0x7a, 0x22, 0x7a, 0x22, 0x7a, 0x22, 0x7b, 0x22, 0x7b, 0x22, 0x7b, 0x22, 0x7b, 0x22, 0x7b, 0x22,
  0x7a, 0x22, 0x7a, 0x22, 0x77, 0x2a, 0xb0, 0x29, 0xbf, 0xd6, 0xff, 0xff, 0xff, 0xff, 0xff, 0xff,
  0xff, 0xff, 0xff, 0xff, 0xff, 0xff, 0xff, 0xff, 0xff, 0xff, 0xff, 0xff, 0xff, 0xff, 0xff, 0xff,
  0xff, 0xff, 0xff, 0xff, 0xff, 0xff, 0xff, 0xff, 0xff, 0xff, 0xdf, 0xff, 0x7b, 0xd6, 0x70, 0x73,
  0xfe, 0xe6, 0xff, 0xff, 0xff, 0xff, 0xff, 0xff, 0xff, 0xff, 0xff, 0xff, 0xff, 0xff, 0xff, 0xff,
  0xff, 0xff, 0xff, 0xff, 0xff, 0xff, 0xff, 0xff, 0xff, 0xff, 0xff, 0xff, 0xff, 0xff, 0xff, 0xff,
  0xff, 0xff, 0xff, 0xff, 0xff, 0xff, 0xff, 0xff, 0xff, 0xff, 0xff, 0xff, 0xff, 0xff, 0xff, 0xff,
  0xff, 0xff, 0xff, 0xff, 0xff, 0xff, 0xff, 0xff, 0xff, 0xff, 0xff, 0xff, 0xff, 0xff, 0xff, 0xff,
  0xff, 0xff, 0xff, 0xff, 0xff, 0xff, 0xff, 0xff, 0xff, 0xff, 0xff, 0xff, 0xff, 0xff, 0xff, 0xff,
  0xff, 0xff, 0xff, 0xff, 0xff, 0xff, 0xff, 0xff, 0xff, 0xff, 0xff, 0xff, 0xff, 0xff, 0xff, 0xff,
  0xff, 0xff, 0xff, 0xff, 0xff, 0xff, 0xff, 0xff, 0xf6, 0xa4, 0x99, 0xb5, 0xff, 0xff, 0xff, 0xff,
  0xff, 0xff, 0xbf, 0xf7, 0xbe, 0xd6, 0xbc, 0xad, 0x99, 0x84, 0xb4, 0x42, 0x13, 0x2a, 0x15, 0x2a,
  0x57, 0x2a, 0x78, 0x2a, 0x79, 0x2a, 0x79, 0x2a, 0x7a, 0x2a, 0x7a, 0x22, 0x7a, 0x22, 0x7a, 0x22,
  0x7a, 0x2a, 0x79, 0x2a, 0x59, 0x2a, 0x58, 0x22, 0x79, 0x2a, 0x7a, 0x22, 0x7a, 0x22, 0x7b, 0x22,
  0x7b, 0x22, 0x7b, 0x22, 0x7b, 0x22, 0x7b, 0x22, 0x7a, 0x22, 0x79, 0x2a, 0xf3, 0x29, 0xb6, 0x6b,
  0xdf, 0xf7, 0xff, 0xff, 0xff, 0xff, 0xff, 0xff, 0xff, 0xff, 0xff, 0xff, 0xff, 0xff, 0xff, 0xff,
  0xff, 0xff, 0xff, 0xff, 0xff, 0xff, 0xff, 0xff, 0xff, 0xff, 0xff, 0xff, 0xff, 0xff, 0xff, 0xff,
  0xff, 0xff, 0xfd, 0xe6, 0xb5, 0x9c, 0x17, 0xa5, 0xff, 0xff, 0xff, 0xff, 0xff, 0xff, 0xff, 0xff,
  0xff, 0xff, 0xff, 0xff, 0xff, 0xff, 0xff, 0xff, 0xff, 0xff, 0xff, 0xff, 0xff, 0xff, 0xff, 0xff,
  0xff, 0xff, 0xff, 0xff, 0xff, 0xff, 0xff, 0xff, 0xff, 0xff, 0xff, 0xff, 0xff, 0xff, 0xff, 0xff,
  0xff, 0xff, 0xff, 0xff, 0xff, 0xff, 0xff, 0xff, 0xff, 0xff, 0xff, 0xff, 0xff, 0xff, 0xff, 0xff,
  0xff, 0xff, 0xff, 0xff, 0xff, 0xff, 0xff, 0xff, 0xff, 0xff, 0xff, 0xff, 0xff, 0xff, 0xff, 0xff,
  0xff, 0xff, 0xff, 0xff, 0xff, 0xff, 0xff, 0xff, 0xff, 0xff, 0xff, 0xff, 0xff, 0xff, 0xff, 0xff,
  0xff, 0xff, 0xff, 0xff, 0xff, 0xff, 0xff, 0xff, 0xff, 0xff, 0xff, 0xff, 0xff, 0xff, 0xf6, 0xa4,
  0x99, 0xb5, 0xff, 0xff, 0x7f, 0xef, 0x5d, 0xc6, 0x5a, 0xa5, 0x75, 0x63, 0x11, 0x32, 0xf3, 0x21,
  0x36, 0x2a, 0x58, 0x2a, 0x79, 0x2a, 0x7a, 0x22, 0x7a, 0x22, 0x7a, 0x22, 0x7b, 0x22, 0x7b, 0x22,
  0x7a, 0x22, 0x79, 0x2a, 0x58, 0x2a, 0x37, 0x2a, 0x35, 0x2a, 0x55, 0x32, 0x55, 0x32, 0x35, 0x2a,
  0x36, 0x2a, 0x58, 0x2a, 0x79, 0x2a, 0x7a, 0x22, 0x7a, 0x22, 0x7b, 0x22, 0x7b, 0x22, 0x7b, 0x22,
  0x79, 0x2a, 0x57, 0x32, 0x90, 0x21, 0x5f, 0xe7, 0xff, 0xff, 0xff, 0xff, 0xff, 0xff, 0xff, 0xff,
  0xff, 0xff, 0xff, 0xff, 0xff, 0xff, 0xff, 0xff, 0xff, 0xff, 0xff, 0xff, 0xff, 0xff, 0xff, 0xff,
  0xff, 0xff, 0xff, 0xff, 0xff, 0xff, 0xff, 0xff, 0x3e, 0xef, 0x99, 0xb5, 0xb1, 0x73, 0xff, 0xff,
  0xff, 0xff, 0xff, 0xff, 0xff, 0xff, 0xff, 0xff, 0xff, 0xff, 0xff, 0xff, 0xff, 0xff, 0xff, 0xff,
  0xff, 0xff, 0xff, 0xff, 0xff, 0xff, 0xff, 0xff, 0xff, 0xff, 0xff, 0xff, 0xff, 0xff, 0xff, 0xff,
  0xff, 0xff, 0xff, 0xff, 0xff, 0xff, 0xff, 0xff, 0xff, 0xff, 0xff, 0xff, 0xff, 0xff, 0xff, 0xff,
  0xff, 0xff, 0xff, 0xff, 0xff, 0xff, 0xff, 0xff, 0xff, 0xff, 0xff, 0xff, 0xff, 0xff, 0xff, 0xff,
  0xff, 0xff, 0xff, 0xff, 0xff, 0xff, 0xff, 0xff, 0xff, 0xff, 0xff, 0xff, 0xff, 0xff, 0xff, 0xff,
  0xff, 0xff, 0xff, 0xff, 0xff, 0xff, 0xff, 0xff, 0xff, 0xff, 0xff, 0xff, 0xff, 0xff, 0xff, 0xff,
  0xff, 0xff, 0xff, 0xff, 0xf7, 0xa4, 0x39, 0xa5, 0x5e, 0xc6, 0xb9, 0x8c, 0xf4, 0x4a, 0xf2, 0x29,
  0x14, 0x22, 0x57, 0x2a, 0x78, 0x2a, 0x79, 0x2a, 0x7a, 0x22, 0x7a, 0x22, 0x7a, 0x22, 0x7b, 0x22,
  0x7b, 0x22, 0x7b, 0x22, 0x7a, 0x22, 0x79, 0x2a, 0x37, 0x2a, 0x14, 0x2a, 0x56, 0x5b, 0xd7, 0x73,
  0x99, 0x8c, 0xb9, 0x8c, 0x16, 0x7c, 0xb6, 0x6b, 0x54, 0x3a, 0x36, 0x2a, 0x79, 0x2a, 0x7a, 0x22,
  0x7a, 0x22, 0x7b, 0x22, 0x7b, 0x22, 0x7a, 0x2a, 0x79, 0x2a, 0xf3, 0x21, 0x7b, 0xa5, 0xdf, 0xff,
  0xff, 0xff, 0xff, 0xff, 0xff, 0xff, 0xff, 0xff, 0xff, 0xff, 0xff, 0xff, 0xff, 0xff, 0xff, 0xff,
  0xff, 0xff, 0xff, 0xff, 0xff, 0xff, 0xff, 0xff, 0xff, 0xff, 0xff, 0xff, 0xff, 0xff, 0x5e, 0xef,
  0x1b, 0xc6, 0x70, 0x6b, 0x9f, 0xf7, 0xff, 0xff, 0xff, 0xff, 0xff, 0xff, 0xff, 0xff, 0xff, 0xff,
  0xff, 0xff, 0xff, 0xff, 0xff, 0xff, 0xff, 0xff, 0xff, 0xff, 0xff, 0xff, 0xff, 0xff, 0xff, 0xff,
  0xff, 0xff, 0xff, 0xff, 0xff, 0xff, 0xff, 0xff, 0xff, 0xff, 0xff, 0xff, 0xff, 0xff, 0xff, 0xff,
  0xff, 0xff, 0xff, 0xff, 0xff, 0xff, 0xff, 0xff, 0xff, 0xff, 0xff, 0xff, 0xff, 0xff, 0xff, 0xff,
  0xff, 0xff, 0xff, 0xff, 0xff, 0xff, 0xff, 0xff, 0xff, 0xff, 0xff, 0xff, 0xff, 0xff, 0xff, 0xff,
  0xff, 0xff, 0xff, 0xff, 0xff, 0xff, 0xff, 0xff, 0xff, 0xff, 0xff, 0xff, 0xff, 0xff, 0xff, 0xff,
  0xff, 0xff, 0xff, 0xff, 0xff, 0xff, 0xff, 0xff, 0xff, 0xff, 0xb7, 0x94, 0x74, 0x6b, 0xb3, 0x4a,
  0xb1, 0x21, 0x15, 0x2a, 0x58, 0x2a, 0x79, 0x2a, 0x7a, 0x22, 0x7a, 0x22, 0x7a, 0x22, 0x7b, 0x22,
  0x7b, 0x22, 0x7b, 0x22, 0x7b, 0x22, 0x7a, 0x22, 0x7a, 0x22, 0x7a, 0x2a, 0x37, 0x2a, 0xb3, 0x21,
  0xb1, 0x29, 0x18, 0x84, 0x3b, 0xad, 0xfd, 0xbd, 0xff, 0xde, 0xbf, 0xff, 0x7f, 0xef, 0xb9, 0x8c,
  0x73, 0x3a, 0x36, 0x2a, 0x79, 0x2a, 0x7a, 0x22, 0x7b, 0x22, 0x7b, 0x22, 0x7a, 0x22, 0x7a, 0x2a,
  0x15, 0x2a, 0xd2, 0x52, 0xdf, 0xff, 0xff, 0xff, 0xff, 0xff, 0xff, 0xff, 0xff, 0xff, 0xff, 0xff,
  0xff, 0xff, 0xff, 0xff, 0xff, 0xff, 0xff, 0xff, 0xff, 0xff, 0xff, 0xff, 0xff, 0xff, 0xff, 0xff,
  0xff, 0xff, 0xff, 0xff, 0x5e, 0xef, 0x5b, 0xce, 0x12, 0x84, 0x5b, 0xce, 0xff, 0xff, 0xff, 0xff,
  0xff, 0xff, 0xff, 0xff, 0xff, 0xff, 0xff, 0xff, 0xff, 0xff, 0xff, 0xff, 0xff, 0xff, 0xff, 0xff,
  0xff, 0xff, 0xff, 0xff, 0xff, 0xff, 0xff, 0xff, 0xff, 0xff, 0xff, 0xff, 0xff, 0xff, 0xff, 0xff,
  0xff, 0xff, 0xff, 0xff, 0xff, 0xff, 0xff, 0xff, 0xff, 0xff, 0xff, 0xff, 0xff, 0xff, 0xff, 0xff,
  0xff, 0xff, 0xff, 0xff, 0xff, 0xff, 0xff, 0xff, 0xff, 0xff, 0xff, 0xff, 0xff, 0xff, 0xff, 0xff,
  0xff, 0xff, 0xff, 0xff, 0xff, 0xff, 0xff, 0xff, 0xff, 0xff, 0xff, 0xff, 0xff, 0xff, 0xff, 0xff,
  0xff, 0xff, 0xff, 0xff, 0xff, 0xff, 0xff, 0xff, 0xff, 0xff, 0xff, 0xff, 0xff, 0xff, 0xff, 0xff,
  0x77, 0x84, 0xb0, 0x29, 0xf4, 0x21, 0x57, 0x2a, 0x79, 0x2a, 0x7a, 0x22, 0x7a, 0x22, 0x7b, 0x22,
  0x7b, 0x22, 0x7b, 0x22, 0x7b, 0x22, 0x7b, 0x22, 0x7b, 0x22, 0x7b, 0x22, 0x7b, 0x22, 0x7a, 0x22,
  0x58, 0x2a, 0xb4, 0x21, 0x51, 0x21, 0x0e, 0x21, 0xac, 0x18, 0xab, 0x18, 0xcf, 0x39, 0x74, 0x73,
  0xdb, 0xbd, 0xbf, 0xf7, 0xff, 0xff, 0x1a, 0x9d, 0x13, 0x32, 0x37, 0x2a, 0x79, 0x2a, 0x7a, 0x22,
  0x7b, 0x22, 0x7b, 0x22, 0x7a, 0x22, 0x77, 0x2a, 0xaf, 0x29, 0x5f, 0xe7, 0xff, 0xff, 0xff, 0xff,
  0xff, 0xff, 0xff, 0xff, 0xff, 0xff, 0xff, 0xff, 0xff, 0xff, 0xff, 0xff, 0xff, 0xff, 0xff, 0xff,
  0xff, 0xff, 0xff, 0xff, 0xff, 0xff, 0xff, 0xff, 0xdf, 0xff, 0x5d, 0xef, 0x9b, 0xd6, 0xb4, 0x94,
  0x37, 0xa5, 0xff, 0xff, 0xff, 0xff, 0xff, 0xff, 0xff, 0xff, 0xff, 0xff, 0xff, 0xff, 0xff, 0xff,
  0xff, 0xff, 0xff, 0xff, 0xff, 0xff, 0xff, 0xff, 0xff, 0xff, 0xff, 0xff, 0xff, 0xff, 0xff, 0xff,
  0xff, 0xff, 0xff, 0xff, 0xff, 0xff, 0xff, 0xff, 0xff, 0xff, 0xff, 0xff, 0xff, 0xff, 0xff, 0xff,
  0xff, 0xff, 0xff, 0xff, 0xff, 0xff, 0xff, 0xff, 0xff, 0xff, 0xff, 0xff, 0xff, 0xff, 0xff, 0xff,
  0xff, 0xff, 0xff, 0xff, 0xff, 0xff, 0xff, 0xff, 0xff, 0xff, 0xff, 0xff, 0xff, 0xff, 0xff, 0xff,
  0xff, 0xff, 0xff, 0xff, 0xff, 0xff, 0xff, 0xff, 0xff, 0xff, 0xff, 0xff, 0xff, 0xff, 0xff, 0xff,
  0xff, 0xff, 0xff, 0xff, 0xff, 0xff, 0xb9, 0x8c, 0x33, 0x32, 0x58, 0x2a, 0x7a, 0x22, 0x7a, 0x22,
  0x7b, 0x22, 0x7b, 0x22, 0x7b, 0x22, 0x7b, 0x22, 0x7b, 0x22, 0x7b, 0x22, 0x7b, 0x22, 0x7b, 0x22,
  0x7b, 0x22, 0x7b, 0x22, 0x79, 0x2a, 0x16, 0x2a, 0x31, 0x19, 0xad, 0x10, 0xac, 0x18, 0xac, 0x18,
  0xac, 0x18, 0xac, 0x18, 0xab, 0x18, 0x2e, 0x4a, 0x1c, 0xc6, 0xbf, 0xff, 0xbf, 0xf7, 0x75, 0x63,
  0x34, 0x32, 0x78, 0x2a, 0x7a, 0x22, 0x7a, 0x22, 0x7b, 0x22, 0x7b, 0x22, 0x78, 0x2a, 0xd1, 0x29,
  0xdd, 0xb5, 0xff, 0xff, 0xff, 0xff, 0xff, 0xff, 0xff, 0xff, 0xff, 0xff, 0xff, 0xff, 0xff, 0xff,
  0xff, 0xff, 0xff, 0xff, 0xff, 0xff, 0xff, 0xff, 0xff, 0xff, 0xff, 0xff, 0xff, 0xff, 0xdf, 0xff,
  0x5d, 0xef, 0xbc, 0xde, 0x77, 0xb5, 0x53, 0x8c, 0xff, 0xff, 0xff, 0xff, 0xff, 0xff, 0xff, 0xff,
  0xff, 0xff, 0xff, 0xff, 0xff, 0xff, 0xff, 0xff, 0xff, 0xff, 0xff, 0xff, 0xff, 0xff, 0xff, 0xff,
  0xff, 0xff, 0xff, 0xff, 0xff, 0xff, 0xff, 0xff, 0xff, 0xff, 0xff, 0xff, 0xff, 0xff, 0xff, 0xff,
  0xff, 0xff, 0xff, 0xff, 0xff, 0xff, 0xff, 0xff, 0xff, 0xff, 0xff, 0xff, 0xff, 0xff, 0xff, 0xff,
  0xff, 0xff, 0xff, 0xff, 0xff, 0xff, 0xff, 0xff, 0xff, 0xff, 0xff, 0xff, 0xff, 0xff, 0xff, 0xff,
  0xff, 0xff, 0xff, 0xff, 0xff, 0xff, 0xff, 0xff, 0xff, 0xff, 0xff, 0xff, 0xff, 0xff, 0xff, 0xff,
  0xff, 0xff, 0xff, 0xff, 0xff, 0xff, 0xff, 0xff, 0xff, 0xff, 0xff, 0xff, 0xfa, 0x94, 0x95, 0x3a,
  0x78, 0x2a, 0x7a, 0x22, 0x7a, 0x22, 0x7a, 0x22, 0x7b, 0x22, 0x7b, 0x22, 0x7b, 0x22, 0x7b, 0x22,
  0x7b, 0x22, 0x7a, 0x22, 0x7b, 0x22, 0x7b, 0x22, 0x7b, 0x22, 0x79, 0x2a, 0xb4, 0x29, 0xef, 0x18,
  0xad, 0x18, 0xac, 0x18, 0xac, 0x18, 0xac, 0x18, 0xac, 0x18, 0xab, 0x18, 0xab, 0x18, 0xf1, 0x62,
  0x3f, 0xef, 0xff, 0xff, 0x5e, 0xc6, 0x52, 0x3a, 0x78, 0x2a, 0x7a, 0x22, 0x7b, 0x22, 0x7b, 0x22,
  0x7b, 0x22, 0x79, 0x2a, 0xf3, 0x29, 0xf7, 0x73, 0xdf, 0xff, 0xff, 0xff, 0xff, 0xff, 0xff, 0xff,
  0xff, 0xff, 0xff, 0xff, 0xff, 0xff, 0xff, 0xff, 0xff, 0xff, 0xff, 0xff, 0xff, 0xff, 0xff, 0xff,
  0xff, 0xff, 0xff, 0xff, 0xff, 0xff, 0x5d, 0xef, 0xfc, 0xde, 0x19, 0xc6, 0x70, 0x73, 0xff, 0xff,
  0xff, 0xff, 0xff, 0xff, 0xff, 0xff, 0xff, 0xff, 0xff, 0xff, 0xff, 0xff, 0xff, 0xff, 0xff, 0xff,
  0xff, 0xff, 0xff, 0xff, 0xff, 0xff, 0xff, 0xff, 0xff, 0xff, 0xff, 0xff, 0xff, 0xff, 0xff, 0xff,
  0xff, 0xff, 0xff, 0xff, 0xff, 0xff, 0xff, 0xff, 0xff, 0xff, 0xff, 0xff, 0xff, 0xff, 0xff, 0xff,
  0xff, 0xff, 0xff, 0xff, 0xff, 0xff, 0xff, 0xff, 0xff, 0xff, 0xff, 0xff, 0xff, 0xff, 0xff, 0xff,
  0xff, 0xff, 0xff, 0xff, 0xff, 0xff, 0xff, 0xff, 0xff, 0xff, 0xff, 0xff, 0xff, 0xff, 0xff, 0xff,
  0xff, 0xff, 0xff, 0xff, 0xff, 0xff, 0xff, 0xff, 0xff, 0xff, 0xff, 0xff, 0xff, 0xff, 0xff, 0xff,
  0xff, 0xff, 0x5b, 0xa5, 0xb4, 0x42, 0x55, 0x2a, 0x57, 0x2a, 0x58, 0x2a, 0x79, 0x2a, 0x7a, 0x22,
  0x7a, 0x22, 0x7a, 0x22, 0x7b, 0x22, 0x7a, 0x22, 0x7b, 0x22, 0x7b, 0x22, 0x7b, 0x22, 0x7b, 0x22,
  0x79, 0x2a, 0x92, 0x21, 0xce, 0x18, 0xad, 0x18, 0xac, 0x18, 0xac, 0x18, 0xac, 0x18, 0xac, 0x18,
  0xac, 0x18, 0xac, 0x18, 0xea, 0x20, 0x5c, 0xce, 0xdf, 0xff, 0xbf, 0xf7, 0x71, 0x42, 0x57, 0x2a,
  0x7a, 0x22, 0x7b, 0x22, 0x7b, 0x22, 0x7b, 0x22, 0x79, 0x2a, 0x36, 0x2a, 0x32, 0x3a, 0xdf, 0xf7,
  0xff, 0xff, 0xff, 0xff, 0xff, 0xff, 0xff, 0xff, 0xff, 0xff, 0xff, 0xff, 0xff, 0xff, 0xff, 0xff,
  0xff, 0xff, 0xff, 0xff, 0xff, 0xff, 0xff, 0xff, 0xff, 0xff, 0xdf, 0xff, 0x3c, 0xe7, 0xfc, 0xde,
  0x19, 0xc6, 0x4f, 0x6b, 0xff, 0xff, 0xff, 0xff, 0xff, 0xff, 0xff, 0xff, 0xff, 0xff, 0xff, 0xff,
  0xff, 0xff, 0xff, 0xff, 0xff, 0xff, 0xff, 0xff, 0xff, 0xff, 0xff, 0xff, 0xff, 0xff, 0xff, 0xff,
  0xff, 0xff, 0xff, 0xff, 0xff, 0xff, 0xff, 0xff, 0xff, 0xff, 0xff, 0xff, 0xff, 0xff, 0xff, 0xff,
  0xff, 0xff, 0xff, 0xff, 0xff, 0xff, 0xff, 0xff, 0xff, 0xff, 0xff, 0xff, 0xff, 0xff, 0xff, 0xff,
  0xff, 0xff, 0xff, 0xff, 0xff, 0xff, 0xff, 0xff, 0xff, 0xff, 0xff, 0xff, 0xff, 0xff, 0xff, 0xff,
  0xff, 0xff, 0xff, 0xff, 0xff, 0xff, 0xff, 0xff, 0xff, 0xff, 0xff, 0xff, 0xff, 0xff, 0xff, 0xff,
  0xff, 0xff, 0xff, 0xff, 0xff, 0xff, 0xff, 0xff, 0xfc, 0xbd, 0x54, 0x63, 0xd4, 0x4a, 0xb5, 0x42,
  0x34, 0x32, 0x14, 0x2a, 0x57, 0x2a, 0x79, 0x22, 0x7a, 0x22, 0x7b, 0x22, 0x7b, 0x22, 0x7b, 0x22,
  0x7b, 0x22, 0x7b, 0x22, 0x7b, 0x22, 0x79, 0x2a, 0x92, 0x21, 0xcd, 0x18, 0xac, 0x18, 0xac, 0x18,
  0xac, 0x18, 0xac, 0x18, 0xac, 0x18, 0xac, 0x18, 0xac, 0x18, 0xaa, 0x18, 0x59, 0xad, 0xbf, 0xf7,
  0xdf, 0xff, 0x91, 0x42, 0x77, 0x2a, 0x7a, 0x22, 0x7b, 0x22, 0x7b, 0x22, 0x7b, 0x22, 0x79, 0x2a,
  0x77, 0x32, 0xb0, 0x21, 0xdf, 0xf7, 0xff, 0xff, 0xff, 0xff, 0xff, 0xff, 0xff, 0xff, 0xff, 0xff,
  0xff, 0xff, 0xff, 0xff, 0xff, 0xff, 0xff, 0xff, 0xff, 0xff, 0xff, 0xff, 0xff, 0xff, 0xff, 0xff,
  0xff, 0xff, 0x1c, 0xe7, 0xfc, 0xde, 0x19, 0xc6, 0x90, 0x73, 0xff, 0xff, 0xff, 0xff, 0xff, 0xff,
  0xff, 0xff, 0xff, 0xff, 0xff, 0xff, 0xff, 0xff, 0xff, 0xff, 0xff, 0xff, 0xff, 0xff, 0xff, 0xff,
  0xff, 0xff, 0xff, 0xff, 0xff, 0xff, 0xff, 0xff, 0xff, 0xff, 0xff, 0xff, 0xff, 0xff, 0xff, 0xff,
  0xff, 0xff, 0xff, 0xff, 0xff, 0xff, 0xff, 0xff, 0xff, 0xff, 0xff, 0xff, 0xff, 0xff, 0xff, 0xff,
  0xff, 0xff, 0xff, 0xff, 0xff, 0xff, 0xff, 0xff, 0xff, 0xff, 0xff, 0xff, 0xff, 0xff, 0xff, 0xff,
  0xff, 0xff, 0xff, 0xff, 0xff, 0xff, 0xff, 0xff, 0xff, 0xff, 0xff, 0xff, 0xff, 0xff, 0xff, 0xff,
  0xff, 0xff, 0xff, 0xff, 0xff, 0xff, 0xff, 0xff, 0xff, 0xff, 0xff, 0xff, 0xff, 0xff, 0x7d, 0xce,
  0xf8, 0x9c, 0x5b, 0xa5, 0x7c, 0xa5, 0x79, 0x84, 0x96, 0x63, 0x75, 0x3a, 0x36, 0x2a, 0x79, 0x2a,
  0x7a, 0x22, 0x7a, 0x22, 0x7b, 0x22, 0x7b, 0x22, 0x7b, 0x22, 0x7b, 0x22, 0x79, 0x2a, 0x93, 0x21,
  0xce, 0x18, 0xad, 0x18, 0xac, 0x18, 0xac, 0x18, 0xac, 0x18, 0xac, 0x18, 0xac, 0x18, 0xac, 0x18,
  0xaa, 0x18, 0x59, 0xad, 0xbf, 0xf7, 0x1f, 0xe7, 0x72, 0x3a, 0x77, 0x2a, 0x7a, 0x22, 0x7b, 0x22,
  0x7b, 0x22, 0x7b, 0x22, 0x7a, 0x2a, 0x78, 0x2a, 0xd1, 0x29, 0x5f, 0xe7, 0xff, 0xff, 0xff, 0xff,
  0xff, 0xff, 0xff, 0xff, 0xff, 0xff, 0xff, 0xff, 0xff, 0xff, 0xff, 0xff, 0xff, 0xff, 0xff, 0xff,
  0xff, 0xff, 0xff, 0xff, 0xff, 0xff, 0xdf, 0xff, 0xfc, 0xde, 0xfc, 0xde, 0x19, 0xc6, 0x90, 0x73,
  0xff, 0xff, 0xff, 0xff, 0xff, 0xff, 0xff, 0xff, 0xff, 0xff, 0xff, 0xff, 0xff, 0xff, 0xff, 0xff,
  0xff, 0xff, 0xff, 0xff, 0xff, 0xff, 0xff, 0xff, 0xff, 0xff, 0xff, 0xff, 0xff, 0xff, 0xff, 0xff,
  0xff, 0xff, 0xff, 0xff, 0xff, 0xff, 0xff, 0xff, 0xff, 0xff, 0xff, 0xff, 0xff, 0xff, 0xff, 0xff,
  0xff, 0xff, 0xff, 0xff, 0xff, 0xff, 0xff, 0xff, 0xff, 0xff, 0xff, 0xff, 0xff, 0xff, 0xff, 0xff,
  0xff, 0xff, 0xff, 0xff, 0xff, 0xff, 0xff, 0xff, 0xff, 0xff, 0xff, 0xff, 0xff, 0xff, 0xff, 0xff,
  0xff, 0xff, 0xff, 0xff, 0xff, 0xff, 0xff, 0xff, 0xff, 0xff, 0xff, 0xff, 0xff, 0xff, 0xff, 0xff,
  0xff, 0xff, 0xff, 0xff, 0x3e, 0xe7, 0x9a, 0xb5, 0x5a, 0xad, 0xbf, 0xd6, 0xbf, 0xf7, 0x1f, 0xdf,
  0xb9, 0x8c, 0x73, 0x3a, 0x36, 0x2a, 0x79, 0x22, 0x7a, 0x22, 0x7b, 0x22, 0x7b, 0x22, 0x7b, 0x22,
  0x7a, 0x22, 0x79, 0x2a, 0xf5, 0x21, 0x0f, 0x11, 0xad, 0x18, 0xac, 0x18, 0xac, 0x18, 0xac, 0x18,
  0x8c, 0x18, 0xac, 0x18, 0xac, 0x18, 0xaa, 0x18, 0xda, 0xbd, 0xbf, 0xf7, 0xb9, 0x94, 0x33, 0x32,
  0x78, 0x2a, 0x7a, 0x22, 0x7b, 0x22, 0x7b, 0x22, 0x7b, 0x22, 0x7a, 0x22, 0x78, 0x2a, 0x13, 0x2a,
  0x7e, 0xc6, 0xff, 0xff, 0xff, 0xff, 0xff, 0xff, 0xff, 0xff, 0xff, 0xff, 0xff, 0xff, 0xff, 0xff,
  0xff, 0xff, 0xff, 0xff, 0xff, 0xff, 0xff, 0xff, 0xff, 0xff, 0xff, 0xff, 0x9e, 0xf7, 0xfc, 0xde,
  0xfc, 0xde, 0x19, 0xc6, 0x90, 0x73, 0xff, 0xff, 0xff, 0xff, 0xff, 0xff, 0xff, 0xff, 0xff, 0xff,
  0xff, 0xff, 0xff, 0xff, 0xff, 0xff, 0xff, 0xff, 0xff, 0xff, 0xff, 0xff, 0xff, 0xff, 0xff, 0xff,
  0xff, 0xff, 0xff, 0xff, 0xff, 0xff, 0xff, 0xff, 0xff, 0xff, 0xff, 0xff, 0xff, 0xff, 0xff, 0xff,
  0xff, 0xff, 0xff, 0xff, 0xff, 0xff, 0xff, 0xff, 0xff, 0xff, 0xff, 0xff, 0xff, 0xff, 0xff, 0xff,
  0xff, 0xff, 0xff, 0xff, 0xff, 0xff, 0xff, 0xff, 0xff, 0xff, 0xff, 0xff, 0xff, 0xff, 0xff, 0xff,
  0xff, 0xff, 0xff, 0xff, 0xff, 0xff, 0xff, 0xff, 0xff, 0xff, 0xff, 0xff, 0xff, 0xff, 0xff, 0xff,
  0xff, 0xff, 0xff, 0xff, 0xff, 0xff, 0xff, 0xff, 0xff, 0xff, 0x9f, 0xf7, 0xb5, 0x94, 0x0d, 0x42,
  0x52, 0x6b, 0xda, 0xbd, 0x9f, 0xef, 0x7f, 0xef, 0x98, 0x8c, 0x75, 0x3a, 0x57, 0x2a, 0x7a, 0x22,
  0x7b, 0x22, 0x7b, 0x22, 0x7b, 0x22, 0x7b, 0x22, 0x7a, 0x2a, 0x37, 0x2a, 0x52, 0x19, 0xae, 0x10,
  0xac, 0x18, 0x8c, 0x18, 0xac, 0x18, 0xac, 0x18, 0xac, 0x18, 0xac, 0x18, 0xae, 0x39, 0xdf, 0xde,
  0xff, 0xde, 0x93, 0x42, 0x35, 0x2a, 0x79, 0x2a, 0x7a, 0x22, 0x7b, 0x22, 0x7b, 0x22, 0x7b, 0x22,
  0x7a, 0x22, 0x78, 0x2a, 0x33, 0x32, 0x5d, 0xc6, 0xff, 0xff, 0xff, 0xff, 0xff, 0xff, 0xff, 0xff,
  0xff, 0xff, 0xff, 0xff, 0xff, 0xff, 0xff, 0xff, 0xff, 0xff, 0xff, 0xff, 0xff, 0xff, 0xff, 0xff,
  0xff, 0xff, 0x5d, 0xef, 0xfc, 0xde, 0xfc, 0xde, 0x19, 0xc6, 0x70, 0x6b, 0xff, 0xff, 0xff, 0xff,
  0xff, 0xff, 0xff, 0xff, 0xff, 0xff, 0xff, 0xff, 0xff, 0xff, 0xff, 0xff, 0xff, 0xff, 0xff, 0xff,
  0xff, 0xff, 0xff, 0xff, 0xff, 0xff, 0xff, 0xff, 0xff, 0xff, 0xff, 0xff, 0xff, 0xff, 0xff, 0xff,
  0xff, 0xff, 0xff, 0xff, 0xff, 0xff, 0xff, 0xff, 0xff, 0xff, 0xff, 0xff, 0xff, 0xff, 0xff, 0xff,
  0xff, 0xff, 0xff, 0xff, 0xff, 0xff, 0xff, 0xff, 0xff, 0xff, 0xff, 0xff, 0xff, 0xff, 0xff, 0xff,
  0xff, 0xff, 0xff, 0xff, 0xff, 0xff, 0xff, 0xff, 0xff, 0xff, 0xff, 0xff, 0xff, 0xff, 0xff, 0xff,
  0xff, 0xff, 0xff, 0xff, 0xff, 0xff, 0xff, 0xff, 0xff, 0xff, 0xff, 0xff, 0xff, 0xff, 0xff, 0xff,
  0xff, 0xff, 0x38, 0xa5, 0xad, 0x39, 0xaa, 0x18, 0x6f, 0x52, 0x1c, 0xc6, 0xbf, 0xff, 0x1f, 0xdf,
  0x76, 0x63, 0x15, 0x2a, 0x79, 0x2a, 0x7a, 0x22, 0x7b, 0x22, 0x7b, 0x22, 0x7b, 0x22, 0x7a, 0x22,
  0x79, 0x2a, 0xf6, 0x21, 0x10, 0x19, 0xad, 0x18, 0x8c, 0x18, 0x8c, 0x18, 0xac, 0x18, 0xab, 0x18,
  0x2c, 0x29, 0x99, 0x94, 0x5f, 0xce, 0x18, 0x7c, 0x14, 0x2a, 0x58, 0x2a, 0x7a, 0x22, 0x7b, 0x22,
  0x7b, 0x22, 0x7b, 0x22, 0x7b, 0x22, 0x7a, 0x2a, 0x78, 0x32, 0xb1, 0x21, 0x1f, 0xdf, 0xff, 0xff,
  0xff, 0xff, 0xff, 0xff, 0xff, 0xff, 0xff, 0xff, 0xff, 0xff, 0xff, 0xff, 0xff, 0xff, 0xff, 0xff,
  0xff, 0xff, 0xff, 0xff, 0xff, 0xff, 0xdf, 0xff, 0x1c, 0xe7, 0xfc, 0xde, 0xdc, 0xde, 0xb8, 0xbd,
  0xb1, 0x73, 0xff, 0xff, 0xff, 0xff, 0xff, 0xff, 0xff, 0xff, 0xff, 0xff, 0xff, 0xff, 0xff, 0xff,
  0xff, 0xff, 0xff, 0xff, 0xff, 0xff, 0xff, 0xff, 0xff, 0xff, 0xff, 0xff, 0xff, 0xff, 0xff, 0xff,
  0xff, 0xff, 0xff, 0xff, 0xff, 0xff, 0xff, 0xff, 0xff, 0xff, 0xff, 0xff, 0xff, 0xff, 0xff, 0xff,
  0xff, 0xff, 0xff, 0xff, 0xff, 0xff, 0xff, 0xff, 0xff, 0xff, 0xff, 0xff, 0xff, 0xff, 0xff, 0xff,
  0xff, 0xff, 0xff, 0xff, 0xff, 0xff, 0xff, 0xff, 0xff, 0xff, 0xff, 0xff, 0xff, 0xff, 0xff, 0xff,
  0xff, 0xff, 0xff, 0xff, 0xff, 0xff, 0xff, 0xff, 0xff, 0xff, 0xff, 0xff, 0xff, 0xff, 0xff, 0xff,
  0xff, 0xff, 0xff, 0xff, 0xff, 0xff, 0xff, 0xff, 0x79, 0xad, 0xee, 0x41, 0xab, 0x18, 0xeb, 0x20,
  0xd4, 0x7b, 0x1e, 0xe7, 0xff, 0xff, 0x38, 0x7c, 0x34, 0x32, 0x78, 0x2a, 0x7a, 0x22, 0x7b, 0x22,
  0x7b, 0x22, 0x7b, 0x22, 0x7a, 0x22, 0x7a, 0x22, 0x59, 0x2a, 0xd4, 0x21, 0x10, 0x19, 0xce, 0x10,
  0xce, 0x18, 0xcd, 0x18, 0x6f, 0x31, 0xb3, 0x52, 0x9a, 0x8c, 0xb7, 0x6b, 0x13, 0x32, 0x57, 0x2a,
  0x7a, 0x2a, 0x7a, 0x22, 0x7b, 0x22, 0x7b, 0x22, 0x7b, 0x22, 0x7b, 0x22, 0x79, 0x2a, 0x36, 0x32,
  0xd0, 0x29, 0xdf, 0xf7, 0xff, 0xff, 0xff, 0xff, 0xff, 0xff, 0xff, 0xff, 0xff, 0xff, 0xff, 0xff,
  0xff, 0xff, 0xff, 0xff, 0xff, 0xff, 0xff, 0xff, 0xff, 0xff, 0xff, 0xff, 0x9e, 0xf7, 0xfb, 0xde,
  0xfc, 0xde, 0x9b, 0xd6, 0xb5, 0x9c, 0x16, 0xa5, 0xff, 0xff, 0xff, 0xff, 0xff, 0xff, 0xff, 0xff,
  0xff, 0xff, 0xff, 0xff, 0xff, 0xff, 0xff, 0xff, 0xff, 0xff, 0xff, 0xff, 0xff, 0xff, 0xff, 0xff,
  0xff, 0xff, 0xff, 0xff, 0xff, 0xff, 0xff, 0xff, 0xff, 0xff, 0xff, 0xff, 0xff, 0xff, 0xff, 0xff,
  0xff, 0xff, 0xff, 0xff, 0xff, 0xff, 0xff, 0xff, 0xff, 0xff, 0xff, 0xff, 0xff, 0xff, 0xff, 0xff,
  0xff, 0xff, 0xff, 0xff, 0xff, 0xff, 0xff, 0xff, 0xff, 0xff, 0xff, 0xff, 0xff, 0xff, 0xff, 0xff,
  0xff, 0xff, 0xff, 0xff, 0xff, 0xff, 0xff, 0xff, 0xff, 0xff, 0xff, 0xff, 0xff, 0xff, 0xff, 0xff,
  0xff, 0xff, 0xff, 0xff, 0xff, 0xff, 0xff, 0xff, 0xff, 0xff, 0xff, 0xff, 0xff, 0xff, 0x3b, 0xc6,
  0x90, 0x52, 0xcb, 0x18, 0xab, 0x18, 0x4f, 0x4a, 0x3b, 0xc6, 0xff, 0xff, 0x3b, 0x9d, 0x95, 0x42,
  0x58, 0x2a, 0x7a, 0x22, 0x7a, 0x22, 0x7a, 0x22, 0x7b, 0x22, 0x7b, 0x22, 0x7a, 0x22, 0x7a, 0x2a,
  0x59, 0x2a, 0x16, 0x22, 0x94, 0x19, 0x52, 0x19, 0x31, 0x19, 0x34, 0x3a, 0xf7, 0x4a, 0x14, 0x2a,
  0x15, 0x2a, 0x57, 0x2a, 0x79, 0x2a, 0x7a, 0x22, 0x7b, 0x22, 0x7b, 0x22, 0x7b, 0x22, 0x7b, 0x22,
  0x7a, 0x22, 0x78, 0x2a, 0x13, 0x2a, 0x17, 0x7c, 0xff, 0xff, 0xff, 0xff, 0xff, 0xff, 0xff, 0xff,
  0xff, 0xff, 0xff, 0xff, 0xff, 0xff, 0xff, 0xff, 0xff, 0xff, 0xff, 0xff, 0xff, 0xff, 0xff, 0xff,
  0xdf, 0xff, 0x3c, 0xe7, 0xfb, 0xde, 0xfc, 0xde, 0x1a, 0xc6, 0x91, 0x73, 0xfd, 0xde, 0xff, 0xff,
  0xff, 0xff, 0xff, 0xff, 0xff, 0xff, 0xff, 0xff, 0xff, 0xff, 0xff, 0xff, 0xff, 0xff, 0xff, 0xff,
  0xff, 0xff, 0xff, 0xff, 0xff, 0xff, 0xff, 0xff, 0xff, 0xff, 0xff, 0xff, 0xff, 0xff, 0xff, 0xff,
  0xff, 0xff, 0xff, 0xff, 0xff, 0xff, 0xff, 0xff, 0xff, 0xff, 0xff, 0xff, 0xff, 0xff, 0xff, 0xff,
  0xff, 0xff, 0xff, 0xff, 0xff, 0xff, 0xff, 0xff, 0xff, 0xff, 0xff, 0xff, 0xff, 0xff, 0xff, 0xff,
  0xff, 0xff, 0xff, 0xff, 0xff, 0xff, 0xff, 0xff, 0xff, 0xff, 0xff, 0xff, 0xff, 0xff, 0xff, 0xff,
  0xff, 0xff, 0xff, 0xff, 0xff, 0xff, 0xff, 0xff, 0xff, 0xff, 0xff, 0xff, 0xff, 0xff, 0xff, 0xff,
  0xff, 0xff, 0xff, 0xff, 0x1e, 0xe7, 0xd5, 0x7b, 0x2d, 0x29, 0xab, 0x18, 0xce, 0x39, 0xda, 0xbd,
  0xff, 0xff, 0x5c, 0xa5, 0xb5, 0x42, 0x58, 0x2a, 0x7a, 0x22, 0x7a, 0x22, 0x7a, 0x22, 0x7b, 0x22,
  0x7b, 0x22, 0x7b, 0x22, 0x7a, 0x22, 0x7a, 0x22, 0x7a, 0x2a, 0x59, 0x2a, 0x37, 0x2a, 0xf6, 0x21,
  0xf5, 0x21, 0x16, 0x22, 0x58, 0x2a, 0x79, 0x2a, 0x7a, 0x22, 0x7a, 0x22, 0x7b, 0x22, 0x7b, 0x22,
  0x7b, 0x22, 0x7b, 0x22, 0x7a, 0x22, 0x7a, 0x2a, 0x56, 0x2a, 0x10, 0x32, 0xdf, 0xd6, 0xff, 0xff,
  0xff, 0xff, 0xff, 0xff, 0xff, 0xff, 0xff, 0xff, 0xff, 0xff, 0xff, 0xff, 0xff, 0xff, 0xff, 0xff,
  0xff, 0xff, 0xff, 0xff, 0xff, 0xff, 0x9e, 0xf7, 0xfb, 0xde, 0xfc, 0xde, 0xbb, 0xd6, 0xf6, 0xa4,
  0xf2, 0x7b, 0xff, 0xff, 0xff, 0xff, 0xff, 0xff, 0xff, 0xff, 0xff, 0xff, 0xff, 0xff, 0xff, 0xff,
  0xff, 0xff, 0xff, 0xff, 0xff, 0xff, 0xff, 0xff, 0xff, 0xff, 0xff, 0xff, 0xff, 0xff, 0xff, 0xff,
  0xff, 0xff, 0xff, 0xff, 0xff, 0xff, 0xff, 0xff, 0xff, 0xff, 0xff, 0xff, 0xff, 0xff, 0xff, 0xff,
  0xff, 0xff, 0xff, 0xff, 0xff, 0xff, 0xff, 0xff, 0xff, 0xff, 0xff, 0xff, 0xff, 0xff, 0xff, 0xff,
  0xff, 0xff, 0xff, 0xff, 0xff, 0xff, 0xff, 0xff, 0xff, 0xff, 0xff, 0xff, 0xff, 0xff, 0xff, 0xff,
  0xff, 0xff, 0xff, 0xff, 0xff, 0xff, 0xff, 0xff, 0xff, 0xff, 0xff, 0xff, 0xff, 0xff, 0xff, 0xff,
  0xff, 0xff, 0xff, 0xff, 0xff, 0xff, 0xff, 0xff, 0xff, 0xff, 0xdf, 0xff, 0xb8, 0x9c, 0x8d, 0x31,
  0xab, 0x18, 0xce, 0x39, 0xda, 0xbd, 0xff, 0xff, 0x79, 0x84, 0x54, 0x32, 0x58, 0x2a, 0x7a, 0x22,
  0x7b, 0x22, 0x7b, 0x22, 0x7a, 0x22, 0x7a, 0x22, 0x7a, 0x22, 0x7b, 0x22, 0x7a, 0x22, 0x7a, 0x22,
  0x7a, 0x22, 0x7a, 0x2a, 0x79, 0x2a, 0x79, 0x2a, 0x79, 0x2a, 0x7a, 0x22, 0x7a, 0x22, 0x7a, 0x22,
  0x7a, 0x22, 0x7a, 0x22, 0x7b, 0x22, 0x7b, 0x22, 0x7b, 0x22, 0x7a, 0x2a, 0x58, 0x2a, 0xd2, 0x21,
  0x36, 0x7c, 0xdf, 0xff, 0xff, 0xff, 0xff, 0xff, 0xff, 0xff, 0xff, 0xff, 0xff, 0xff, 0xff, 0xff,
  0xff, 0xff, 0xff, 0xff, 0xff, 0xff, 0xff, 0xff, 0xff, 0xff, 0xbe, 0xf7, 0x1c, 0xe7, 0xfc, 0xde,
  0xdc, 0xde, 0x19, 0xc6, 0x90, 0x73, 0x3b, 0xce, 0xff, 0xff, 0xff, 0xff, 0xff, 0xff, 0xff, 0xff,
  0xff, 0xff, 0xff, 0xff, 0xff, 0xff, 0xff, 0xff, 0xff, 0xff, 0xff, 0xff, 0xff, 0xff, 0xff, 0xff,
  0xff, 0xff, 0xff, 0xff, 0xff, 0xff, 0xff, 0xff, 0xff, 0xff, 0xff, 0xff, 0xff, 0xff, 0xff, 0xff,
  0xff, 0xff, 0xff, 0xff, 0xff, 0xff, 0xff, 0xff, 0xff, 0xff, 0xff, 0xff, 0xff, 0xff, 0xff, 0xff,
  0xff, 0xff, 0xff, 0xff, 0xff, 0xff, 0xff, 0xff, 0xff, 0xff, 0xff, 0xff, 0xff, 0xff, 0xff, 0xff,
  0xff, 0xff, 0xff, 0xff, 0xff, 0xff, 0xff, 0xff, 0xff, 0xff, 0xff, 0xff, 0xff, 0xff, 0xff, 0xff,
  0xff, 0xff, 0xff, 0xff, 0xff, 0xff, 0xff, 0xff, 0xff, 0xff, 0xff, 0xff, 0xff, 0xff, 0xff, 0xff,
  0xff, 0xff, 0x59, 0xad, 0xed, 0x39, 0xaa, 0x18, 0x4f, 0x4a, 0x3c, 0xc6, 0x7f, 0xef, 0xb7, 0x6b,
  0x35, 0x2a, 0x79, 0x2a, 0x7a, 0x22, 0x7b, 0x22, 0x7b, 0x22, 0x7a, 0x22, 0x7a, 0x22, 0x7b, 0x22,
  0x7b, 0x22, 0x7b, 0x22, 0x7a, 0x22, 0x7a, 0x22, 0x7a, 0x22, 0x7a, 0x2a, 0x79, 0x2a, 0x79, 0x2a,
  0x59, 0x2a, 0x7a, 0x22, 0x7a, 0x22, 0x7a, 0x22, 0x7a, 0x22, 0x7b, 0x22, 0x7a, 0x22, 0x7a, 0x2a,
  0x58, 0x2a, 0xf3, 0x29, 0x34, 0x5b, 0x5f, 0xe7, 0xff, 0xff, 0xff, 0xff, 0xff, 0xff, 0xff, 0xff,
  0xff, 0xff, 0xff, 0xff, 0xff, 0xff, 0xff, 0xff, 0xff, 0xff, 0xff, 0xff, 0xff, 0xff, 0xbe, 0xf7,
  0x1d, 0xe7, 0xfc, 0xde, 0xfc, 0xde, 0x9b, 0xd6, 0x53, 0x8c, 0x94, 0x94, 0xff, 0xff, 0xff, 0xff,
  0xff, 0xff, 0xff, 0xff, 0xff, 0xff, 0xff, 0xff, 0xff, 0xff, 0xff, 0xff, 0xff, 0xff, 0xff, 0xff,
  0xff, 0xff, 0xff, 0xff, 0xff, 0xff, 0xff, 0xff, 0xff, 0xff, 0xff, 0xff, 0xff, 0xff, 0xff, 0xff,
  0xff, 0xff, 0xff, 0xff, 0xff, 0xff, 0xff, 0xff, 0xff, 0xff, 0xff, 0xff, 0xff, 0xff, 0xff, 0xff,
  0xff, 0xff, 0xff, 0xff, 0xff, 0xff, 0xff, 0xff, 0xff, 0xff, 0xff, 0xff, 0xff, 0xff, 0xff, 0xff,
  0xff, 0xff, 0xff, 0xff, 0xff, 0xff, 0xff, 0xff, 0xff, 0xff, 0xff, 0xff, 0xff, 0xff, 0xff, 0xff,
  0xff, 0xff, 0xff, 0xff, 0xff, 0xff, 0xff, 0xff, 0xff, 0xff, 0xff, 0xff, 0xff, 0xff, 0xff, 0xff,
  0xff, 0xff, 0xff, 0xff, 0xff, 0xff, 0xff, 0xff, 0x9d, 0xd6, 0x11, 0x63, 0x0a, 0x21, 0xd5, 0x7b,
  0xff, 0xde, 0x5b, 0xa5, 0xb6, 0x42, 0x57, 0x2a, 0x79, 0x22, 0x7b, 0x22, 0x7b, 0x22, 0x7a, 0x22,
  0x7b, 0x22, 0x7b, 0x22, 0x7b, 0x22, 0x7b, 0x22, 0x7a, 0x22, 0x7a, 0x22, 0x7a, 0x22, 0x79, 0x2a,
  0x57, 0x2a, 0x15, 0x2a, 0xf4, 0x29, 0xd4, 0x21, 0x58, 0x22, 0x7a, 0x22, 0x7a, 0x22, 0x7b, 0x22,
  0x7a, 0x22, 0x7a, 0x2a, 0x58, 0x2a, 0xf3, 0x29, 0x13, 0x53, 0x5d, 0xc6, 0xff, 0xff, 0xff, 0xff,
  0xff, 0xff, 0xff, 0xff, 0xff, 0xff, 0xff, 0xff, 0xff, 0xff, 0xff, 0xff, 0xff, 0xff, 0xff, 0xff,
  0xff, 0xff, 0x9e, 0xf7, 0x1d, 0xe7, 0xfc, 0xde, 0xfc, 0xde, 0xbc, 0xd6, 0xd6, 0x9c, 0xb1, 0x73,
  0x1d, 0xe7, 0xff, 0xff, 0xff, 0xff, 0xff, 0xff, 0xff, 0xff, 0xff, 0xff, 0xff, 0xff, 0xff, 0xff,
  0xff, 0xff, 0xff, 0xff, 0xff, 0xff, 0xff, 0xff, 0xff, 0xff, 0xff, 0xff, 0xff, 0xff, 0xff, 0xff,
  0xff, 0xff, 0xff, 0xff, 0xff, 0xff, 0xff, 0xff, 0xff, 0xff, 0xff, 0xff, 0xff, 0xff, 0xff, 0xff,
  0xff, 0xff, 0xff, 0xff, 0xff, 0xff, 0xff, 0xff, 0xff, 0xff, 0xff, 0xff, 0xff, 0xff, 0xff, 0xff,
  0xff, 0xff, 0xff, 0xff, 0xff, 0xff, 0xff, 0xff, 0xff, 0xff, 0xff, 0xff, 0xff, 0xff, 0xff, 0xff,
  0xff, 0xff, 0xff, 0xff, 0xff, 0xff, 0xff, 0xff, 0xff, 0xff, 0xff, 0xff, 0xff, 0xff, 0xff, 0xff,
  0xff, 0xff, 0xff, 0xff, 0xff, 0xff, 0xff, 0xff, 0xff, 0xff, 0xff, 0xff, 0xff, 0xff, 0xbf, 0xf7,
  0x75, 0x8c, 0xf1, 0x5a, 0x7c, 0xad, 0x7c, 0xad, 0xd4, 0x4a, 0x15, 0x2a, 0x79, 0x2a, 0x7a, 0x22,
  0x7b, 0x22, 0x7a, 0x22, 0x7a, 0x22, 0x7a, 0x22, 0x7a, 0x22, 0x7a, 0x22, 0x79, 0x2a, 0x79, 0x2a,
  0x57, 0x2a, 0x16, 0x22, 0x14, 0x2a, 0x54, 0x3a, 0x77, 0x5b, 0x59, 0x7c, 0x32, 0x32, 0x16, 0x22,
  0x79, 0x22, 0x7a, 0x22, 0x7a, 0x22, 0x79, 0x2a, 0x57, 0x2a, 0xf3, 0x29, 0x14, 0x53, 0x3c, 0xc6,
  0xdf, 0xff, 0xff, 0xff, 0xff, 0xff, 0xff, 0xff, 0xff, 0xff, 0xff, 0xff, 0xff, 0xff, 0xff, 0xff,
  0xff, 0xff, 0xff, 0xff, 0xbf, 0xff, 0x5e, 0xf7, 0x5b, 0xd6, 0x37, 0xb5, 0x95, 0xa4, 0xb6, 0xa4,
  0xb6, 0x9c, 0x92, 0x73, 0x3c, 0xce, 0xff, 0xff, 0xff, 0xff, 0xff, 0xff, 0xff, 0xff, 0xff, 0xff,
  0xff, 0xff, 0xff, 0xff, 0xff, 0xff, 0xff, 0xff, 0xff, 0xff, 0xff, 0xff, 0xff, 0xff, 0xff, 0xff,
  0xff, 0xff, 0xff, 0xff, 0xff, 0xff, 0xff, 0xff, 0xff, 0xff, 0xff, 0xff, 0xff, 0xff, 0xff, 0xff,
  0xff, 0xff, 0xff, 0xff, 0xff, 0xff, 0xff, 0xff, 0xff, 0xff, 0xff, 0xff, 0xff, 0xff, 0xff, 0xff,
  0xff, 0xff, 0xff, 0xff, 0xff, 0xff, 0xff, 0xff, 0xff, 0xff, 0xff, 0xff, 0xff, 0xff, 0xff, 0xff,
  0xff, 0xff, 0xff, 0xff, 0xff, 0xff, 0xff, 0xff, 0xff, 0xff, 0xff, 0xff, 0xff, 0xff, 0xff, 0xff,
  0xff, 0xff, 0xff, 0xff, 0xff, 0xff, 0xff, 0xff, 0xff, 0xff, 0xff, 0xff, 0xff, 0xff, 0xff, 0xff,
  0xff, 0xff, 0xff, 0xff, 0xff, 0xff, 0xb9, 0xb5, 0x15, 0x7c, 0x38, 0x7c, 0xb5, 0x42, 0x15, 0x2a,
  0x78, 0x2a, 0x7a, 0x22, 0x7a, 0x22, 0x7b, 0x22, 0x7a, 0x22, 0x7a, 0x22, 0x7a, 0x22, 0x79, 0x2a,
  0x58, 0x2a, 0x16, 0x22, 0xf4, 0x29, 0x12, 0x32, 0xf4, 0x52, 0xf6, 0x73, 0xf9, 0x9c, 0x9e, 0xce,
  0xbf, 0xf7, 0x57, 0x7c, 0xf3, 0x29, 0x37, 0x2a, 0x79, 0x2a, 0x79, 0x2a, 0x36, 0x2a, 0xf2, 0x29,
  0xb5, 0x6b, 0x5d, 0xc6, 0xff, 0xff, 0xff, 0xff, 0xff, 0xff, 0xff, 0xff, 0xff, 0xff, 0xff, 0xff,
  0xff, 0xff, 0xff, 0xff, 0xff, 0xff, 0xbf, 0xff, 0x1e, 0xef, 0x38, 0xb5, 0x34, 0x94, 0x93, 0x8b,
  0xd0, 0x7a, 0x4e, 0x6a, 0x2e, 0x5a, 0x0e, 0x52, 0xb7, 0x9c, 0xdf, 0xff, 0xff, 0xff, 0xdf, 0xf7,
  0xff, 0xd6, 0xbf, 0xce, 0xbf, 0xce, 0xbf, 0xce, 0xbf, 0xce, 0xbf, 0xce, 0xbf, 0xce, 0xbf, 0xce,
  0xbf, 0xce, 0xbf, 0xce, 0xbf, 0xce, 0xbf, 0xce, 0xbf, 0xce, 0xbf, 0xce, 0xbf, 0xce, 0xbf, 0xce,
  0xbf, 0xce, 0xbf, 0xce, 0xbf, 0xce, 0xbf, 0xce, 0xbf, 0xce, 0xbf, 0xce, 0xbf, 0xce, 0xbf, 0xce,
  0xbf, 0xce, 0xbf, 0xce, 0xbf, 0xce, 0xbf, 0xce, 0xbf, 0xce, 0xbf, 0xce, 0xff, 0xd6, 0x9f, 0xef,
  0xff, 0xff, 0xff, 0xff, 0xff, 0xff, 0xff, 0xff, 0xff, 0xff, 0xff, 0xff, 0xff, 0xff, 0xff, 0xff,
  0xff, 0xff, 0xff, 0xff, 0xff, 0xff, 0xff, 0xff, 0xff, 0xff, 0xff, 0xff, 0xff, 0xff, 0xff, 0xff,
  0xff, 0xff, 0xff, 0xff, 0xff, 0xff, 0xff, 0xff, 0xff, 0xff, 0xff, 0xff, 0x3f, 0xe7, 0xb4, 0x6b,
  0xd0, 0x29, 0x35, 0x2a, 0x58, 0x2a, 0x79, 0x22, 0x7a, 0x22, 0x7a, 0x22, 0x79, 0x22, 0x58, 0x22,
  0x58, 0x2a, 0x16, 0x22, 0xf4, 0x21, 0xb2, 0x21, 0x94, 0x42, 0xb7, 0x6b, 0x98, 0x8c, 0x1c, 0xbe,
  0x7f, 0xef, 0xdf, 0xff, 0xff, 0xff, 0xff, 0xff, 0x9e, 0xce, 0x11, 0x32, 0x14, 0x2a, 0x36, 0x2a,
  0x14, 0x2a, 0x94, 0x42, 0x37, 0x84, 0xff, 0xde, 0xff, 0xff, 0xff, 0xff, 0xff, 0xff, 0xff, 0xff,
  0xff, 0xff, 0xff, 0xff, 0xff, 0xff, 0xff, 0xff, 0xbf, 0xff, 0x3c, 0xce, 0xb7, 0x9c, 0xd4, 0x83,
  0x90, 0x5a, 0xef, 0x51, 0xcf, 0x49, 0x51, 0x62, 0x52, 0x62, 0xd0, 0x49, 0x4e, 0x31, 0x75, 0x6b,
  0xfa, 0x9c, 0x3a, 0xa5, 0x7c, 0xa5, 0x59, 0x7c, 0xf9, 0x6b, 0xf9, 0x6b, 0xf9, 0x6b, 0xf8, 0x6b,
  0xf8, 0x6b, 0xf7, 0x6b, 0xf7, 0x6b, 0xf7, 0x6b, 0xf7, 0x6b, 0xf7, 0x6b, 0xf7, 0x6b, 0xf7, 0x6b,
  0xf7, 0x6b, 0xf7, 0x6b, 0xf7, 0x6b, 0xf7, 0x6b, 0xf7, 0x6b, 0xf7, 0x6b, 0xf7, 0x6b, 0xf7, 0x6b,
  0xf7, 0x6b, 0xf7, 0x6b, 0xf7, 0x6b, 0xf7, 0x6b, 0xf7, 0x6b, 0xf7, 0x6b, 0xf7, 0x6b, 0xf7, 0x6b,
  0xf6, 0x6b, 0x97, 0x84, 0xbd, 0xce, 0xff, 0xff, 0xff, 0xff, 0xff, 0xff, 0xff, 0xff, 0xff, 0xff,
  0xff, 0xff, 0xff, 0xff, 0xff, 0xff, 0xff, 0xff, 0xff, 0xff, 0xff, 0xff, 0xff, 0xff, 0xff, 0xff,
  0xff, 0xff, 0xff, 0xff, 0xff, 0xff, 0xff, 0xff, 0xff, 0xff, 0xff, 0xff, 0xff, 0xff, 0xff, 0xff,
  0xff, 0xff, 0xff, 0xff, 0x5a, 0xa5, 0xb3, 0x42, 0x35, 0x2a, 0x58, 0x22, 0x58, 0x22, 0x58, 0x22,
  0x37, 0x2a, 0x16, 0x22, 0xf4, 0x21, 0xd2, 0x29, 0x52, 0x3a, 0x75, 0x63, 0x56, 0x84, 0x9b, 0xad,
  0x1f, 0xdf, 0xdf, 0xf7, 0xff, 0xff, 0xff, 0xff, 0xff, 0xff, 0xff, 0xff, 0xff, 0xff, 0xdf, 0xf7,
  0xd2, 0x52, 0xaf, 0x29, 0x11, 0x32, 0xb6, 0x6b, 0x9a, 0xad, 0x9f, 0xef, 0xff, 0xff, 0xff, 0xff,
  0xff, 0xff, 0xff, 0xff, 0xff, 0xff, 0xff, 0xff, 0xff, 0xff, 0x5f, 0xef, 0x59, 0xb5, 0x77, 0x94,
  0xd2, 0x62, 0x4d, 0x29, 0x2d, 0x29, 0xd1, 0x39, 0x33, 0x4a, 0x13, 0x42, 0xf3, 0x39, 0xd3, 0x31,
  0xb4, 0x29, 0xd4, 0x29, 0xb3, 0x21, 0xf4, 0x29, 0x34, 0x32, 0x75, 0x32, 0x56, 0x32, 0x15, 0x2a,
  0x14, 0x2a, 0x13, 0x2a, 0x36, 0x53, 0x9a, 0x84, 0x1b, 0x95, 0x1a, 0x95, 0x19, 0x95, 0x19, 0x95,
  0x19, 0x95, 0x19, 0x95, 0x19, 0x95, 0x19, 0x95, 0x19, 0x95, 0x19, 0x95, 0x19, 0x95, 0x19, 0x95,
  0x19, 0x95, 0x19, 0x95, 0x19, 0x95, 0x19, 0x95, 0x19, 0x95, 0x19, 0x95, 0x19, 0x95, 0x19, 0x95,
  0x19, 0x95, 0x19, 0x95, 0x19, 0x95, 0x19, 0x95, 0x79, 0xa5, 0xfe, 0xde, 0xff, 0xff, 0xff, 0xff,
  0xff, 0xff, 0xff, 0xff, 0xff, 0xff, 0xff, 0xff, 0xff, 0xff, 0xff, 0xff, 0xff, 0xff, 0xff, 0xff,
  0xff, 0xff, 0xff, 0xff, 0xff, 0xff, 0xff, 0xff, 0xff, 0xff, 0xff, 0xff, 0xff, 0xff, 0xff, 0xff,
  0xff, 0xff, 0xff, 0xff, 0xff, 0xff, 0xff, 0xff, 0xff, 0xff, 0x3f, 0xe7, 0xf6, 0x73, 0x13, 0x2a,
  0xf5, 0x21, 0xd4, 0x21, 0xd3, 0x21, 0xb2, 0x21, 0x33, 0x32, 0x76, 0x63, 0x58, 0x84, 0x3a, 0xa5,
  0xbe, 0xd6, 0xbf, 0xf7, 0xff, 0xff, 0xff, 0xff, 0xff, 0xff, 0xff, 0xff, 0xff, 0xff, 0xff, 0xff,
  0xff, 0xff, 0xff, 0xff, 0xff, 0xff, 0x18, 0xa5, 0xb4, 0x73, 0xb7, 0x94, 0xff, 0xde, 0xdf, 0xff,
  0xff, 0xff, 0xff, 0xff, 0xff, 0xff, 0xff, 0xff, 0xff, 0xff, 0xdf, 0xff, 0x7c, 0xce, 0xf8, 0x9c,
  0x16, 0x84, 0xcf, 0x39, 0x2e, 0x21, 0x91, 0x29, 0xb2, 0x29, 0x92, 0x29, 0xb3, 0x29, 0xd5, 0x29,
  0xf5, 0x29, 0x17, 0x2a, 0x37, 0x2a, 0x58, 0x2a, 0x58, 0x2a, 0x58, 0x32, 0x58, 0x32, 0x57, 0x32,
  0x17, 0x2a, 0x17, 0x2a, 0xf6, 0x21, 0xd5, 0x29, 0xf4, 0x29, 0xd6, 0x52, 0x5a, 0x84, 0x3c, 0xa5,
  0xdf, 0xd6, 0xdf, 0xff, 0xff, 0xff, 0xff, 0xff, 0xdf, 0xff, 0xff, 0xff, 0xff, 0xff, 0xdf, 0xff,
  0xdf, 0xff, 0xff, 0xff, 0xff, 0xff, 0xdf, 0xff, 0xdf, 0xff, 0xff, 0xff, 0xff, 0xff, 0xdf, 0xff,
  0xdf, 0xff, 0xff, 0xff, 0xff, 0xff, 0xdf, 0xff, 0xdf, 0xff, 0xff, 0xff, 0xff, 0xff, 0xff, 0xff,
  0xff, 0xff, 0xff, 0xff, 0xff, 0xff, 0xff, 0xff, 0xff, 0xff, 0xff, 0xff, 0xff, 0xff, 0xff, 0xff,
  0xff, 0xff, 0xff, 0xff, 0xff, 0xff, 0xff, 0xff, 0xff, 0xff, 0xff, 0xff, 0xff, 0xff, 0xff, 0xff,
  0xff, 0xff, 0xff, 0xff, 0xff, 0xff, 0xff, 0xff, 0xff, 0xff, 0xff, 0xff, 0xff, 0xff, 0xff, 0xff,
  0xff, 0xff, 0xdb, 0xb5, 0xb2, 0x4a, 0xd0, 0x29, 0x93, 0x4a, 0xd6, 0x73, 0x77, 0x84, 0x59, 0xa5,
  0xde, 0xd6, 0xbf, 0xf7, 0xff, 0xff, 0xff, 0xff, 0xff, 0xff, 0xff, 0xff, 0xff, 0xff, 0xff, 0xff,
  0xff, 0xff, 0xff, 0xff, 0xff, 0xff, 0xff, 0xff, 0xff, 0xff, 0xff, 0xff, 0x5f, 0xef, 0x1e, 0xdf,
  0xdf, 0xff, 0xff, 0xff, 0xff, 0xff, 0xff, 0xff, 0xff, 0xff, 0xff, 0xff, 0x9f, 0xf7, 0x99, 0xbd,
  0x76, 0x94, 0xf3, 0x62, 0x4e, 0x21, 0x71, 0x21, 0xb3, 0x21, 0xd5, 0x21, 0x17, 0x22, 0x58, 0x2a,
  0x59, 0x2a, 0x79, 0x2a, 0x59, 0x2a, 0x79, 0x2a, 0x79, 0x2a, 0x7a, 0x2a, 0x7a, 0x2a, 0x59, 0x2a,
  0x57, 0x3a, 0x37, 0x3a, 0x37, 0x3a, 0x37, 0x3a, 0x37, 0x3a, 0x37, 0x42, 0x36, 0x3a, 0x35, 0x42,
  0xf4, 0x39, 0xb1, 0x39, 0x11, 0x4a, 0x75, 0x7b, 0x19, 0xb5, 0xbe, 0xee, 0xbf, 0xff, 0xbf, 0xff,
  0xbf, 0xff, 0xbf, 0xff, 0xbf, 0xff, 0xbf, 0xff, 0xbf, 0xff, 0xbf, 0xff, 0xbf, 0xff, 0xbf, 0xff,
  0xbf, 0xff, 0xbf, 0xff, 0xbf, 0xff, 0xbf, 0xff, 0xbf, 0xff, 0xbf, 0xff, 0xbf, 0xff, 0xbf, 0xff,
  0xbf, 0xff, 0xbf, 0xff, 0xbf, 0xff, 0xbf, 0xff, 0xbf, 0xff, 0xbf, 0xff, 0xbf, 0xff, 0xff, 0xff,
  0xff, 0xff, 0xff, 0xff, 0xff, 0xff, 0xff, 0xff, 0xff, 0xff, 0xff, 0xff, 0xff, 0xff, 0xff, 0xff,
  0xff, 0xff, 0xff, 0xff, 0xff, 0xff, 0xff, 0xff, 0xff, 0xff, 0xff, 0xff, 0xff, 0xff, 0xff, 0xff,
  0xff, 0xff, 0xff, 0xff, 0xff, 0xff, 0xff, 0xff, 0x9f, 0xf7, 0x19, 0x9d, 0x90, 0x4a, 0x36, 0x84,
  0xbf, 0xd6, 0xbf, 0xf7, 0xff, 0xff, 0xff, 0xff, 0xff, 0xff, 0xff, 0xff, 0xff, 0xff, 0xff, 0xff,
  0xff, 0xff, 0xff, 0xff, 0xff, 0xff, 0xff, 0xff, 0xff, 0xff, 0xff, 0xff, 0xff, 0xff, 0xff, 0xff,
  0xff, 0xff, 0xff, 0xff, 0xff, 0xff, 0xff, 0xff, 0xff, 0xff, 0xdf, 0xff, 0xbf, 0xff, 0x7b, 0xde,
  0xf6, 0xac, 0x14, 0x94, 0xb0, 0x62, 0xec, 0x20, 0x70, 0x21, 0x93, 0x21, 0x16, 0x2a, 0x59, 0x2a,
  0x7a, 0x2a, 0x7a, 0x22, 0x7a, 0x22, 0x7b, 0x22, 0x7b, 0x22, 0x7b, 0x22, 0x7b, 0x22, 0x7b, 0x22,
  0x7b, 0x22, 0x7a, 0x2a, 0x99, 0x32, 0x7b, 0x73, 0x7a, 0x7b, 0x5a, 0x7b, 0x5a, 0x7b, 0x7a, 0x7b,
  0x7a, 0x7b, 0x5a, 0x7b, 0x79, 0x7b, 0x59, 0x7b, 0x58, 0x83, 0x36, 0x83, 0xf4, 0x7a, 0x53, 0x93,
  0x19, 0xcd, 0x3c, 0xee, 0x3b, 0xf6, 0x3b, 0xf6, 0x3a, 0xf6, 0x3a, 0xf6, 0x3a, 0xf6, 0x3a, 0xf6,
  0x3a, 0xf6, 0x3a, 0xf6, 0x3a, 0xf6, 0x3a, 0xf6, 0x3a, 0xf6, 0x3a, 0xf6, 0x3a, 0xf6, 0x3a, 0xf6,
  0x3a, 0xf6, 0x3a, 0xf6, 0x3a, 0xf6, 0x3a, 0xf6, 0x3a, 0xf6, 0x3a, 0xf6, 0x3a, 0xf6, 0x3a, 0xf6,
  0x3a, 0xf6, 0x3a, 0xf6, 0xff, 0xff, 0xff, 0xff, 0xff, 0xff, 0xff, 0xff, 0xff, 0xff, 0xff, 0xff,
  0xff, 0xff, 0xff, 0xff, 0xff, 0xff, 0xff, 0xff, 0xff, 0xff, 0xff, 0xff, 0xff, 0xff, 0xff, 0xff,
  0xff, 0xff, 0xff, 0xff, 0xff, 0xff, 0xff, 0xff, 0xff, 0xff, 0xff, 0xff, 0xff, 0xff, 0xff, 0xff,
  0x7f, 0xef, 0x38, 0xa5, 0xf3, 0x7b, 0x9a, 0xb5, 0x3f, 0xef, 0xdf, 0xff, 0xff, 0xff, 0xff, 0xff,
  0xff, 0xff, 0xff, 0xff, 0xff, 0xff, 0xff, 0xff, 0xff, 0xff, 0xff, 0xff, 0xff, 0xff, 0xff, 0xff,
  0xff, 0xff, 0xff, 0xff, 0xff, 0xff, 0xff, 0xff, 0xff, 0xff, 0xdf, 0xff, 0xbf, 0xf7, 0xfd, 0xe6,
  0x58, 0xbd, 0x34, 0xa4, 0x10, 0x8b, 0x4e, 0x72, 0x4f, 0x72, 0xae, 0x49, 0x50, 0x21, 0x16, 0x2a,
  0x79, 0x2a, 0x79, 0x2a, 0x7a, 0x22, 0x7a, 0x22, 0x7a, 0x22, 0x7b, 0x22, 0x7b, 0x22, 0x7a, 0x22,
  0x7b, 0x22, 0x7b, 0x22, 0x7b, 0x22, 0x7a, 0x22, 0x7a, 0x22, 0x99, 0x42, 0x7d, 0xa4, 0x3b, 0xbc,
  0x5b, 0xb4, 0x5b, 0xb4, 0x5b, 0xb4, 0x5b, 0xb4, 0x5b, 0xb4, 0x5b, 0xb4, 0x3b, 0xbc, 0x3a, 0xbc,
  0x3a, 0xbc, 0x39, 0xbc, 0x58, 0xbc, 0x58, 0xbc, 0x37, 0xc4, 0x36, 0xc4, 0x76, 0xcc, 0xb6, 0xdc,
  0xd6, 0xdc, 0xf6, 0xe4, 0xf6, 0xe4, 0xf5, 0xe4, 0xf5, 0xe4, 0xf5, 0xe4, 0xf5, 0xe4, 0xf5, 0xe4,
  0xf5, 0xe4, 0xf5, 0xe4, 0xf5, 0xe4, 0xf5, 0xe4, 0xf5, 0xe4, 0xf5, 0xe4, 0xf6, 0xe4, 0xf5, 0xe4,
  0xf5, 0xe4, 0xf6, 0xe4, 0xf5, 0xe4, 0xf5, 0xe4, 0xf6, 0xe4, 0xff, 0xff, 0xff, 0xff, 0xff, 0xff,
  0xff, 0xff, 0xff, 0xff, 0xff, 0xff, 0xff, 0xff, 0xff, 0xff, 0xff, 0xff, 0xff, 0xff, 0xff, 0xff,
  0xff, 0xff, 0xff, 0xff, 0xff, 0xff, 0xff, 0xff, 0xff, 0xff, 0xff, 0xff, 0xff, 0xff, 0xff, 0xff,
  0xff, 0xff, 0xff, 0xff, 0xff, 0xff, 0xff, 0xff, 0x7f, 0xf7, 0x78, 0xb5, 0x33, 0x84, 0xb5, 0x9c,
  0x7b, 0xce, 0x7f, 0xef, 0xbf, 0xff, 0xff, 0xff, 0xff, 0xff, 0xff, 0xff, 0xff, 0xff, 0xff, 0xff,
  0xff, 0xff, 0xff, 0xff, 0xff, 0xff, 0xdf, 0xff, 0xdf, 0xff, 0xbf, 0xf7, 0x9f, 0xf7, 0xfd, 0xee,
  0xd9, 0xcd, 0x53, 0xa4, 0x91, 0x93, 0x8e, 0x7a, 0x4e, 0x82, 0xaf, 0x9a, 0x94, 0xb3, 0x75, 0x9b,
  0x2f, 0x39, 0xf5, 0x31, 0x79, 0x2a, 0x7a, 0x22, 0x7b, 0x22, 0x7b, 0x22, 0x7b, 0x22, 0x7b, 0x22,
  0x7b, 0x22, 0x7b, 0x22, 0x7b, 0x22, 0x7b, 0x22, 0x7b, 0x22, 0x7b, 0x22, 0x7a, 0x22, 0x7a, 0x22,
  0x78, 0x3a, 0x18, 0x73, 0xf6, 0x82, 0xf6, 0x82, 0xf6, 0x82, 0xf6, 0x82, 0xf6, 0x82, 0xf6, 0x82,
  0xf6, 0x82, 0xf6, 0x82, 0xf6, 0x82, 0xf6, 0x82, 0xf6, 0x82, 0xf6, 0x82, 0xf6, 0x82, 0xf5, 0x82,
  0xb4, 0x82, 0x92, 0x8a, 0x90, 0x92, 0x73, 0xb3, 0x99, 0xf5, 0x5b, 0xfe, 0x5b, 0xfe, 0x5b, 0xfe,
  0x5b, 0xfe, 0x5b, 0xfe, 0x5b, 0xfe, 0x5b, 0xfe, 0x5b, 0xfe, 0x5b, 0xfe, 0x5b, 0xfe, 0x5b, 0xfe,
  0x5b, 0xfe, 0x5b, 0xfe, 0x5b, 0xfe, 0x5b, 0xfe, 0x5b, 0xfe, 0x5b, 0xfe, 0x5b, 0xfe, 0x5b, 0xfe,
  0xff, 0xff, 0xff, 0xff, 0xff, 0xff, 0xff, 0xff, 0xff, 0xff, 0xff, 0xff, 0xff, 0xff, 0xff, 0xff,
  0xff, 0xff, 0xff, 0xff, 0xff, 0xff, 0xff, 0xff, 0xff, 0xff, 0xff, 0xff, 0xff, 0xff, 0xff, 0xff,
  0xff, 0xff, 0xff, 0xff, 0xff, 0xff, 0xff, 0xff, 0xff, 0xff, 0xff, 0xff, 0xff, 0xff, 0xff, 0xff,
  0xdf, 0xff, 0x3a, 0xce, 0xd5, 0x9c, 0x33, 0x84, 0xd6, 0x9c, 0xfa, 0xc5, 0x1e, 0xe7, 0x7f, 0xef,
  0x9f, 0xf7, 0x9e, 0xf7, 0x9e, 0xf7, 0x9e, 0xf7, 0x7e, 0xf7, 0x7e, 0xef, 0x5e, 0xef, 0x3e, 0xef,
  0x5b, 0xd6, 0x95, 0xa4, 0x92, 0x93, 0x10, 0x8b, 0x2d, 0x82, 0x8e, 0x9a, 0x10, 0xbb, 0xf3, 0xdb,
  0x14, 0xec, 0x57, 0xe4, 0x32, 0x6a, 0xb3, 0x31, 0x58, 0x32, 0x7a, 0x22, 0x7a, 0x22, 0x7b, 0x22,
  0x7b, 0x22, 0x7b, 0x22, 0x7b, 0x22, 0x7b, 0x22, 0x7b, 0x22, 0x7b, 0x22, 0x7b, 0x22, 0x7b, 0x22,
  0x7b, 0x22, 0x7b, 0x22, 0x7a, 0x22, 0x7a, 0x2a, 0x58, 0x32, 0x38, 0x3a, 0x38, 0x3a, 0x58, 0x3a,
  0x38, 0x3a, 0x58, 0x3a, 0x38, 0x3a, 0x58, 0x3a, 0x38, 0x3a, 0x58, 0x3a, 0x38, 0x3a, 0x58, 0x3a,
  0x38, 0x3a, 0x38, 0x3a, 0x37, 0x3a, 0x16, 0x3a, 0x71, 0x39, 0xec, 0x38, 0xee, 0x61, 0xb7, 0xbc,
  0x7f, 0xff, 0xdf, 0xff, 0xdf, 0xff, 0xdf, 0xff, 0xdf, 0xff, 0xdf, 0xff, 0xdf, 0xff, 0xdf, 0xff,
  0xdf, 0xff, 0xdf, 0xff, 0xdf, 0xff, 0xdf, 0xff, 0xdf, 0xff, 0xdf, 0xff, 0xdf, 0xff, 0xdf, 0xff,
  0xdf, 0xff, 0xdf, 0xff, 0xdf, 0xff, 0xff, 0xff, 0xff, 0xff, 0xff, 0xff, 0xff, 0xff, 0xff, 0xff,
  0xff, 0xff, 0xff, 0xff, 0xff, 0xff, 0xff, 0xff, 0xff, 0xff, 0xff, 0xff, 0xff, 0xff, 0xff, 0xff,
  0xff, 0xff, 0xff, 0xff, 0xff, 0xff, 0xff, 0xff, 0xff, 0xff, 0xff, 0xff, 0xff, 0xff, 0xff, 0xff,
  0xff, 0xff, 0xff, 0xff, 0xff, 0xff, 0xff, 0xff, 0xff, 0xff, 0x5f, 0xef, 0xb9, 0xb5, 0xd5, 0x9c,
  0x53, 0x8c, 0x73, 0x8c, 0xd5, 0x9c, 0x57, 0xad, 0xd8, 0xbd, 0x39, 0xc6, 0x3a, 0xce, 0x3a, 0xc6,
  0x1a, 0xc6, 0x37, 0xb5, 0x33, 0x9c, 0x51, 0x8b, 0x4d, 0x7a, 0x4e, 0x8a, 0x11, 0xab, 0xb3, 0xd3,
  0xf4, 0xe3, 0x14, 0xf4, 0x14, 0xfc, 0x14, 0xfc, 0x57, 0xe4, 0x50, 0x49, 0x16, 0x3a, 0x59, 0x2a,
  0x7b, 0x22, 0x7a, 0x22, 0x7b, 0x22, 0x7b, 0x22, 0x7b, 0x22, 0x7b, 0x22, 0x7b, 0x22, 0x7b, 0x22,
  0x7b, 0x22, 0x7b, 0x22, 0x7b, 0x22, 0x7b, 0x22, 0x7b, 0x22, 0x7b, 0x22, 0x7a, 0x22, 0x7b, 0x22,
  0x7b, 0x22, 0x7b, 0x22, 0x7b, 0x22, 0x7b, 0x22, 0x7b, 0x22, 0x7b, 0x22, 0x7b, 0x22, 0x7b, 0x22,
  0x7b, 0x22, 0x7b, 0x22, 0x7b, 0x22, 0x7b, 0x22, 0x7b, 0x22, 0x7b, 0x22, 0x59, 0x2a, 0xd4, 0x29,
  0xb2, 0x39, 0x93, 0x62, 0xd2, 0x6a, 0x5d, 0xce, 0xff, 0xff, 0xff, 0xff, 0xff, 0xff, 0xff, 0xff,
  0xff, 0xff, 0xff, 0xff, 0xff, 0xff, 0xff, 0xff, 0xff, 0xff, 0xff, 0xff, 0xff, 0xff, 0xff, 0xff,
  0xff, 0xff, 0xff, 0xff, 0xff, 0xff, 0xff, 0xff, 0xff, 0xff, 0xff, 0xff, 0xff, 0xff, 0xff, 0xff,
  0xff, 0xff, 0xff, 0xff, 0xff, 0xff, 0xff, 0xff, 0xff, 0xff, 0xff, 0xff, 0xff, 0xff, 0xff, 0xff,
  0xff, 0xff, 0xff, 0xff, 0xff, 0xff, 0xff, 0xff, 0xff, 0xff, 0xff, 0xff, 0xff, 0xff, 0xff, 0xff,
  0xff, 0xff, 0xff, 0xff, 0xff, 0xff, 0xff, 0xff, 0xff, 0xff, 0xff, 0xff, 0xff, 0xff, 0xff, 0xff,
  0xff, 0xff, 0xff, 0xff, 0x5e, 0xef, 0x3a, 0xc6, 0x56, 0xad, 0x16, 0xa5, 0x16, 0xa5, 0xd5, 0x9c,
  0xd5, 0x9c, 0xd5, 0x9c, 0xb6, 0x9c, 0x75, 0x9c, 0x6e, 0x6a, 0x0c, 0x6a, 0x6e, 0x92, 0x51, 0xbb,
  0xd3, 0xdb, 0x14, 0xec, 0x14, 0xf4, 0x14, 0xfc, 0x14, 0xfc, 0x14, 0xfc, 0x15, 0xfc, 0x58, 0xdc,
  0x50, 0x41, 0x37, 0x3a, 0x79, 0x2a, 0x7a, 0x22, 0x7b, 0x22, 0x7b, 0x22, 0x7b, 0x22, 0x7b, 0x22,
  0x7b, 0x22, 0x7b, 0x22, 0x7b, 0x22, 0x7b, 0x22, 0x7b, 0x22, 0x7b, 0x22, 0x7b, 0x22, 0x7b, 0x22,
  0x7b, 0x22, 0x7b, 0x22, 0x7b, 0x22, 0x7b, 0x22, 0x7b, 0x22, 0x7b, 0x22, 0x7b, 0x22, 0x7b, 0x22,
  0x7b, 0x22, 0x7b, 0x22, 0x7b, 0x22, 0x7b, 0x22, 0x7b, 0x22, 0x7b, 0x22, 0x7b, 0x22, 0x7b, 0x22,
  0x7a, 0x22, 0x59, 0x2a, 0xd5, 0x29, 0x55, 0x42, 0x17, 0x63, 0x12, 0x42, 0xd8, 0x73, 0x9d, 0xa5,
  0x7f, 0xbe, 0x9f, 0xc6, 0x9f, 0xc6, 0x9f, 0xc6, 0x9f, 0xc6, 0x9f, 0xc6, 0x9f, 0xc6, 0x9f, 0xc6,
  0x9f, 0xc6, 0x9f, 0xc6, 0x9f, 0xc6, 0x9f, 0xc6, 0x9f, 0xc6, 0x9f, 0xc6, 0x9f, 0xc6, 0x9f, 0xc6,
  0x9f, 0xc6, 0xff, 0xff, 0xff, 0xff, 0xff, 0xff, 0xff, 0xff, 0xff, 0xff, 0xff, 0xff, 0xff, 0xff,
  0xff, 0xff, 0xff, 0xff, 0xff, 0xff, 0xff, 0xff, 0xff, 0xff, 0xff, 0xff, 0xff, 0xff, 0xff, 0xff,
  0xff, 0xff, 0xff, 0xff, 0xff, 0xff, 0xff, 0xff, 0xff, 0xff, 0xff, 0xff, 0xff, 0xff, 0xff, 0xff,
  0xff, 0xff, 0xff, 0xff, 0xff, 0xff, 0xff, 0xff, 0xff, 0xff, 0xff, 0xff, 0xff, 0xff, 0xff, 0xff,
  0xbf, 0xf7, 0x3e, 0xe7, 0x9c, 0xd6, 0x3b, 0xce, 0x1b, 0xc6, 0x1c, 0xce, 0x11, 0x7b, 0xed, 0x71,
  0x32, 0xab, 0xd4, 0xdb, 0x14, 0xf4, 0x14, 0xf4, 0x14, 0xfc, 0x15, 0xf4, 0x35, 0xf4, 0x35, 0xf4,
  0x16, 0xe4, 0x74, 0xcb, 0xf4, 0x9a, 0x30, 0x31, 0x16, 0x2a, 0x79, 0x2a, 0x7a, 0x22, 0x7b, 0x22,
  0x7b, 0x22, 0x7b, 0x22, 0x7b, 0x22, 0x7b, 0x22, 0x7a, 0x22, 0x7b, 0x22, 0x7b, 0x22, 0x7b, 0x22,
  0x7b, 0x22, 0x7b, 0x22, 0x7b, 0x22, 0x7b, 0x22, 0x7b, 0x22, 0x7b, 0x22, 0x7a, 0x22, 0x7b, 0x22,
  0x7b, 0x22, 0x7b, 0x22, 0x7b, 0x22, 0x7b, 0x22, 0x7b, 0x22, 0x7b, 0x22, 0x7b, 0x22, 0x7b, 0x22,
  0x7b, 0x22, 0x7b, 0x22, 0x7a, 0x22, 0x7a, 0x2a, 0x58, 0x32, 0x15, 0x3a, 0x55, 0x52, 0x75, 0x4a,
  0x13, 0x3a, 0x73, 0x3a, 0xf5, 0x4a, 0xb7, 0x63, 0xb7, 0x63, 0xd7, 0x63, 0xd7, 0x63, 0xd7, 0x63,
  0xd7, 0x63, 0xd7, 0x63, 0xd7, 0x63, 0xd7, 0x63, 0xd7, 0x63, 0xd7, 0x63, 0xd7, 0x63, 0xd7, 0x63,
  0xd7, 0x63, 0xd7, 0x63, 0xd7, 0x63, 0xd7, 0x63, 0xff, 0xff, 0xff, 0xff, 0xff, 0xff, 0xff, 0xff,
  0xff, 0xff, 0xff, 0xff, 0xff, 0xff, 0xff, 0xff, 0xff, 0xff, 0xff, 0xff, 0xff, 0xff, 0xff, 0xff,
  0xff, 0xff, 0xff, 0xff, 0xff, 0xff, 0xff, 0xff, 0xff, 0xff, 0xff, 0xff, 0xff, 0xff, 0xff, 0xff,
  0xff, 0xff, 0xff, 0xff, 0xff, 0xff, 0xff, 0xff, 0xff, 0xff, 0xff, 0xff, 0xff, 0xff, 0xff, 0xff,
  0xff, 0xff, 0xff, 0xff, 0xff, 0xff, 0xff, 0xff, 0xff, 0xff, 0xff, 0xff, 0xff, 0xff, 0xdf, 0xff,
  0xfc, 0xcd, 0x2e, 0x6a, 0x32, 0xb3, 0x14, 0xe4, 0x14, 0xf4, 0x14, 0xf4, 0x35, 0xf4, 0x35, 0xf4,
  0xf5, 0xe3, 0x74, 0xc3, 0xf3, 0x9a, 0x93, 0x82, 0x53, 0x6a, 0xd3, 0x41, 0x93, 0x29, 0x74, 0x11,
  0x58, 0x2a, 0x7a, 0x22, 0x7a, 0x22, 0x7b, 0x22, 0x7b, 0x22, 0x7b, 0x22, 0x7b, 0x22, 0x7b, 0x22,
  0x7b, 0x22, 0x7b, 0x22, 0x7a, 0x22, 0x7b, 0x22, 0x7a, 0x22, 0x7a, 0x22, 0x7a, 0x22, 0x7b, 0x22,
  0x7b, 0x22, 0x7b, 0x22, 0x7b, 0x22, 0x7b, 0x22, 0x7b, 0x22, 0x7b, 0x22, 0x7b, 0x22, 0x7b, 0x22,
  0x7b, 0x22, 0x7b, 0x22, 0x7b, 0x22, 0x7b, 0x22, 0x7b, 0x22, 0x7a, 0x2a, 0x58, 0x2a, 0x16, 0x32,
  0x75, 0x5a, 0xd5, 0x6a, 0x74, 0x52, 0xb8, 0x6b, 0x9a, 0x84, 0x38, 0x74, 0xf4, 0x4a, 0x35, 0x53,
  0x99, 0x84, 0xb9, 0x84, 0xb9, 0x84, 0xb9, 0x84, 0xb9, 0x84, 0xb9, 0x84, 0xb9, 0x84, 0xb9, 0x84,
  0xb9, 0x84, 0xb9, 0x84, 0xb9, 0x84, 0xb9, 0x84, 0xb9, 0x84, 0xb9, 0x84, 0xb9, 0x84, 0xff, 0xff,
  0xff, 0xff, 0xff, 0xff, 0xff, 0xff, 0xff, 0xff, 0xff, 0xff, 0xff, 0xff, 0xff, 0xff, 0xff, 0xff,
  0xff, 0xff, 0xff, 0xff, 0xff, 0xff, 0xff, 0xff, 0xff, 0xff, 0xff, 0xff, 0xff, 0xff, 0xff, 0xff,
  0xff, 0xff, 0xff, 0xff, 0xff, 0xff, 0xff, 0xff, 0xff, 0xff, 0xff, 0xff, 0xff, 0xff, 0xff, 0xff,
  0xff, 0xff, 0xff, 0xff, 0xff, 0xff, 0xff, 0xff, 0xff, 0xff, 0xff, 0xff, 0xff, 0xff, 0xff, 0xff,
  0xff, 0xff, 0xbf, 0xf7, 0xbb, 0xb5, 0xb1, 0x62, 0x0f, 0x6a, 0xf5, 0xcb, 0x36, 0xec, 0x36, 0xec,
  0xf5, 0xdb, 0x54, 0xbb, 0x92, 0x9a, 0x51, 0x82, 0x32, 0x6a, 0xd2, 0x51, 0xb3, 0x39, 0x15, 0x3a,
  0x36, 0x32, 0x57, 0x32, 0x74, 0x11, 0xb5, 0x11, 0x59, 0x2a, 0x7a, 0x2a, 0x7a, 0x22, 0x7a, 0x22,
  0x7a, 0x22, 0x7a, 0x22, 0x7a, 0x22, 0x7a, 0x22, 0x7a, 0x22, 0x7a, 0x22, 0x7a, 0x22, 0x7a, 0x22,
  0x59, 0x22, 0x59, 0x2a, 0x59, 0x22, 0x59, 0x22, 0x7a, 0x22, 0x7a, 0x22, 0x7a, 0x22, 0x7a, 0x22,
  0x7a, 0x22, 0x7b, 0x22, 0x7b, 0x22, 0x7b, 0x22, 0x7b, 0x22, 0x7b, 0x22, 0x7a, 0x22, 0x7a, 0x22,
  0x59, 0x2a, 0xd4, 0x31, 0xd2, 0x41, 0x77, 0x93, 0x14, 0x83, 0xd3, 0x62, 0x5f, 0xce, 0x3f, 0xe7,
  0xdf, 0xd6, 0x99, 0x94, 0x75, 0x6b, 0x1e, 0xbe, 0x3f, 0xe7, 0x3f, 0xe7, 0x3f, 0xe7, 0x3f, 0xe7,
  0x3f, 0xe7, 0x3f, 0xe7, 0x3f, 0xe7, 0x3f, 0xe7, 0x3f, 0xe7, 0x3f, 0xe7, 0x3f, 0xe7, 0x3f, 0xe7,
  0x3f, 0xe7, 0x3f, 0xe7, 0xff, 0xff, 0xff, 0xff, 0xff, 0xff, 0xff, 0xff, 0xff, 0xff, 0xff, 0xff,
  0xff, 0xff, 0xff, 0xff, 0xff, 0xff, 0xff, 0xff, 0xff, 0xff, 0xff, 0xff, 0xff, 0xff, 0xff, 0xff,
  0xff, 0xff, 0xff, 0xff, 0xff, 0xff, 0xff, 0xff, 0xff, 0xff, 0xff, 0xff, 0xff, 0xff, 0xff, 0xff,
  0xff, 0xff, 0xff, 0xff, 0xff, 0xff, 0xff, 0xff, 0xff, 0xff, 0xff, 0xff, 0xff, 0xff, 0xff, 0xff,
  0xff, 0xff, 0xff, 0xff, 0xff, 0xff, 0x7f, 0xef, 0x1a, 0x9d, 0xb3, 0x52, 0x6f, 0x31, 0x11, 0x5a,
  0x55, 0xa3, 0x14, 0xa3, 0x92, 0x8a, 0x73, 0x7a, 0x13, 0x5a, 0xb2, 0x41, 0xb3, 0x39, 0x15, 0x3a,
  0x37, 0x32, 0x58, 0x32, 0x59, 0x2a, 0x79, 0x2a, 0x79, 0x2a, 0x18, 0x22, 0x74, 0x11, 0x95, 0x19,
  0x17, 0x22, 0x79, 0x2a, 0x79, 0x2a, 0x7a, 0x2a, 0x79, 0x2a, 0x59, 0x2a, 0x59, 0x2a, 0x58, 0x22,
  0x58, 0x2a, 0x37, 0x22, 0xf6, 0x21, 0xf6, 0x21, 0xd5, 0x19, 0xd5, 0x19, 0xd5, 0x19, 0x16, 0x22,
  0x38, 0x22, 0x58, 0x22, 0x7a, 0x22, 0x7a, 0x22, 0x7a, 0x22, 0x7a, 0x22, 0x7b, 0x22, 0x7b, 0x22,
  0x7b, 0x22, 0x7a, 0x22, 0x79, 0x2a, 0x16, 0x32, 0x70, 0x41, 0x72, 0x7a, 0xd6, 0xb3, 0x70, 0x82,
  0xd4, 0x93, 0x9f, 0xff, 0xbf, 0xff, 0xbf, 0xff, 0x5d, 0xde, 0xd3, 0x8b, 0x17, 0xb5, 0xbf, 0xff,
  0xdf, 0xff, 0xdf, 0xff, 0xdf, 0xff, 0xdf, 0xff, 0xdf, 0xff, 0xdf, 0xff, 0xdf, 0xff, 0xdf, 0xff,
  0xdf, 0xff, 0xdf, 0xff, 0xdf, 0xff, 0xdf, 0xff, 0xdf, 0xff, 0xff, 0xff, 0xff, 0xff, 0xff, 0xff,
  0xff, 0xff, 0xff, 0xff, 0xff, 0xff, 0xff, 0xff, 0xff, 0xff, 0xff, 0xff, 0xff, 0xff, 0xff, 0xff,
  0xff, 0xff, 0xff, 0xff, 0xff, 0xff, 0xff, 0xff, 0xff, 0xff, 0xff, 0xff, 0xff, 0xff, 0xff, 0xff,
  0xff, 0xff, 0xff, 0xff, 0xff, 0xff, 0xff, 0xff, 0xff, 0xff, 0xff, 0xff, 0xff, 0xff, 0xff, 0xff,
  0xff, 0xff, 0xff, 0xff, 0xff, 0xff, 0xff, 0xff, 0xff, 0xff, 0x1f, 0xdf, 0x98, 0x8c, 0x73, 0x3a,
  0x14, 0x32, 0x91, 0x29, 0x91, 0x39, 0x12, 0x5a, 0xf2, 0x59, 0x92, 0x41, 0xd4, 0x39, 0x16, 0x32,
  0x58, 0x32, 0x59, 0x2a, 0x79, 0x2a, 0x7a, 0x22, 0x7a, 0x22, 0x7b, 0x22, 0x7b, 0x22, 0x7a, 0x22,
  0x7a, 0x2a, 0x17, 0x22, 0x95, 0x11, 0x95, 0x11, 0xb6, 0x19, 0xb6, 0x19, 0xd6, 0x19, 0xd6, 0x19,
  0xd6, 0x19, 0xb5, 0x19, 0x94, 0x11, 0x74, 0x11, 0x74, 0x11, 0x74, 0x11, 0x74, 0x11, 0x74, 0x11,
  0x74, 0x11, 0x73, 0x11, 0x74, 0x11, 0x74, 0x11, 0xd6, 0x19, 0x38, 0x1a, 0x39, 0x22, 0x5a, 0x22,
  0x7a, 0x22, 0x7a, 0x22, 0x7a, 0x22, 0x7a, 0x22, 0x7a, 0x22, 0x58, 0x2a, 0xb4, 0x29, 0xd2, 0x51,
  0xd7, 0xa3, 0x34, 0x93, 0x70, 0x72, 0x5a, 0xc5, 0x9e, 0xe6, 0x9d, 0xee, 0x9e, 0xee, 0x3d, 0xde,
  0x97, 0xac, 0x76, 0xa4, 0x9e, 0xe6, 0x9d, 0xee, 0x9d, 0xee, 0x9d, 0xee, 0x9d, 0xe6, 0x9d, 0xee,
  0x9d, 0xee, 0x9d, 0xee, 0x9d, 0xee, 0x9c, 0xee, 0x9c, 0xf6, 0x9b, 0xf6, 0x9b, 0xf6, 0x7b, 0xf6,
  0xff, 0xff, 0xff, 0xff, 0xff, 0xff, 0xff, 0xff, 0xff, 0xff, 0xff, 0xff, 0xff, 0xff, 0xff, 0xff,
  0xff, 0xff, 0xff, 0xff, 0xff, 0xff, 0xff, 0xff, 0xff, 0xff, 0xff, 0xff, 0xff, 0xff, 0xff, 0xff,
  0xff, 0xff, 0xff, 0xff, 0xff, 0xff, 0xff, 0xff, 0xff, 0xff, 0xff, 0xff, 0xff, 0xff, 0xff, 0xff,
  0x7f, 0xf7, 0xfe, 0xe6, 0xfe, 0xe6, 0xfe, 0xe6, 0x7f, 0xf7, 0xdf, 0xff, 0xff, 0xff, 0x7e, 0xce,
  0x17, 0x7c, 0x53, 0x32, 0x36, 0x2a, 0x58, 0x32, 0xd4, 0x21, 0x72, 0x21, 0xf5, 0x31, 0x16, 0x32,
  0x58, 0x32, 0x59, 0x2a, 0x79, 0x2a, 0x7a, 0x2a, 0x7a, 0x22, 0x7a, 0x22, 0x7a, 0x22, 0x7b, 0x22,
  0x7b, 0x22, 0x7b, 0x22, 0x7b, 0x22, 0x7a, 0x22, 0x7a, 0x22, 0x59, 0x22, 0xd6, 0x19, 0x95, 0x11,
  0x94, 0x11, 0x94, 0x11, 0x74, 0x11, 0x53, 0x11, 0x11, 0x09, 0x73, 0x11, 0x74, 0x11, 0x95, 0x11,
  0xb5, 0x11, 0xb5, 0x19, 0xd6, 0x19, 0xd6, 0x19, 0xd6, 0x19, 0x95, 0x11, 0x74, 0x11, 0x74, 0x11,
  0xf7, 0x19, 0x38, 0x1a, 0x59, 0x22, 0x7a, 0x22, 0x7a, 0x22, 0x7a, 0x22, 0x7a, 0x22, 0x59, 0x22,
  0x38, 0x2a, 0xd5, 0x29, 0x76, 0x5a, 0x58, 0x7b, 0x74, 0x5a, 0xd5, 0x62, 0x7b, 0x94, 0x39, 0x94,
  0x39, 0x94, 0x39, 0x94, 0x39, 0x94, 0xb8, 0x83, 0x97, 0x7b, 0x39, 0x94, 0x39, 0x94, 0x39, 0x94,
  0x39, 0x94, 0x39, 0x94, 0x39, 0x94, 0x39, 0x94, 0x39, 0x94, 0x38, 0x9c, 0x78, 0xac, 0x38, 0xcd,
  0x58, 0xe5, 0x57, 0xe5, 0x57, 0xe5, 0xff, 0xff, 0xff, 0xff, 0xff, 0xff, 0xff, 0xff, 0xff, 0xff,
  0xff, 0xff, 0xff, 0xff, 0xff, 0xff, 0xff, 0xff, 0xff, 0xff, 0xff, 0xff, 0xff, 0xff, 0xff, 0xff,
  0xff, 0xff, 0xff, 0xff, 0xff, 0xff, 0xff, 0xff, 0xff, 0xff, 0xff, 0xff, 0xff, 0xff, 0xff, 0xff,
  0x3e, 0xe7, 0x78, 0xb5, 0x54, 0x8c, 0xd2, 0x7b, 0xd2, 0x7b, 0xd2, 0x83, 0xf2, 0x83, 0xf3, 0x83,
  0x54, 0x8c, 0x96, 0x94, 0x53, 0x6b, 0x33, 0x32, 0x56, 0x32, 0x79, 0x2a, 0x79, 0x2a, 0xd5, 0x21,
  0x94, 0x19, 0x38, 0x2a, 0x7a, 0x2a, 0x7a, 0x22, 0x7b, 0x22, 0x7b, 0x22, 0x7b, 0x22, 0x7b, 0x22,
  0x7b, 0x22, 0x7b, 0x22, 0x7b, 0x22, 0x7b, 0x22, 0x7b, 0x22, 0x7b, 0x22, 0x7b, 0x22, 0x7b, 0x22,
  0x7a, 0x22, 0x59, 0x22, 0x38, 0x22, 0x17, 0x22, 0xf6, 0x21, 0xf6, 0x21, 0xd5, 0x21, 0x31, 0x09,
  0xd4, 0x21, 0x37, 0x2a, 0x38, 0x22, 0x38, 0x22, 0x58, 0x22, 0x59, 0x22, 0x59, 0x22, 0x58, 0x22,
  0x38, 0x22, 0x17, 0x22, 0xf6, 0x19, 0x17, 0x1a, 0x38, 0x22, 0x38, 0x22, 0x59, 0x22, 0x59, 0x22,
  0x59, 0x2a, 0x58, 0x2a, 0x37, 0x2a, 0x15, 0x32, 0x76, 0x4a, 0x96, 0x5a, 0x54, 0x4a, 0x94, 0x4a,
  0x77, 0x63, 0x77, 0x6b, 0x76, 0x6b, 0x56, 0x6b, 0x56, 0x6b, 0x36, 0x6b, 0xb4, 0x5a, 0xd4, 0x5a,
  0x56, 0x6b, 0x56, 0x73, 0x56, 0x73, 0x56, 0x73, 0x56, 0x6b, 0x56, 0x73, 0x56, 0x73, 0x56, 0x73,
  0x55, 0x73, 0x36, 0x9c, 0xdb, 0xdd, 0x9c, 0xfe, 0x9b, 0xfe, 0x9b, 0xfe, 0xff, 0xff, 0xff, 0xff,
  0xff, 0xff, 0xff, 0xff, 0xff, 0xff, 0xff, 0xff, 0xff, 0xff, 0xff, 0xff, 0xff, 0xff, 0xff, 0xff,
  0xff, 0xff, 0xff, 0xff, 0xff, 0xff, 0xff, 0xff, 0xff, 0xff, 0xff, 0xff, 0xff, 0xff, 0xff, 0xff,
  0xff, 0xff, 0xff, 0xff, 0x5c, 0xce, 0xf4, 0x83, 0x8f, 0x5a, 0x6b, 0x31, 0xec, 0x41, 0x10, 0x63,
  0x14, 0x84, 0xb2, 0x7b, 0xcf, 0x62, 0xcc, 0x41, 0x8c, 0x39, 0x4e, 0x29, 0xf4, 0x29, 0x58, 0x2a,
  0x7a, 0x22, 0x79, 0x2a, 0xf6, 0x21, 0x73, 0x11, 0x38, 0x22, 0x7a, 0x22, 0x7a, 0x22, 0x7b, 0x22,
  0x7a, 0x22, 0x7b, 0x22, 0x7b, 0x22, 0x7b, 0x22, 0x7b, 0x22, 0x7b, 0x22, 0x7a, 0x22, 0x7b, 0x22,
  0x7b, 0x22, 0x7b, 0x22, 0x7b, 0x22, 0x7b, 0x22, 0x7a, 0x22, 0x7a, 0x22, 0x79, 0x22, 0x59, 0x22,
  0x59, 0x22, 0x58, 0x2a, 0xd5, 0x21, 0x73, 0x11, 0x58, 0x2a, 0x59, 0x22, 0x7a, 0x22, 0x7a, 0x22,
  0x7a, 0x22, 0x7a, 0x22, 0x7a, 0x22, 0x7a, 0x22, 0x59, 0x22, 0x59, 0x22, 0x59, 0x22, 0x38, 0x22,
  0xf7, 0x19, 0xb5, 0x19, 0x94, 0x19, 0xf5, 0x29, 0xd4, 0x29, 0x91, 0x31, 0x33, 0x62, 0x15, 0x83,
  0x51, 0x5a, 0x92, 0x5a, 0x3b, 0xa5, 0x1d, 0xbe, 0x1d, 0xbe, 0x1d, 0xc6, 0x1d, 0xbe, 0x1e, 0xbe,
  0xb9, 0x94, 0x34, 0x63, 0xd9, 0x9c, 0x1d, 0xbe, 0x1d, 0xc6, 0x1d, 0xbe, 0x1d, 0xbe, 0x1d, 0xbe,
  0x1d, 0xc6, 0x1d, 0xbe, 0x1d, 0xbe, 0x1c, 0xc6, 0x9d, 0xd6, 0x7f, 0xff, 0xdf, 0xff, 0xdf, 0xff,
  0xdf, 0xff, 0xff, 0xff, 0xff, 0xff, 0xff, 0xff, 0xff, 0xff, 0xff, 0xff, 0xff, 0xff, 0xff, 0xff,
  0xff, 0xff, 0xff, 0xff, 0xff, 0xff, 0xff, 0xff, 0xff, 0xff, 0xff, 0xff, 0xff, 0xff, 0xff, 0xff,
  0xff, 0xff, 0xff, 0xff, 0xff, 0xff, 0xff, 0xff, 0xdd, 0xde, 0xb3, 0x83, 0x6b, 0x39, 0x4f, 0x52,
  0x15, 0x8c, 0x7a, 0xb5, 0x3c, 0xce, 0xde, 0xde, 0x9d, 0xd6, 0x3c, 0xce, 0x7a, 0xb5, 0xb5, 0x7b,
  0x8f, 0x31, 0x51, 0x19, 0x16, 0x2a, 0x79, 0x2a, 0x79, 0x2a, 0x16, 0x22, 0x53, 0x09, 0x38, 0x22,
  0x7a, 0x22, 0x7a, 0x22, 0x7b, 0x22, 0x7b, 0x22, 0x7b, 0x22, 0x7b, 0x22, 0x7a, 0x22, 0x79, 0x2a,
  0x59, 0x2a, 0x58, 0x32, 0x58, 0x32, 0x79, 0x2a, 0x7a, 0x2a, 0x7a, 0x22, 0x7b, 0x22, 0x7b, 0x22,
  0x7b, 0x22, 0x7b, 0x22, 0x7a, 0x22, 0x7a, 0x22, 0x7a, 0x2a, 0x58, 0x2a, 0x53, 0x09, 0x18, 0x22,
  0x7a, 0x2a, 0x7a, 0x22, 0x7b, 0x22, 0x7b, 0x22, 0x7b, 0x22, 0x7b, 0x22, 0x7b, 0x22, 0x7a, 0x22,
  0x7a, 0x22, 0x7a, 0x22, 0x59, 0x22, 0x17, 0x22, 0x95, 0x19, 0x53, 0x11, 0x31, 0x19, 0x2f, 0x21,
  0xb0, 0x41, 0xd3, 0x7a, 0x71, 0x72, 0x0f, 0x52, 0x98, 0x94, 0x3f, 0xe7, 0xff, 0xff, 0xff, 0xff,
  0xff, 0xf7, 0xdf, 0xf7, 0xdf, 0xd6, 0x36, 0x84, 0x15, 0x7c, 0x5f, 0xe7, 0xff, 0xff, 0xff, 0xff,
  0xff, 0xff, 0xff, 0xff, 0xff, 0xff, 0xff, 0xff, 0xff, 0xff, 0xff, 0xff, 0xff, 0xff, 0xff, 0xff,
  0xff, 0xff, 0xff, 0xff, 0xff, 0xff, 0xff, 0xff, 0xff, 0xff, 0xff, 0xff, 0xff, 0xff, 0xff, 0xff,
  0xff, 0xff, 0xff, 0xff, 0xff, 0xff, 0xff, 0xff, 0xff, 0xff, 0xff, 0xff, 0xff, 0xff, 0xff, 0xff,
  0xff, 0xff, 0xff, 0xff, 0xff, 0xff, 0xff, 0xff, 0xff, 0xff, 0xff, 0xff, 0xbf, 0xff, 0xb6, 0x9c,
  0x0d, 0x4a, 0x6f, 0x5a, 0xf7, 0xa4, 0x3f, 0xe7, 0xdf, 0xff, 0xff, 0xff, 0xff, 0xff, 0xff, 0xff,
  0xff, 0xff, 0xff, 0xff, 0xff, 0xe6, 0x94, 0x73, 0xd0, 0x39, 0xb3, 0x29, 0x38, 0x2a, 0x79, 0x2a,
  0x17, 0x2a, 0x33, 0x09, 0x38, 0x22, 0x7a, 0x22, 0x7a, 0x22, 0x7b, 0x22, 0x7b, 0x22, 0x7a, 0x22,
  0x7a, 0x22, 0x79, 0x2a, 0x37, 0x32, 0xf5, 0x31, 0xd2, 0x39, 0x34, 0x4a, 0xd4, 0x31, 0x58, 0x32,
  0x7a, 0x2a, 0x7b, 0x22, 0x7b, 0x22, 0x7a, 0x22, 0x7b, 0x22, 0x7b, 0x22, 0x7b, 0x22, 0x7a, 0x22,
  0x79, 0x2a, 0xd6, 0x19, 0x74, 0x11, 0x79, 0x2a, 0x7a, 0x22, 0x7a, 0x22, 0x7b, 0x22, 0x7b, 0x22,
  0x7b, 0x22, 0x7b, 0x22, 0x7b, 0x22, 0x7a, 0x22, 0x7a, 0x22, 0x7a, 0x22, 0x59, 0x22, 0x38, 0x22,
  0xd5, 0x21, 0x30, 0x19, 0xed, 0x20, 0xf0, 0x49, 0xcf, 0x51, 0xae, 0x41, 0x74, 0x73, 0x3d, 0xc6,
  0xde, 0xd6, 0x3f, 0xe7, 0x5f, 0xe7, 0x3f, 0xe7, 0x5d, 0xce, 0x34, 0x84, 0x31, 0x63, 0x1b, 0xc6,
  0xff, 0xff, 0xff, 0xff, 0xff, 0xff, 0xff, 0xff, 0xff, 0xff, 0xff, 0xff, 0xff, 0xff, 0xff, 0xff,
  0xff, 0xff, 0xff, 0xff, 0xff, 0xff, 0xff, 0xff, 0xff, 0xff, 0xff, 0xff, 0xff, 0xff, 0xff, 0xff,
  0xff, 0xff, 0xff, 0xff, 0xff, 0xff, 0xff, 0xff, 0xff, 0xff, 0xff, 0xff, 0xff, 0xff, 0xff, 0xff,
  0xff, 0xff, 0xff, 0xff, 0xff, 0xff, 0xff, 0xff, 0xff, 0xff, 0xff, 0xff, 0xff, 0xff, 0xff, 0xff,
  0xff, 0xff, 0xde, 0xe6, 0x51, 0x73, 0x4b, 0x31, 0x36, 0x94, 0x3f, 0xef, 0xff, 0xff, 0xff, 0xff,
  0xff, 0xff, 0xff, 0xff, 0xff, 0xff, 0xff, 0xff, 0xff, 0xff, 0xff, 0xff, 0x9a, 0xb5, 0x91, 0x5a,
  0x2f, 0x21, 0x16, 0x2a, 0x79, 0x2a, 0x17, 0x2a, 0x53, 0x09, 0x17, 0x22, 0x7a, 0x22, 0x7a, 0x22,
  0x7a, 0x22, 0x7a, 0x2a, 0x59, 0x2a, 0x37, 0x32, 0xd5, 0x31, 0xb2, 0x39, 0xf6, 0x72, 0xd4, 0x82,
  0x11, 0x62, 0x91, 0x41, 0xf4, 0x31, 0x58, 0x2a, 0x7a, 0x22, 0x7a, 0x22, 0x7b, 0x22, 0x7b, 0x22,
  0x7b, 0x22, 0x7b, 0x22, 0x7a, 0x22, 0x7a, 0x22, 0x58, 0x22, 0x53, 0x09, 0x37, 0x22, 0x7a, 0x2a,
  0x7a, 0x22, 0x7b, 0x22, 0x7b, 0x22, 0x7b, 0x22, 0x7b, 0x22, 0x7b, 0x22, 0x7b, 0x22, 0x7a, 0x22,
  0x7a, 0x22, 0x7a, 0x22, 0x59, 0x22, 0x17, 0x22, 0x93, 0x21, 0x50, 0x29, 0xb0, 0x39, 0x4f, 0x29,
  0x8f, 0x31, 0x92, 0x4a, 0xf5, 0x7b, 0x18, 0x9d, 0xba, 0xb5, 0x99, 0xb5, 0xd6, 0x9c, 0x91, 0x73,
  0x50, 0x6b, 0x98, 0xb5, 0x9f, 0xf7, 0xff, 0xff, 0xff, 0xff, 0xff, 0xff, 0xff, 0xff, 0xff, 0xff,
  0xff, 0xff, 0xff, 0xff, 0xff, 0xff, 0xff, 0xff, 0xff, 0xff, 0xff, 0xff, 0xff, 0xff, 0xff, 0xff,
  0xff, 0xff, 0xff, 0xff, 0xff, 0xff, 0xff, 0xff, 0xff, 0xff, 0xff, 0xff, 0xff, 0xff, 0xff, 0xff,
  0xff, 0xff, 0xff, 0xff, 0xff, 0xff, 0xff, 0xff, 0xff, 0xff, 0xff, 0xff, 0xff, 0xff, 0xff, 0xff,
  0xff, 0xff, 0xff, 0xff, 0xff, 0xff, 0xff, 0xff, 0x99, 0xc5, 0xd0, 0x6a, 0xec, 0x49, 0x59, 0xb5,
  0xdf, 0xff, 0xff, 0xff, 0xff, 0xff, 0xff, 0xff, 0xff, 0xff, 0xff, 0xff, 0xff, 0xff, 0xff, 0xff,
  0xff, 0xff, 0xfe, 0xde, 0x50, 0x52, 0xee, 0x18, 0xb4, 0x21, 0x58, 0x2a, 0x37, 0x22, 0x74, 0x11,
  0xd6, 0x19, 0x59, 0x2a, 0x7a, 0x22, 0x7a, 0x2a, 0x58, 0x32, 0x15, 0x3a, 0x91, 0x41, 0x94, 0x7a,
  0x72, 0x7a, 0xb6, 0xb3, 0x17, 0xc4, 0xef, 0x79, 0x10, 0x72, 0x6f, 0x41, 0x16, 0x32, 0x79, 0x2a,
  0x7a, 0x22, 0x7b, 0x22, 0x7b, 0x22, 0x7b, 0x22, 0x7b, 0x22, 0x7a, 0x22, 0x7a, 0x22, 0x79, 0x22,
  0xd6, 0x19, 0x95, 0x11, 0x79, 0x2a, 0x7a, 0x22, 0x7b, 0x22, 0x7b, 0x22, 0x7b, 0x22, 0x7b, 0x22,
  0x7b, 0x22, 0x7b, 0x22, 0x7b, 0x22, 0x7b, 0x22, 0x7b, 0x22, 0x7a, 0x22, 0x59, 0x22, 0x17, 0x22,
  0xd5, 0x21, 0xd4, 0x29, 0xd4, 0x21, 0xb3, 0x21, 0xb2, 0x21, 0xd1, 0x29, 0xb2, 0x52, 0x73, 0x6b,
  0x92, 0x73, 0xd2, 0x7b, 0x94, 0x94, 0x3a, 0xc6, 0x9f, 0xf7, 0xff, 0xff, 0xff, 0xff, 0xff, 0xff,
  0xff, 0xff, 0xff, 0xff, 0xff, 0xff, 0xff, 0xff, 0xff, 0xff, 0xff, 0xff, 0xff, 0xff, 0xff, 0xff,
  0xff, 0xff, 0xff, 0xff, 0xff, 0xff, 0xff, 0xff, 0xff, 0xff, 0xff, 0xff, 0xff, 0xff, 0xff, 0xff,
  0xff, 0xff, 0xff, 0xff, 0xff, 0xff, 0xff, 0xff, 0xff, 0xff, 0xff, 0xff, 0xff, 0xff, 0xff, 0xff,
  0xff, 0xff, 0xff, 0xff, 0xff, 0xff, 0xff, 0xff, 0xff, 0xff, 0xff, 0xff, 0xff, 0xff, 0xb6, 0xac,
  0xb0, 0x6a, 0xd0, 0x6a, 0xfb, 0xcd, 0xff, 0xff, 0xff, 0xff, 0xff, 0xff, 0xff, 0xff, 0xff, 0xff,
  0xff, 0xff, 0xff, 0xff, 0xff, 0xff, 0xff, 0xff, 0x1e, 0xe7, 0x2f, 0x4a, 0x0e, 0x21, 0x93, 0x19,
  0x37, 0x2a, 0x37, 0x2a, 0xb5, 0x19, 0x95, 0x11, 0x38, 0x2a, 0x79, 0x2a, 0x59, 0x2a, 0xf5, 0x31,
  0x75, 0x62, 0xf4, 0x92, 0x54, 0xab, 0x0f, 0x82, 0x0f, 0x82, 0x74, 0xb3, 0xad, 0x81, 0xd1, 0xa2,
  0x72, 0x82, 0x51, 0x31, 0x57, 0x32, 0x79, 0x2a, 0x7b, 0x22, 0x7b, 0x22, 0x7b, 0x22, 0x7b, 0x22,
  0x7b, 0x22, 0x7a, 0x22, 0x7a, 0x22, 0x37, 0x2a, 0x54, 0x09, 0x59, 0x22, 0x7a, 0x22, 0x7a, 0x22,
  0x7a, 0x22, 0x7a, 0x22, 0x7a, 0x22, 0x7a, 0x22, 0x7a, 0x22, 0x7a, 0x22, 0x7a, 0x22, 0x7a, 0x22,
  0x7a, 0x22, 0x7a, 0x22, 0x59, 0x22, 0x17, 0x22, 0x16, 0x22, 0x16, 0x22, 0xf6, 0x21, 0xf4, 0x21,
  0xb2, 0x29, 0x8f, 0x31, 0xd2, 0x5a, 0x9a, 0xb5, 0x5c, 0xce, 0x5f, 0xef, 0xff, 0xff, 0xff, 0xff,
  0xff, 0xff, 0xff, 0xff, 0xff, 0xff, 0xff, 0xff, 0xff, 0xff, 0xff, 0xff, 0xff, 0xff, 0xff, 0xff,
  0xff, 0xff, 0xff, 0xff, 0xff, 0xff, 0xff, 0xff, 0xff, 0xff, 0xff, 0xff, 0xff, 0xff, 0xff, 0xff,
  0xff, 0xff, 0xff, 0xff, 0xff, 0xff, 0xff, 0xff, 0xff, 0xff, 0xff, 0xff, 0xff, 0xff, 0xff, 0xff,
  0xff, 0xff, 0xff, 0xff, 0xff, 0xff, 0xff, 0xff, 0xff, 0xff, 0xff, 0xff, 0xff, 0xff, 0xff, 0xff,
  0xff, 0xff, 0xdf, 0xff, 0x75, 0xa4, 0x8f, 0x6a, 0xd0, 0x72, 0xdb, 0xcd, 0xff, 0xff, 0xff, 0xff,
  0xff, 0xff, 0xff, 0xff, 0xff, 0xff, 0xff, 0xff, 0xff, 0xff, 0xff, 0xff, 0x9f, 0xf7, 0x9d, 0xd6,
  0x2f, 0x4a, 0x4e, 0x29, 0x52, 0x19, 0x37, 0x2a, 0x58, 0x2a, 0xf7, 0x19, 0x33, 0x09, 0x37, 0x2a,
  0x79, 0x2a, 0x16, 0x32, 0x91, 0x41, 0x56, 0x9b, 0x58, 0xd4, 0xb5, 0xc3, 0x6d, 0x69, 0x0b, 0x59,
  0xb1, 0x92, 0x2a, 0x71, 0x93, 0xcb, 0xb5, 0xc3, 0xaf, 0x59, 0xd3, 0x39, 0x59, 0x32, 0x7b, 0x22,
  0x7b, 0x22, 0x7b, 0x22, 0x7b, 0x22, 0x7b, 0x22, 0x7b, 0x22, 0x7a, 0x22, 0x58, 0x2a, 0x95, 0x11,
  0xd7, 0x19, 0x79, 0x2a, 0x7a, 0x22, 0x7a, 0x22, 0x7a, 0x2a, 0x79, 0x2a, 0x59, 0x2a, 0x79, 0x2a,
  0x59, 0x2a, 0x79, 0x2a, 0x59, 0x2a, 0x79, 0x2a, 0x7a, 0x2a, 0x79, 0x22, 0x38, 0x22, 0x16, 0x22,
  0xf6, 0x21, 0xf5, 0x21, 0xf4, 0x29, 0x91, 0x29, 0x2d, 0x31, 0x0e, 0x52, 0x7a, 0xbd, 0xff, 0xff,
  0xff, 0xff, 0xff, 0xff, 0xff, 0xff, 0xff, 0xff, 0xff, 0xff, 0xff, 0xff, 0xff, 0xff, 0xff, 0xff,
  0xff, 0xff, 0xff, 0xff, 0xff, 0xff, 0xff, 0xff, 0xff, 0xff, 0xff, 0xff, 0xff, 0xff, 0xff, 0xff,
  0xff, 0xff, 0xff, 0xff, 0xff, 0xff, 0xff, 0xff, 0xff, 0xff, 0xff, 0xff, 0xff, 0xff, 0xff, 0xff,
  0xff, 0xff, 0xff, 0xff, 0xff, 0xff, 0xff, 0xff, 0xff, 0xff, 0xff, 0xff, 0xff, 0xff, 0xff, 0xff,
  0xff, 0xff, 0xff, 0xff, 0xff, 0xff, 0xff, 0xff, 0xdf, 0xff, 0x75, 0xa4, 0xb0, 0x6a, 0x4e, 0x5a,
  0x59, 0xbd, 0xdf, 0xff, 0xff, 0xff, 0xff, 0xff, 0xff, 0xff, 0xff, 0xff, 0xff, 0xff, 0xff, 0xff,
  0xdf, 0xf7, 0x1d, 0xdf, 0x79, 0xb5, 0x90, 0x5a, 0x4f, 0x31, 0x31, 0x19, 0x16, 0x2a, 0x58, 0x22,
  0x17, 0x1a, 0x53, 0x09, 0xd5, 0x21, 0x58, 0x2a, 0xd5, 0x31, 0x11, 0x62, 0x30, 0x8a, 0x4f, 0xa2,
  0xf1, 0xb2, 0x50, 0x8a, 0x6d, 0x69, 0xad, 0x79, 0x6f, 0xa2, 0xf4, 0xeb, 0x15, 0xe4, 0x12, 0x9b,
  0x0e, 0x39, 0x36, 0x32, 0x7a, 0x2a, 0x7a, 0x22, 0x7b, 0x22, 0x7b, 0x22, 0x7a, 0x22, 0x7a, 0x22,
  0x79, 0x2a, 0x58, 0x2a, 0xf6, 0x29, 0x53, 0x19, 0x57, 0x3a, 0x37, 0x32, 0x16, 0x32, 0x16, 0x32,
  0xf5, 0x31, 0xf5, 0x39, 0xf5, 0x39, 0xf5, 0x39, 0xf5, 0x39, 0xf5, 0x39, 0xf5, 0x31, 0xf6, 0x31,
  0x16, 0x32, 0xf5, 0x29, 0xb3, 0x29, 0xb3, 0x29, 0x92, 0x29, 0x50, 0x29, 0xb0, 0x41, 0x51, 0x62,
  0x2e, 0x62, 0x91, 0x7b, 0x9f, 0xf7, 0xff, 0xff, 0xff, 0xff, 0xff, 0xff, 0xff, 0xff, 0xff, 0xff,
  0xff, 0xff, 0xff, 0xff, 0xff, 0xff, 0xff, 0xff, 0xff, 0xff, 0xff, 0xff, 0xff, 0xff, 0xff, 0xff,
  0xff, 0xff, 0xff, 0xff, 0xff, 0xff, 0xff, 0xff, 0xff, 0xff, 0xff, 0xff, 0xff, 0xff, 0xff, 0xff,
  0xff, 0xff, 0xff, 0xff, 0xff, 0xff, 0xff, 0xff, 0xff, 0xff, 0xff, 0xff, 0xff, 0xff, 0xff, 0xff,
  0xff, 0xff, 0xff, 0xff, 0xff, 0xff, 0xff, 0xff, 0xff, 0xff, 0xff, 0xff, 0xff, 0xff, 0xdf, 0xff,
  0x59, 0xbd, 0x11, 0x73, 0xcd, 0x51, 0xf5, 0x8b, 0xbd, 0xde, 0x9f, 0xf7, 0xbf, 0xf7, 0xdf, 0xff,
  0xff, 0xff, 0xdf, 0xf7, 0x7e, 0xef, 0x1d, 0xdf, 0x7c, 0xce, 0x72, 0x73, 0xb1, 0x6a, 0x4f, 0x39,
  0x11, 0x19, 0x17, 0x2a, 0x38, 0x22, 0x17, 0x1a, 0x94, 0x19, 0x73, 0x19, 0x38, 0x2a, 0x16, 0x32,
  0x90, 0x49, 0xd3, 0x92, 0xd1, 0xaa, 0x8f, 0xaa, 0x90, 0xaa, 0xb0, 0xaa, 0xf1, 0xba, 0xf4, 0xeb,
  0x14, 0xfc, 0x35, 0xf4, 0x93, 0xc3, 0xcf, 0x69, 0xb3, 0x39, 0x59, 0x2a, 0x7a, 0x2a, 0x7b, 0x22,
  0x7b, 0x22, 0x7a, 0x22, 0x7a, 0x2a, 0x58, 0x32, 0x36, 0x32, 0xd4, 0x31, 0x0f, 0x31, 0x70, 0x41,
  0xb1, 0x49, 0x33, 0x62, 0x52, 0x6a, 0xb4, 0x7a, 0xd4, 0x82, 0xd4, 0x82, 0xd4, 0x82, 0xd4, 0x82,
  0xb4, 0x7a, 0x73, 0x72, 0x32, 0x62, 0x12, 0x5a, 0xd1, 0x51, 0xb0, 0x51, 0xd0, 0x59, 0x10, 0x6a,
  0x51, 0x7a, 0xf2, 0x8a, 0x33, 0x93, 0x2e, 0x6a, 0x51, 0x7b, 0xbf, 0xff, 0xff, 0xff, 0xff, 0xff,
  0xff, 0xff, 0xff, 0xff, 0xff, 0xff, 0xff, 0xff, 0xff, 0xff, 0xff, 0xff, 0xff, 0xff, 0xff, 0xff,
  0xff, 0xff, 0xff, 0xff, 0xff, 0xff, 0xff, 0xff, 0xff, 0xff, 0xff, 0xff, 0xff, 0xff, 0xff, 0xff,
  0xff, 0xff, 0xff, 0xff, 0xff, 0xff, 0xff, 0xff, 0xff, 0xff, 0xff, 0xff, 0xff, 0xff, 0xff, 0xff,
  0xff, 0xff, 0xff, 0xff, 0xff, 0xff, 0xff, 0xff, 0xff, 0xff, 0xff, 0xff, 0xff, 0xff, 0xff, 0xff,
  0xff, 0xff, 0xff, 0xff, 0xff, 0xff, 0xde, 0xe6, 0x51, 0x7b, 0xee, 0x51, 0x90, 0x62, 0xf4, 0x83,
  0xba, 0xbd, 0xbd, 0xde, 0xfd, 0xe6, 0xfd, 0xe6, 0xfd, 0xe6, 0xbc, 0xde, 0x3b, 0xce, 0x14, 0x8c,
  0x2f, 0x52, 0x11, 0x52, 0x71, 0x39, 0xb4, 0x21, 0x58, 0x2a, 0x38, 0x22, 0x16, 0x22, 0xf5, 0x21,
  0x32, 0x09, 0x17, 0x22, 0x37, 0x32, 0x71, 0x39, 0xf4, 0x8a, 0x16, 0xd4, 0xb3, 0xd3, 0x73, 0xd3,
  0xd4, 0xe3, 0x14, 0xf4, 0x14, 0xfc, 0x14, 0xfc, 0x34, 0xf4, 0x93, 0xd3, 0x33, 0xa3, 0x50, 0x31,
  0x58, 0x32, 0x79, 0x2a, 0x7a, 0x2a, 0x59, 0x2a, 0x58, 0x32, 0x16, 0x32, 0xd4, 0x39, 0x92, 0x39,
  0x74, 0x62, 0xf4, 0x7a, 0x14, 0x8b, 0x14, 0x8b, 0xf3, 0x8a, 0xd2, 0x8a, 0x90, 0x82, 0x91, 0x82,
  0x90, 0x82, 0x90, 0x82, 0x90, 0x82, 0x91, 0x82, 0x70, 0x7a, 0x50, 0x72, 0x91, 0x7a, 0x91, 0x7a,
  0xb1, 0x82, 0xf2, 0x8a, 0xb1, 0x8a, 0xd1, 0x92, 0x4e, 0x7a, 0xcc, 0x61, 0xcc, 0x51, 0xf3, 0x8b,
  0xff, 0xff, 0xff, 0xff, 0xff, 0xff, 0xff, 0xff, 0xff, 0xff, 0xff, 0xff, 0xff, 0xff, 0xff, 0xff,
  0xff, 0xff, 0xff, 0xff, 0xff, 0xff, 0xff, 0xff, 0xff, 0xff, 0xff, 0xff, 0xff, 0xff, 0xff, 0xff,
  0xff, 0xff, 0xff, 0xff, 0xff, 0xff, 0xff, 0xff, 0xff, 0xff, 0xff, 0xff, 0xff, 0xff, 0xff, 0xff,
  0xff, 0xff, 0xff, 0xff, 0xff, 0xff, 0xff, 0xff, 0xff, 0xff, 0xff, 0xff, 0xff, 0xff, 0xff, 0xff,
  0xff, 0xff, 0xff, 0xff, 0xff, 0xff, 0xff, 0xff, 0xff, 0xff, 0xff, 0xff, 0xbf, 0xff, 0x14, 0x8c,
  0x8d, 0x41, 0xce, 0x49, 0x70, 0x62, 0xd1, 0x6a, 0xd0, 0x6a, 0x31, 0x7b, 0x72, 0x83, 0x92, 0x83,
  0x72, 0x83, 0xd0, 0x72, 0x70, 0x62, 0x30, 0x5a, 0x90, 0x39, 0xd4, 0x31, 0x58, 0x2a, 0x59, 0x2a,
  0x37, 0x22, 0x16, 0x22, 0xf4, 0x21, 0x11, 0x11, 0x94, 0x19, 0x36, 0x32, 0x15, 0x3a, 0x70, 0x49,
  0xb6, 0xc3, 0x35, 0xec, 0x35, 0xf4, 0x14, 0xfc, 0x14, 0xfc, 0x14, 0xfc, 0x14, 0xfc, 0x14, 0xf4,
  0x92, 0xd3, 0x94, 0xb3, 0x0f, 0x29, 0x57, 0x32, 0x59, 0x2a, 0x59, 0x2a, 0x16, 0x32, 0xb2, 0x39,
  0x90, 0x49, 0xb3, 0x7a, 0xf4, 0x8a, 0xf3, 0x8a, 0xb1, 0x7a, 0x4f, 0x72, 0x2e, 0x62, 0x0e, 0x62,
  0x6f, 0x6a, 0xd0, 0x72, 0x12, 0x7b, 0x32, 0x7b, 0x32, 0x7b, 0x32, 0x7b, 0x32, 0x7b, 0x12, 0x7b,
  0xd1, 0x72, 0x4f, 0x62, 0x2f, 0x62, 0x0e, 0x62, 0x0e, 0x62, 0x2d, 0x62, 0x6e, 0x6a, 0x31, 0x83,
  0x15, 0x94, 0x92, 0x7b, 0x74, 0x94, 0xff, 0xff, 0xff, 0xff, 0xff, 0xff, 0xff, 0xff, 0xff, 0xff,
  0xff, 0xff, 0xff, 0xff, 0xff, 0xff, 0xff, 0xff, 0xff, 0xff, 0xff, 0xff, 0xff, 0xff, 0xff, 0xff,
  0xff, 0xff, 0xff, 0xff, 0xff, 0xff, 0xff, 0xff, 0xff, 0xff, 0xff, 0xff, 0xff, 0xff, 0xff, 0xff,
  0xff, 0xff, 0xff, 0xff, 0xff, 0xff, 0xff, 0xff, 0xff, 0xff, 0xff, 0xff, 0xff, 0xff, 0xff, 0xff,
  0xff, 0xff, 0xff, 0xff, 0xff, 0xff, 0xff, 0xff, 0xff, 0xff, 0xff, 0xff, 0xff, 0xff, 0xff, 0xff,
  0xff, 0xff, 0xff, 0xff, 0x5c, 0xce, 0x90, 0x5a, 0x4d, 0x39, 0x6e, 0x39, 0xaf, 0x41, 0x10, 0x52,
  0x71, 0x62, 0xd2, 0x72, 0x13, 0x7b, 0xd2, 0x72, 0x71, 0x62, 0xf0, 0x51, 0x90, 0x39, 0xb3, 0x29,
  0x37, 0x32, 0x59, 0x2a, 0x58, 0x22, 0x16, 0x22, 0xd3, 0x21, 0x4f, 0x19, 0xb5, 0x4a, 0x71, 0x21,
  0xf5, 0x29, 0x57, 0x32, 0x92, 0x39, 0x31, 0x7a, 0x16, 0xdc, 0x35, 0xf4, 0x14, 0xfc, 0x14, 0xfc,
  0x14, 0xfc, 0x15, 0xf4, 0xd4, 0xdb, 0x53, 0xbb, 0x51, 0x7a, 0x50, 0x31, 0x56, 0x3a, 0x36, 0x3a,
  0xd4, 0x31, 0xb2, 0x41, 0xb4, 0x72, 0xf3, 0x82, 0xb1, 0x82, 0xee, 0x69, 0xed, 0x61, 0x70, 0x72,
  0x16, 0x9c, 0xb9, 0xac, 0xb9, 0xa4, 0x78, 0x94, 0x99, 0x9c, 0x17, 0x84, 0x17, 0x84, 0x17, 0x84,
  0x17, 0x84, 0x17, 0x84, 0xf7, 0x83, 0xf7, 0x83, 0x17, 0x8c, 0x98, 0x9c, 0x1a, 0xb5, 0x1a, 0xb5,
  0x3a, 0xb5, 0x9b, 0xbd, 0x5e, 0xd6, 0xdf, 0xde, 0xd7, 0x9c, 0x74, 0x94, 0xff, 0xff, 0xff, 0xff,
  0x7f, 0xef, 0x9d, 0xce, 0x3d, 0xbe, 0x3d, 0xbe, 0x3d, 0xbe, 0x3d, 0xbe, 0x3d, 0xbe, 0x3d, 0xbe,
  0x3d, 0xbe, 0x3d, 0xbe, 0x3d, 0xbe, 0x3d, 0xbe, 0x3d, 0xbe, 0x3d, 0xbe, 0x3d, 0xbe, 0x3d, 0xbe,
  0x3d, 0xbe, 0x3d, 0xbe, 0xff, 0xff, 0xff, 0xff, 0xff, 0xff, 0xff, 0xff, 0xff, 0xff, 0xff, 0xff,
  0xff, 0xff, 0xff, 0xff, 0xff, 0xff, 0xff, 0xff, 0xff, 0xff, 0xff, 0xff, 0xff, 0xff, 0xff, 0xff,
  0xff, 0xff, 0xff, 0xff, 0xff, 0xff, 0xff, 0xff, 0xff, 0xff, 0xbf, 0xff, 0xf8, 0xa4, 0xef, 0x41,
  0x6f, 0x29, 0xb2, 0x39, 0xf2, 0x41, 0x12, 0x4a, 0xd1, 0x49, 0xd1, 0x41, 0xf2, 0x49, 0x13, 0x4a,
  0xb3, 0x31, 0xd4, 0x29, 0x37, 0x2a, 0x59, 0x2a, 0x38, 0x22, 0xf6, 0x21, 0x92, 0x19, 0xd0, 0x29,
  0x77, 0x8c, 0x5f, 0xc6, 0x11, 0x3a, 0x71, 0x21, 0x37, 0x32, 0x36, 0x3a, 0x90, 0x49, 0xf3, 0x9a,
  0x36, 0xe4, 0x34, 0xf4, 0x14, 0xf4, 0x15, 0xec, 0xd5, 0xd3, 0xd1, 0x9a, 0xaf, 0x59, 0x90, 0x41,
  0xf3, 0x41, 0xd3, 0x39, 0x4f, 0x41, 0x73, 0x6a, 0x14, 0x8b, 0xb2, 0x82, 0xce, 0x59, 0x0e, 0x5a,
  0xd4, 0x8b, 0xf9, 0xac, 0x57, 0x94, 0xf6, 0x83, 0x35, 0x6b, 0x35, 0x63, 0x36, 0x63, 0x16, 0x5b,
  0xd5, 0x52, 0x94, 0x42, 0x74, 0x42, 0x74, 0x42, 0x74, 0x3a, 0x94, 0x42, 0xd5, 0x52, 0x36, 0x5b,
  0x35, 0x63, 0x76, 0x6b, 0x79, 0x8c, 0x3b, 0xad, 0x7c, 0xb5, 0x3a, 0xa5, 0xd4, 0x7b, 0x10, 0x63,
  0x37, 0xad, 0xff, 0xff, 0xff, 0xff, 0xbd, 0xce, 0x37, 0x74, 0x76, 0x5b, 0x77, 0x5b, 0x97, 0x5b,
  0x77, 0x5b, 0x77, 0x5b, 0x97, 0x5b, 0x77, 0x5b, 0x77, 0x5b, 0x77, 0x5b, 0x77, 0x5b, 0x97, 0x5b,
  0x77, 0x5b, 0x77, 0x5b, 0x97, 0x5b, 0x97, 0x5b, 0x97, 0x5b, 0xff, 0xff, 0xff, 0xff, 0xff, 0xff,
  0xff, 0xff, 0xff, 0xff, 0xff, 0xff, 0xff, 0xff, 0xff, 0xff, 0xff, 0xff, 0xff, 0xff, 0xff, 0xff,
  0xff, 0xff, 0xff, 0xff, 0xff, 0xff, 0xff, 0xff, 0xff, 0xff, 0xff, 0xff, 0xff, 0xff, 0xff, 0xff,
  0xff, 0xff, 0x3f, 0xe7, 0xb8, 0x94, 0x31, 0x3a, 0xd2, 0x31, 0xf3, 0x39, 0xf3, 0x39, 0xd3, 0x39,
  0xb3, 0x31, 0xd3, 0x39, 0xf4, 0x31, 0x16, 0x32, 0x57, 0x32, 0x58, 0x2a, 0x37, 0x22, 0xd4, 0x21,
  0x70, 0x19, 0xf4, 0x52, 0x5a, 0xa5, 0x7f, 0xef, 0xdf, 0xff, 0x13, 0x63, 0x4f, 0x19, 0xd4, 0x21,
  0x57, 0x32, 0x14, 0x3a, 0x90, 0x49, 0x13, 0xa3, 0x16, 0xd4, 0x74, 0xbb, 0x91, 0x9a, 0xcf, 0x69,
  0xaf, 0x59, 0x90, 0x41, 0xb1, 0x41, 0x91, 0x41, 0x12, 0x5a, 0xf4, 0x82, 0x13, 0x93, 0xee, 0x69,
  0xad, 0x59, 0xb5, 0x8b, 0xfa, 0xa4, 0xb9, 0x94, 0x95, 0x6b, 0xf4, 0x52, 0x32, 0x3a, 0x91, 0x21,
  0xd3, 0x21, 0x14, 0x2a, 0x35, 0x2a, 0x36, 0x2a, 0x15, 0x2a, 0x15, 0x2a, 0x15, 0x22, 0x15, 0x22,
  0x15, 0x2a, 0x35, 0x2a, 0x14, 0x2a, 0xd2, 0x29, 0x90, 0x29, 0xef, 0x41, 0x2f, 0x52, 0x4f, 0x5a,
  0xee, 0x51, 0x8f, 0x62, 0x59, 0xc5, 0xdd, 0xf6, 0xbf, 0xff, 0xbf, 0xff, 0xff, 0xee, 0x5c, 0xb5,
  0xdc, 0x9c, 0xfc, 0x9c, 0xfc, 0x9c, 0xdc, 0x9c, 0xfd, 0x9c, 0xdc, 0x9c, 0xdc, 0x9c, 0xdd, 0x9c,
  0xdd, 0x9c, 0xdc, 0x9c, 0xdc, 0x9c, 0xdd, 0x9c, 0xdc, 0x9c, 0xfc, 0x9c, 0xfc, 0x9c, 0xdc, 0x9c,
  0xff, 0xff, 0xff, 0xff, 0xff, 0xff, 0xff, 0xff, 0xff, 0xff, 0xff, 0xff, 0xff, 0xff, 0xff, 0xff,
  0xff, 0xff, 0xff, 0xff, 0xff, 0xff, 0xff, 0xff, 0xff, 0xff, 0xff, 0xff, 0xff, 0xff, 0xff, 0xff,
  0xff, 0xff, 0xff, 0xff, 0xff, 0xff, 0xff, 0xff, 0xff, 0xff, 0x3f, 0xe7, 0x3a, 0xa5, 0x91, 0x4a,
  0xb0, 0x29, 0xf3, 0x31, 0x36, 0x32, 0x57, 0x3a, 0x57, 0x32, 0x57, 0x32, 0x37, 0x32, 0x36, 0x2a,
  0xf4, 0x21, 0x91, 0x19, 0xaf, 0x29, 0x37, 0x7c, 0x5d, 0xc6, 0xbf, 0xf7, 0xff, 0xff, 0xff, 0xff,
  0xf9, 0x9c, 0xcf, 0x31, 0x50, 0x19, 0x15, 0x2a, 0x57, 0x32, 0xd4, 0x31, 0xf3, 0x51, 0x33, 0x62,
  0x12, 0x5a, 0xd2, 0x49, 0x92, 0x39, 0xf3, 0x41, 0xd2, 0x41, 0x4f, 0x41, 0x92, 0x82, 0x54, 0x9b,
  0xb1, 0x82, 0xad, 0x51, 0x6f, 0x62, 0xd9, 0xac, 0xba, 0x9c, 0x14, 0x63, 0x94, 0x4a, 0xb2, 0x21,
  0x15, 0x2a, 0x16, 0x2a, 0x37, 0x2a, 0x58, 0x2a, 0x58, 0x2a, 0x79, 0x2a, 0x79, 0x2a, 0x79, 0x2a,
  0x79, 0x2a, 0x79, 0x2a, 0x79, 0x2a, 0x79, 0x2a, 0x79, 0x2a, 0x58, 0x2a, 0x36, 0x2a, 0x55, 0x4a,
  0xf4, 0x82, 0xb1, 0x92, 0xb1, 0x92, 0xb0, 0x92, 0xb3, 0xb3, 0xdb, 0xfd, 0xfa, 0xfd, 0xfa, 0xfd,
  0xfa, 0xfd, 0xda, 0xfd, 0x9b, 0xed, 0x7b, 0xed, 0x9b, 0xed, 0x9b, 0xed, 0x9b, 0xed, 0x7b, 0xed,
  0x7b, 0xed, 0x7b, 0xed, 0x7b, 0xed, 0x7b, 0xed, 0x7b, 0xed, 0x9b, 0xed, 0x7b, 0xed, 0x7b, 0xed,
  0x7b, 0xed, 0x9b, 0xed, 0x7b, 0xed, 0xff, 0xff, 0xff, 0xff, 0xff, 0xff, 0xff, 0xff, 0xff, 0xff,
  0xff, 0xff, 0xff, 0xff, 0xff, 0xff, 0xff, 0xff, 0xff, 0xff, 0xff, 0xff, 0xff, 0xff, 0xff, 0xff,
  0xff, 0xff, 0xff, 0xff, 0xff, 0xff, 0xff, 0xff, 0xff, 0xff, 0xff, 0xff, 0xff, 0xff, 0xff, 0xff,
  0xff, 0xff, 0x7f, 0xef, 0x3d, 0xc6, 0xb9, 0x8c, 0xf4, 0x4a, 0xf2, 0x29, 0xd2, 0x21, 0xb2, 0x21,
  0xb2, 0x21, 0xb2, 0x21, 0x90, 0x19, 0x11, 0x32, 0x17, 0x7c, 0x9b, 0xad, 0x3f, 0xe7, 0xff, 0xff,
  0xff, 0xff, 0xff, 0xff, 0xff, 0xff, 0x3f, 0xe7, 0x4f, 0x42, 0x0e, 0x19, 0x51, 0x19, 0x16, 0x2a,
  0x57, 0x32, 0x35, 0x3a, 0xf4, 0x31, 0xf5, 0x39, 0x15, 0x3a, 0x15, 0x42, 0x92, 0x39, 0x12, 0x5a,
  0x14, 0x8b, 0x54, 0x9b, 0xcd, 0x69, 0x8c, 0x51, 0x37, 0x9c, 0x99, 0x94, 0x75, 0x6b, 0xb3, 0x4a,
  0x91, 0x21, 0x15, 0x2a, 0x37, 0x2a, 0x58, 0x2a, 0x7a, 0x22, 0x7a, 0x22, 0x7a, 0x22, 0x7a, 0x22,
  0x7a, 0x22, 0x7b, 0x22, 0x7b, 0x22, 0x7b, 0x22, 0x7b, 0x22, 0x7b, 0x22, 0x7b, 0x22, 0x7b, 0x22,
  0x7a, 0x22, 0x59, 0x2a, 0xd9, 0x52, 0x5c, 0xb4, 0x39, 0xc4, 0x38, 0xc4, 0x37, 0xcc, 0x76, 0xd4,
  0xd6, 0xdc, 0xd5, 0xe4, 0xd5, 0xe4, 0xd5, 0xe4, 0xd5, 0xe4, 0xd5, 0xe4, 0xd6, 0xe4, 0xd5, 0xe4,
  0xd5, 0xdc, 0xd6, 0xe4, 0xd6, 0xe4, 0xd5, 0xe4, 0xd5, 0xdc, 0xd6, 0xe4, 0xd6, 0xe4, 0xd5, 0xe4,
  0xd5, 0xdc, 0xd6, 0xe4, 0xd6, 0xe4, 0xd5, 0xe4, 0xd5, 0xdc, 0xd6, 0xe4, 0xff, 0xff, 0xff, 0xff,
  0xff, 0xff, 0xff, 0xff, 0xff, 0xff, 0xff, 0xff, 0xff, 0xff, 0xff, 0xff, 0xff, 0xff, 0xff, 0xff,
  0xff, 0xff, 0xff, 0xff, 0xff, 0xff, 0xff, 0xff, 0xff, 0xff, 0xff, 0xff, 0xff, 0xff, 0xff, 0xff,
  0xff, 0xff, 0xff, 0xff, 0xff, 0xff, 0xff, 0xff, 0xff, 0xff, 0xff, 0xff, 0x7f, 0xef, 0x7d, 0xce,
  0xdb, 0xb5, 0xbb, 0xad, 0x5a, 0xa5, 0x19, 0x9d, 0x9a, 0xad, 0xbb, 0xad, 0x1b, 0xbe, 0x3f, 0xe7,
  0xdf, 0xff, 0xff, 0xff, 0xff, 0xff, 0xff, 0xff, 0xff, 0xff, 0xff, 0xff, 0xff, 0xff, 0x11, 0x63,
  0x6e, 0x29, 0x2f, 0x19, 0xb2, 0x21, 0xf4, 0x29, 0x57, 0x32, 0x57, 0x32, 0x57, 0x3a, 0xf4, 0x39,
  0x4f, 0x41, 0x72, 0x72, 0x55, 0x9b, 0xf2, 0x8a, 0x8d, 0x51, 0x0e, 0x5a, 0x58, 0x9c, 0x96, 0x73,
  0xb4, 0x4a, 0xb2, 0x21, 0x15, 0x2a, 0x37, 0x2a, 0x79, 0x2a, 0x7a, 0x2a, 0x7a, 0x22, 0x7a, 0x22,
  0x7a, 0x22, 0x7b, 0x22, 0x7b, 0x22, 0x7b, 0x22, 0x7b, 0x22, 0x7b, 0x22, 0x7b, 0x22, 0x7b, 0x22,
  0x7b, 0x22, 0x7b, 0x22, 0x7b, 0x22, 0x7a, 0x22, 0x7a, 0x2a, 0x99, 0x3a, 0xf8, 0x62, 0xb6, 0x6a,
  0x74, 0x6a, 0x10, 0x62, 0xf4, 0xa3, 0x9d, 0xfe, 0x9c, 0xfe, 0xbb, 0xfe, 0xbb, 0xfe, 0xbb, 0xfe,
  0xbb, 0xfe, 0xbb, 0xfe, 0xbb, 0xfe, 0xbb, 0xfe, 0xbb, 0xfe, 0xbb, 0xfe, 0xbb, 0xfe, 0xbb, 0xfe,
  0xbb, 0xfe, 0xbb, 0xfe, 0xbb, 0xfe, 0xbb, 0xfe, 0xbb, 0xfe, 0xbb, 0xfe, 0xbb, 0xfe, 0xbb, 0xfe,
  0xbb, 0xfe, 0xff, 0xff, 0xff, 0xff, 0xff, 0xff, 0xff, 0xff, 0xff, 0xff, 0xff, 0xff, 0xff, 0xff,
  0xff, 0xff, 0xff, 0xff, 0xff, 0xff, 0xff, 0xff, 0xff, 0xff, 0xff, 0xff, 0xff, 0xff, 0xff, 0xff,
  0xff, 0xff, 0xff, 0xff, 0xff, 0xff, 0xff, 0xff, 0xff, 0xff, 0xff, 0xff, 0xff, 0xff, 0xff, 0xff,
  0xff, 0xff, 0xff, 0xff, 0xff, 0xff, 0xff, 0xff, 0xff, 0xff, 0xdf, 0xff, 0xbf, 0xf7, 0xdf, 0xff,
  0xff, 0xff, 0xff, 0xff, 0xff, 0xff, 0xff, 0xff, 0xff, 0xff, 0xff, 0xff, 0xff, 0xff, 0xff, 0xff,
  0xff, 0xff, 0xff, 0xff, 0x18, 0xa5, 0xae, 0x31, 0x4f, 0x29, 0xf5, 0x5a, 0x13, 0x32, 0xb3, 0x21,
  0x36, 0x32, 0xf4, 0x29, 0x71, 0x31, 0xb3, 0x7a, 0x54, 0x9b, 0x2f, 0x7a, 0x6c, 0x51, 0x74, 0x83,
  0xd6, 0x7b, 0xb3, 0x52, 0xf2, 0x31, 0xd4, 0x29, 0x37, 0x2a, 0x79, 0x2a, 0x7a, 0x22, 0x7a, 0x22,
  0x7b, 0x22, 0x7b, 0x22, 0x7b, 0x22, 0x7b, 0x22, 0x7b, 0x22, 0x7b, 0x22, 0x7b, 0x22, 0x7b, 0x22,
  0x7b, 0x22, 0x7a, 0x22, 0x7b, 0x22, 0x7b, 0x22, 0x7b, 0x22, 0x7b, 0x22, 0x7a, 0x22, 0x7a, 0x22,
  0x58, 0x2a, 0x16, 0x2a, 0xb3, 0x29, 0x50, 0x29, 0x2d, 0x29, 0x93, 0x83, 0xdf, 0xff, 0xdf, 0xff,
  0xdf, 0xff, 0xdf, 0xff, 0xdf, 0xff, 0xdf, 0xff, 0xdf, 0xff, 0xdf, 0xff, 0xdf, 0xff, 0xdf, 0xff,
  0xdf, 0xff, 0xdf, 0xff, 0xdf, 0xff, 0xdf, 0xff, 0xdf, 0xff, 0xdf, 0xff, 0xdf, 0xff, 0xdf, 0xff,
  0xdf, 0xff, 0xdf, 0xff, 0xdf, 0xff, 0xdf, 0xff, 0xff, 0xff, 0xff, 0xff, 0xff, 0xff, 0xff, 0xff,
  0xff, 0xff, 0xff, 0xff, 0xff, 0xff, 0xff, 0xff, 0xff, 0xff, 0xff, 0xff, 0xff, 0xff, 0xff, 0xff,
  0xff, 0xff, 0xff, 0xff, 0xff, 0xff, 0xff, 0xff, 0xff, 0xff, 0xff, 0xff, 0xff, 0xff, 0xff, 0xff,
  0xff, 0xff, 0xff, 0xff, 0xff, 0xff, 0xff, 0xff, 0xff, 0xff, 0xff, 0xff, 0xff, 0xff, 0xff, 0xff,
  0xff, 0xff, 0xff, 0xff, 0xff, 0xff, 0xff, 0xff, 0xff, 0xff, 0xff, 0xff, 0xff, 0xff, 0xff, 0xff,
  0xff, 0xff, 0xff, 0xff, 0xff, 0xff, 0xff, 0xff, 0xff, 0xff, 0x3f, 0xe7, 0x0f, 0x3a, 0x4e, 0x21,
  0x10, 0x3a, 0xba, 0x94, 0x96, 0x6b, 0x8e, 0x29, 0x0d, 0x21, 0xf0, 0x49, 0xf3, 0x7a, 0xad, 0x59,
  0x8c, 0x49, 0x78, 0xa4, 0x34, 0x6b, 0x73, 0x42, 0x92, 0x21, 0x36, 0x2a, 0x58, 0x2a, 0x7a, 0x2a,
  0x7a, 0x22, 0x7a, 0x22, 0x7b, 0x22, 0x7b, 0x22, 0x7a, 0x22, 0x7a, 0x22, 0x7b, 0x22, 0x7b, 0x22,
  0x7b, 0x22, 0x7b, 0x22, 0x7b, 0x22, 0x7b, 0x22, 0x7b, 0x22, 0x7b, 0x22, 0x7b, 0x22, 0x7b, 0x22,
  0x7b, 0x22, 0x7a, 0x22, 0x7a, 0x22, 0x38, 0x22, 0xf5, 0x21, 0x93, 0x19, 0x51, 0x19, 0xb0, 0x29,
  0xb4, 0x7b, 0xdf, 0xff, 0xff, 0xff, 0xff, 0xff, 0xff, 0xff, 0xff, 0xff, 0xff, 0xff, 0xff, 0xff,
  0xff, 0xff, 0xff, 0xff, 0xff, 0xff, 0xff, 0xff, 0xff, 0xff, 0xff, 0xff, 0xff, 0xff, 0xff, 0xff,
  0xff, 0xff, 0xff, 0xff, 0xff, 0xff, 0xff, 0xff, 0xff, 0xff, 0xff, 0xff, 0xff, 0xff, 0xff, 0xff,
  0xff, 0xff, 0xff, 0xff, 0xff, 0xff, 0xff, 0xff, 0xff, 0xff, 0xff, 0xff, 0xff, 0xff, 0xff, 0xff,
  0xff, 0xff, 0xff, 0xff, 0xff, 0xff, 0xff, 0xff, 0xff, 0xff, 0xff, 0xff, 0xff, 0xff, 0xff, 0xff,
  0xff, 0xff, 0xff, 0xff, 0xff, 0xff, 0xff, 0xff, 0xff, 0xff, 0xff, 0xff, 0xff, 0xff, 0xff, 0xff,
  0xff, 0xff, 0xff, 0xff, 0xff, 0xff, 0xff, 0xff, 0xff, 0xff, 0xff, 0xff, 0xff, 0xff, 0xff, 0xff,
  0xff, 0xff, 0xff, 0xff, 0xff, 0xff, 0xff, 0xff, 0xff, 0xff, 0xff, 0xff, 0xff, 0xff, 0xff, 0xff,
  0xff, 0xff, 0x33, 0x63, 0x6d, 0x29, 0x4c, 0x31, 0x57, 0x8c, 0x3e, 0xce, 0xf9, 0x9c, 0xb1, 0x62,
  0xee, 0x49, 0xee, 0x51, 0xb5, 0x8b, 0xb9, 0x9c, 0x35, 0x63, 0xf2, 0x31, 0xd3, 0x29, 0x37, 0x22,
  0x79, 0x22, 0x7a, 0x22, 0x7b, 0x22, 0x7b, 0x22, 0x7b, 0x22, 0x7b, 0x22, 0x7b, 0x22, 0x7a, 0x22,
  0x7a, 0x22, 0x7b, 0x22, 0x7b, 0x22, 0x7b, 0x22, 0x7b, 0x22, 0x7b, 0x22, 0x7b, 0x22, 0x7b, 0x22,
  0x7b, 0x22, 0x7b, 0x22, 0x7a, 0x22, 0x7a, 0x22, 0x7a, 0x22, 0x59, 0x22, 0x17, 0x1a, 0xb5, 0x19,
  0x73, 0x11, 0xd4, 0x21, 0xf2, 0x29, 0xd5, 0x73, 0xff, 0xff, 0xff, 0xff, 0xff, 0xff, 0xff, 0xff,
  0xff, 0xff, 0xff, 0xff, 0xff, 0xff, 0xff, 0xff, 0xff, 0xff, 0xff, 0xff, 0xff, 0xff, 0xff, 0xff,
  0xff, 0xff, 0xff, 0xff, 0xff, 0xff, 0xff, 0xff, 0xff, 0xff, 0xff, 0xff, 0xff, 0xff, 0xff, 0xff,
  0xff, 0xff, 0xff, 0xff, 0xff, 0xff, 0xff, 0xff, 0xff, 0xff, 0xff, 0xff, 0xff, 0xff, 0xff, 0xff,
  0xff, 0xff, 0xff, 0xff, 0xff, 0xff, 0xff, 0xff, 0xff, 0xff, 0xff, 0xff, 0xff, 0xff, 0xff, 0xff,
  0xff, 0xff, 0xff, 0xff, 0xff, 0xff, 0xff, 0xff, 0xff, 0xff, 0xff, 0xff, 0xff, 0xff, 0xff, 0xff,
  0xff, 0xff, 0xff, 0xff, 0xff, 0xff, 0xff, 0xff, 0xff, 0xff, 0xff, 0xff, 0xff, 0xff, 0xff, 0xff,
  0xff, 0xff, 0xff, 0xff, 0xff, 0xff, 0xff, 0xff, 0xff, 0xff, 0xff, 0xff, 0xff, 0xff, 0xff, 0xff,
  0xff, 0xff, 0xff, 0xff, 0xff, 0xff, 0xff, 0xff, 0xdb, 0xbd, 0xad, 0x39, 0xce, 0x41, 0x0f, 0x4a,
  0x7b, 0xb5, 0x5f, 0xef, 0x7f, 0xd6, 0x1a, 0xad, 0xf6, 0x83, 0xb6, 0x7b, 0xb4, 0x52, 0xb2, 0x21,
  0x15, 0x2a, 0x57, 0x2a, 0x79, 0x22, 0x7a, 0x22, 0x7a, 0x22, 0x7b, 0x22, 0x7b, 0x22, 0x7b, 0x22,
  0x7b, 0x22, 0x7b, 0x22, 0x7b, 0x22, 0x7b, 0x22, 0x7b, 0x22, 0x7b, 0x22, 0x7b, 0x22, 0x7b, 0x22,
  0x7b, 0x22, 0x7b, 0x22, 0x7b, 0x22, 0x7b, 0x22, 0x7b, 0x22, 0x7a, 0x22, 0x7a, 0x22, 0x59, 0x22,
  0x17, 0x22, 0xd5, 0x19, 0x53, 0x11, 0xd5, 0x19, 0x37, 0x2a, 0xd2, 0x21, 0x94, 0x6b, 0xff, 0xff,
  0xff, 0xff, 0xff, 0xff, 0xff, 0xff, 0xff, 0xff, 0xff, 0xff, 0xff, 0xff, 0xff, 0xff, 0xff, 0xff,
  0xff, 0xff, 0xff, 0xff, 0xff, 0xff, 0xff, 0xff, 0xff, 0xff, 0xff, 0xff, 0xff, 0xff, 0xff, 0xff,
  0xff, 0xff, 0xff, 0xff, 0xff, 0xff, 0xff, 0xff, 0xff, 0xff, 0xff, 0xff, 0xff, 0xff, 0xff, 0xff,
  0xff, 0xff, 0xff, 0xff, 0xff, 0xff, 0xff, 0xff, 0xff, 0xff, 0xff, 0xff, 0xff, 0xff, 0xff, 0xff,
  0xff, 0xff, 0xff, 0xff, 0xff, 0xff, 0xff, 0xff, 0xff, 0xff, 0xff, 0xff, 0xff, 0xff, 0xff, 0xff,
  0xff, 0xff, 0xff, 0xff, 0xff, 0xff, 0xff, 0xff, 0xff, 0xff, 0xff, 0xff, 0xff, 0xff, 0xff, 0xff,
  0xff, 0xff, 0xff, 0xff, 0xff, 0xff, 0xff, 0xff, 0xff, 0xff, 0xff, 0xff, 0xff, 0xff, 0xff, 0xff,
  0xff, 0xff, 0xff, 0xff, 0xff, 0xff, 0xff, 0xff, 0xff, 0xff, 0xff, 0xff, 0xff, 0xff, 0x9f, 0xf7,
  0x92, 0x73, 0x8d, 0x39, 0x8d, 0x39, 0x30, 0x42, 0xf3, 0x5a, 0xf3, 0x5a, 0x14, 0x5b, 0xd4, 0x52,
  0x33, 0x3a, 0xd3, 0x21, 0x36, 0x2a, 0x58, 0x2a, 0x7a, 0x22, 0x7a, 0x22, 0x7b, 0x22, 0x7b, 0x22,
  0x7b, 0x22, 0x7b, 0x22, 0x7b, 0x22, 0x7b, 0x22, 0x7b, 0x22, 0x7b, 0x22, 0x7b, 0x22, 0x7b, 0x22,
  0x7b, 0x22, 0x7b, 0x22, 0x7b, 0x22, 0x7b, 0x22, 0x7b, 0x22, 0x7b, 0x22, 0x7a, 0x22, 0x7a, 0x22,
  0x79, 0x22, 0x38, 0x22, 0x17, 0x22, 0x95, 0x11, 0x53, 0x09, 0xd5, 0x19, 0x58, 0x2a, 0x58, 0x22,
  0xd3, 0x19, 0x54, 0x5b, 0x9f, 0xef, 0xff, 0xff, 0xff, 0xff, 0xff, 0xff, 0xff, 0xff, 0xff, 0xff,
  0xff, 0xff, 0xff, 0xff, 0xff, 0xff, 0xff, 0xff, 0xff, 0xff, 0xff, 0xff, 0xff, 0xff, 0xff, 0xff,
  0xff, 0xff, 0xff, 0xff, 0xff, 0xff, 0xff, 0xff, 0xff, 0xff, 0xff, 0xff, 0xff, 0xff, 0xff, 0xff,
  0xff, 0xff, 0xff, 0xff, 0xff, 0xff, 0xff, 0xff, 0xff, 0xff, 0xff, 0xff, 0xff, 0xff, 0xff, 0xff,
  0xff, 0xff, 0xff, 0xff, 0xff, 0xff, 0xff, 0xff, 0xff, 0xff, 0xff, 0xff, 0xff, 0xff, 0xff, 0xff,
  0xff, 0xff, 0xff, 0xff, 0xff, 0xff, 0xff, 0xff, 0xff, 0xff, 0xff, 0xff, 0xff, 0xff, 0xff, 0xff,
  0xff, 0xff, 0xff, 0xff, 0xff, 0xff, 0xff, 0xff, 0xff, 0xff, 0xff, 0xff, 0xff, 0xff, 0xff, 0xff,
  0xff, 0xff, 0xff, 0xff, 0xff, 0xff, 0xff, 0xff, 0xff, 0xff, 0xff, 0xff, 0xff, 0xff, 0xff, 0xff,
  0xff, 0xff, 0xff, 0xff, 0xff, 0xff, 0xde, 0xde, 0x9c, 0xb5, 0xcf, 0x31, 0xd2, 0x29, 0xb3, 0x19,
  0xb3, 0x19, 0xf4, 0x21, 0x36, 0x2a, 0x37, 0x2a, 0x58, 0x2a, 0x79, 0x2a, 0x7a, 0x22, 0x7a, 0x22,
  0x7b, 0x22, 0x7b, 0x22, 0x7b, 0x22, 0x7b, 0x22, 0x7b, 0x22, 0x7b, 0x22, 0x7b, 0x22, 0x7b, 0x22,
  0x7b, 0x22, 0x7b, 0x22, 0x7a, 0x22, 0x7a, 0x22, 0x7b, 0x22, 0x7b, 0x22, 0x7b, 0x22, 0x7b, 0x22,
  0x7a, 0x22, 0x7a, 0x22, 0x59, 0x22, 0x17, 0x22, 0xd5, 0x19, 0x73, 0x11, 0x53, 0x09, 0xd6, 0x19,
  0x58, 0x22, 0x79, 0x2a, 0x58, 0x22, 0xd5, 0x19, 0x52, 0x3a, 0x5a, 0xa5, 0xff, 0xff, 0xff, 0xff,
  0xff, 0xff, 0xff, 0xff, 0xff, 0xff, 0xff, 0xff, 0xff, 0xff, 0xff, 0xff, 0xff, 0xff, 0xff, 0xff,
  0xff, 0xff, 0xff, 0xff, 0xff, 0xff, 0xff, 0xff, 0xff, 0xff, 0xff, 0xff, 0xff, 0xff, 0xff, 0xff,
  0xff, 0xff, 0xff, 0xff, 0xff, 0xff, 0xff, 0xff, 0xff, 0xff, 0xff, 0xff, 0xff, 0xff, 0xff, 0xff,
  0xff, 0xff, 0xff, 0xff, 0xff, 0xff, 0xff, 0xff, 0xff, 0xff, 0xff, 0xff, 0xff, 0xff, 0xff, 0xff,
  0xff, 0xff, 0xff, 0xff, 0xff, 0xff, 0xff, 0xff, 0xff, 0xff, 0xff, 0xff, 0xff, 0xff, 0xff, 0xff,
  0xff, 0xff, 0xff, 0xff, 0xff, 0xff, 0xff, 0xff, 0xff, 0xff, 0xff, 0xff, 0xff, 0xff, 0xff, 0xff,
  0xff, 0xff, 0xff, 0xff, 0xff, 0xff, 0xff, 0xff, 0xff, 0xff, 0xff, 0xff, 0xff, 0xff, 0xff, 0xff,
  0xff, 0xff, 0xff, 0xff, 0xff, 0xff, 0xff, 0xff, 0xff, 0xff, 0xff, 0xff, 0xff, 0xff, 0x3b, 0xa5,
  0xf2, 0x31, 0x56, 0x2a, 0x59, 0x2a, 0x59, 0x22, 0x79, 0x22, 0x7a, 0x2a, 0x7a, 0x22, 0x7a, 0x22,
  0x7a, 0x22, 0x7a, 0x22, 0x7b, 0x22, 0x7b, 0x22, 0x7b, 0x22, 0x7b, 0x22, 0x7b, 0x22, 0x7b, 0x22,
  0x7b, 0x22, 0x7a, 0x22, 0x7b, 0x22, 0x7b, 0x22, 0x7b, 0x22, 0x7b, 0x22, 0x7a, 0x22, 0x7a, 0x22,
  0x7a, 0x22, 0x7a, 0x22, 0x7a, 0x22, 0x59, 0x22, 0x38, 0x22, 0xf6, 0x19, 0x74, 0x11, 0x52, 0x09,
  0x94, 0x19, 0x17, 0x22, 0x59, 0x22, 0x7a, 0x22, 0x7a, 0x22, 0x79, 0x22, 0x37, 0x22, 0xb2, 0x21,
  0x75, 0x63, 0x9f, 0xef, 0xff, 0xff, 0xff, 0xff, 0xff, 0xff, 0xff, 0xff, 0xff, 0xff, 0xff, 0xff,
  0xff, 0xff, 0xff, 0xff, 0xff, 0xff, 0xff, 0xff, 0xff, 0xff, 0xff, 0xff, 0xff, 0xff, 0xff, 0xff,
  0xff, 0xff, 0xff, 0xff, 0xff, 0xff, 0xff, 0xff, 0xff, 0xff, 0xff, 0xff, 0xff, 0xff, 0xff, 0xff,
  0xff, 0xff, 0xff, 0xff, 0xff, 0xff, 0xff, 0xff, 0xff, 0xff, 0xff, 0xff, 0xff, 0xff, 0xff, 0xff,
  0xff, 0xff, 0xff, 0xff, 0xff, 0xff, 0xff, 0xff, 0xff, 0xff, 0xff, 0xff, 0xff, 0xff, 0xff, 0xff,
  0xff, 0xff, 0xff, 0xff, 0xff, 0xff, 0xff, 0xff, 0xff, 0xff, 0xff, 0xff, 0xff, 0xff, 0xff, 0xff,
  0xff, 0xff, 0xff, 0xff, 0xff, 0xff, 0xff, 0xff, 0xff, 0xff, 0xff, 0xff, 0xff, 0xff, 0xff, 0xff,
  0xff, 0xff, 0xff, 0xff, 0xff, 0xff, 0xff, 0xff, 0xff, 0xff, 0xff, 0xff, 0xff, 0xff, 0xff, 0xff,
  0xff, 0xff, 0xff, 0xff, 0xd4, 0x4a, 0x35, 0x32, 0x79, 0x2a, 0x7a, 0x22, 0x7a, 0x22, 0x7a, 0x22,
  0x7a, 0x22, 0x7a, 0x22, 0x7b, 0x22, 0x7b, 0x22, 0x7a, 0x22, 0x7a, 0x22, 0x7b, 0x22, 0x7b, 0x22,
  0x7b, 0x22, 0x7a, 0x22, 0x7b, 0x22, 0x7b, 0x22, 0x7b, 0x22, 0x7b, 0x22, 0x7b, 0x22, 0x7b, 0x22,
  0x7b, 0x22, 0x7b, 0x22, 0x7a, 0x22, 0x7a, 0x22, 0x58, 0x22, 0x37, 0x22, 0xf6, 0x21, 0x73, 0x11,
  0x32, 0x09, 0x74, 0x11, 0xd6, 0x19, 0x38, 0x22, 0x7a, 0x22, 0x7a, 0x22, 0x7a, 0x22, 0x7a, 0x22,
  0x7a, 0x22, 0x58, 0x22, 0xf4, 0x21, 0xf1, 0x31, 0x97, 0x94, 0x7f, 0xf7, 0xff, 0xff, 0xff, 0xff,
  0xff, 0xff, 0xff, 0xff, 0xff, 0xff, 0xff, 0xff, 0xff, 0xff, 0xff, 0xff, 0xff, 0xff, 0xff, 0xff,
  0xff, 0xff, 0xff, 0xff, 0xff, 0xff, 0xff, 0xff, 0xff, 0xff, 0xff, 0xff, 0xff, 0xff, 0xff, 0xff,
  0xff, 0xff, 0xff, 0xff, 0xff, 0xff, 0xff, 0xff, 0xff, 0xff, 0xff, 0xff, 0xff, 0xff, 0xff, 0xff,
  0xff, 0xff, 0xff, 0xff, 0xff, 0xff, 0xff, 0xff, 0xff, 0xff, 0xff, 0xff, 0xff, 0xff, 0xff, 0xff,
  0xff, 0xff, 0xff, 0xff, 0xff, 0xff, 0xff, 0xff, 0xff, 0xff, 0xff, 0xff, 0xff, 0xff, 0xff, 0xff,
  0xff, 0xff, 0xff, 0xff, 0xff, 0xff, 0xff, 0xff, 0xff, 0xff, 0xff, 0xff, 0xff, 0xff, 0xff, 0xff,
  0xff, 0xff, 0xff, 0xff, 0xff, 0xff, 0xff, 0xff, 0xff, 0xff, 0xff, 0xff, 0xff, 0xff, 0xff, 0xff,
  0xff, 0xff, 0xff, 0xff, 0xff, 0xff, 0xff, 0xff, 0x7e, 0xce, 0x12, 0x32, 0x57, 0x2a, 0x7a, 0x2a,
  0x7b, 0x22, 0x7b, 0x22, 0x7b, 0x22, 0x7b, 0x22, 0x7b, 0x22, 0x7b, 0x22, 0x7b, 0x22, 0x7a, 0x22,
  0x7a, 0x22, 0x7b, 0x22, 0x7b, 0x22, 0x7b, 0x22, 0x7b, 0x22, 0x7b, 0x22, 0x7a, 0x22, 0x7a, 0x22,
  0x7a, 0x2a, 0x7a, 0x2a, 0x79, 0x2a, 0x79, 0x2a, 0x79, 0x2a, 0x58, 0x22, 0x37, 0x22, 0xb5, 0x19,
  0x74, 0x09, 0x53, 0x09, 0x93, 0x11, 0xb4, 0x19, 0x17, 0x22, 0x59, 0x22, 0x7a, 0x22, 0x7a, 0x22,
  0x7b, 0x22, 0x7b, 0x22, 0x7a, 0x22, 0x7a, 0x22, 0x58, 0x2a, 0xf4, 0x31, 0x90, 0x29, 0xee, 0x49,
  0xf7, 0xa4, 0xff, 0xff, 0xff, 0xff, 0xff, 0xff, 0xff, 0xff, 0xff, 0xff, 0xff, 0xff, 0xff, 0xff,
  0xff, 0xff, 0xff, 0xff, 0xff, 0xff, 0xff, 0xff, 0xff, 0xff, 0xff, 0xff, 0xff, 0xff, 0xff, 0xff,
  0xff, 0xff, 0xff, 0xff, 0xff, 0xff, 0xff, 0xff, 0xff, 0xff, 0xff, 0xff, 0xff, 0xff, 0xff, 0xff,
  0xff, 0xff, 0xff, 0xff, 0xff, 0xff, 0xff, 0xff, 0xff, 0xff, 0xff, 0xff, 0xff, 0xff, 0xff, 0xff,
  0xff, 0xff, 0xff, 0xff, 0xff, 0xff, 0xff, 0xff, 0xff, 0xff, 0xff, 0xff, 0xff, 0xff, 0xff, 0xff,
  0xff, 0xff, 0xff, 0xff, 0xff, 0xff, 0xff, 0xff, 0xff, 0xff, 0xff, 0xff, 0xff, 0xff, 0xff, 0xff,
  0xff, 0xff, 0xff, 0xff, 0xff, 0xff, 0xff, 0xff, 0xff, 0xff, 0xff, 0xff, 0xff, 0xff, 0xff, 0xff,
  0xff, 0xff, 0xff, 0xff, 0xff, 0xff, 0xff, 0xff, 0xff, 0xff, 0xff, 0xff, 0xff, 0xff, 0xb8, 0x8c,
  0x34, 0x2a, 0x58, 0x2a, 0x7a, 0x22, 0x7b, 0x22, 0x7b, 0x22, 0x7b, 0x22, 0x7b, 0x22, 0x7b, 0x22,
  0x7b, 0x22, 0x7b, 0x22, 0x7b, 0x22, 0x7b, 0x22, 0x7b, 0x22, 0x7b, 0x22, 0x7b, 0x22, 0x7a, 0x22,
  0x7a, 0x22, 0x7a, 0x2a, 0x79, 0x2a, 0x58, 0x32, 0x37, 0x32, 0x36, 0x2a, 0xd5, 0x29, 0x93, 0x19,
  0x72, 0x19, 0x52, 0x11, 0x73, 0x11, 0x95, 0x11, 0xd5, 0x19, 0xf7, 0x19, 0x58, 0x22, 0x7a, 0x22,
  0x7a, 0x22, 0x7a, 0x22, 0x7b, 0x22, 0x7b, 0x22, 0x7b, 0x22, 0x7a, 0x22, 0x79, 0x2a, 0x16, 0x32,
  0x70, 0x31, 0xf0, 0x51, 0x0f, 0x5a, 0x51, 0x7b, 0x9f, 0xf7, 0xff, 0xff, 0xff, 0xff, 0xff, 0xff,
  0xff, 0xff, 0xff, 0xff, 0xff, 0xff, 0xff, 0xff, 0xff, 0xff, 0xff, 0xff, 0xff, 0xff, 0xff, 0xff,
  0xff, 0xff, 0xff, 0xff, 0xff, 0xff, 0xff, 0xff, 0xff, 0xff, 0xff, 0xff, 0xff, 0xff, 0xff, 0xff,
  0xff, 0xff, 0xff, 0xff, 0xff, 0xff, 0xff, 0xff, 0xff, 0xff, 0xff, 0xff, 0xff, 0xff, 0xff, 0xff,
  0xff, 0xff, 0xff, 0xff, 0xff, 0xff, 0xff, 0xff, 0xff, 0xff, 0xff, 0xff, 0xff, 0xff, 0xff, 0xff,
  0xff, 0xff, 0xff, 0xff, 0xff, 0xff, 0xff, 0xff, 0xff, 0xff, 0xff, 0xff, 0xff, 0xff, 0xff, 0xff,
  0xff, 0xff, 0xff, 0xff, 0xff, 0xff, 0xff, 0xff, 0xff, 0xff, 0xff, 0xff, 0xff, 0xff, 0xff, 0xff,
  0xff, 0xff, 0xff, 0xff, 0xff, 0xff, 0xff, 0xff, 0xff, 0xff, 0xff, 0xff, 0xff, 0xff, 0xff, 0xff,
  0xff, 0xff, 0xff, 0xff, 0x57, 0x84, 0x35, 0x2a, 0x79, 0x2a, 0x7a, 0x22, 0x7b, 0x22, 0x7b, 0x22,
  0x7b, 0x22, 0x7b, 0x22, 0x7b, 0x22, 0x7b, 0x22, 0x7b, 0x22, 0x7a, 0x22, 0x7a, 0x22, 0x7a, 0x2a,
  0x79, 0x2a, 0x59, 0x2a, 0x58, 0x32, 0x58, 0x32, 0xf5, 0x31, 0xd3, 0x31, 0x51, 0x21, 0x71, 0x29,
  0x30, 0x21, 0x2f, 0x21, 0x91, 0x31, 0x2f, 0x21, 0x91, 0x29, 0xd4, 0x21, 0xf6, 0x21, 0x38, 0x22,
  0x59, 0x22, 0x7a, 0x22, 0x7a, 0x22, 0x7b, 0x22, 0x7b, 0x22, 0x7b, 0x22, 0x7a, 0x22, 0x7a, 0x2a,
  0x58, 0x32, 0xf5, 0x31, 0xb2, 0x39, 0x11, 0x5a, 0x50, 0x62, 0x6c, 0x41, 0xd3, 0x83, 0xbf, 0xff,
  0xff, 0xff, 0xff, 0xff, 0xff, 0xff, 0xff, 0xff, 0xff, 0xff, 0xff, 0xff, 0xff, 0xff, 0xff, 0xff,
  0xff, 0xff, 0xff, 0xff, 0xff, 0xff, 0xff, 0xff, 0xff, 0xff, 0xff, 0xff, 0xff, 0xff, 0xff, 0xff,
  0xff, 0xff, 0xff, 0xff, 0xff, 0xff, 0xff, 0xff, 0xff, 0xff, 0xff, 0xff, 0xff, 0xff, 0xff, 0xff,
  0xff, 0xff, 0xff, 0xff, 0xff, 0xff, 0xff, 0xff, 0xff, 0xff, 0xff, 0xff, 0xff, 0xff, 0xff, 0xff,
  0xff, 0xff, 0xff, 0xff, 0xff, 0xff, 0xff, 0xff, 0xff, 0xff, 0xff, 0xff, 0xff, 0xff, 0xff, 0xff,
  0xff, 0xff, 0xff, 0xff, 0xff, 0xff, 0xff, 0xff, 0xff, 0xff, 0xff, 0xff, 0xff, 0xff, 0xff, 0xff,
  0xff, 0xff, 0xff, 0xff, 0xff, 0xff, 0xff, 0xff, 0xff, 0xff, 0xff, 0xff, 0xff, 0xff, 0xff, 0xff,
  0xff, 0xff, 0xff, 0xff, 0xff, 0xff, 0xff, 0xff, 0xff, 0xff, 0x57, 0x84, 0x35, 0x2a, 0x79, 0x2a,
  0x7a, 0x22, 0x7b, 0x22, 0x7a, 0x22, 0x7a, 0x22, 0x7b, 0x22, 0x7b, 0x22, 0x7b, 0x22, 0x7b, 0x22,
  0x7a, 0x2a, 0x79, 0x2a, 0x59, 0x2a, 0x37, 0x32, 0xf4, 0x39, 0xb2, 0x41, 0x2f, 0x39, 0xd0, 0x59,
  0x92, 0x72, 0xd3, 0x7a, 0x10, 0x5a, 0xec, 0x30, 0xec, 0x30, 0xaf, 0x49, 0x0d, 0x39, 0x70, 0x31,
  0xd4, 0x29, 0x17, 0x22, 0x59, 0x22, 0x7a, 0x22, 0x7a, 0x22, 0x7b, 0x22, 0x7b, 0x22, 0x7b, 0x22,
  0x7a, 0x22, 0x79, 0x2a, 0x58, 0x32, 0xd4, 0x31, 0xb1, 0x49, 0xb3, 0x7a, 0x91, 0x72, 0xed, 0x51,
  0x4f, 0x5a, 0x92, 0x7b, 0xbf, 0xff, 0xff, 0xff, 0xff, 0xff, 0xff, 0xff, 0xff, 0xff, 0xff, 0xff,
  0xff, 0xff, 0xff, 0xff, 0xff, 0xff, 0xff, 0xff, 0xff, 0xff, 0xff, 0xff, 0xff, 0xff, 0xff, 0xff,
  0xff, 0xff, 0xff, 0xff, 0xff, 0xff, 0xff, 0xff, 0xff, 0xff, 0xff, 0xff, 0xff, 0xff, 0xff, 0xff,
  0xff, 0xff, 0xff, 0xff, 0xff, 0xff, 0xff, 0xff, 0xff, 0xff, 0xff, 0xff, 0xff, 0xff, 0xff, 0xff,
  0xff, 0xff, 0xff, 0xff, 0xff, 0xff, 0xff, 0xff, 0xff, 0xff, 0xff, 0xff, 0xff, 0xff, 0xff, 0xff,
  0xff, 0xff, 0xff, 0xff, 0xff, 0xff, 0xff, 0xff, 0xff, 0xff, 0xff, 0xff, 0xff, 0xff, 0xff, 0xff,
  0xff, 0xff, 0xff, 0xff, 0xff, 0xff, 0xff, 0xff, 0xff, 0xff, 0xff, 0xff, 0xff, 0xff, 0xff, 0xff,
  0xff, 0xff, 0xff, 0xff, 0xff, 0xff, 0xff, 0xff, 0xff, 0xff, 0xff, 0xff, 0xff, 0xff, 0xff, 0xff,
  0x36, 0x84, 0x34, 0x32, 0x58, 0x2a, 0x79, 0x2a, 0x7a, 0x2a, 0x7a, 0x22, 0x79, 0x2a, 0x79, 0x2a,
  0x59, 0x2a, 0x59, 0x32, 0x58, 0x32, 0x37, 0x3a, 0xf5, 0x39, 0xb3, 0x31, 0x50, 0x31, 0x32, 0x62,
  0x36, 0x8b, 0x96, 0x9b, 0x53, 0x93, 0x4f, 0x72, 0x6b, 0x51, 0x4b, 0x49, 0x6c, 0x49, 0x6c, 0x51,
  0xae, 0x61, 0x50, 0x72, 0x11, 0x62, 0x30, 0x29, 0xd4, 0x29, 0x58, 0x2a, 0x79, 0x2a, 0x79, 0x2a,
  0x79, 0x2a, 0x79, 0x2a, 0x59, 0x2a, 0x58, 0x32, 0x16, 0x32, 0xb3, 0x39, 0xf2, 0x51, 0x14, 0x8b,
  0x90, 0x7a, 0x2e, 0x62, 0x35, 0x94, 0x76, 0x94, 0x72, 0x73, 0x9d, 0xd6, 0xff, 0xff, 0xff, 0xff,
  0xff, 0xff, 0xff, 0xff, 0xff, 0xff, 0xff, 0xff, 0xff, 0xff, 0xff, 0xff, 0xff, 0xff, 0xff, 0xff,
  0xff, 0xff, 0xff, 0xff, 0xff, 0xff, 0xff, 0xff, 0xff, 0xff, 0xff, 0xff, 0xff, 0xff, 0xff, 0xff,
  0xff, 0xff, 0xff, 0xff, 0xff, 0xff, 0xff, 0xff, 0xff, 0xff, 0xff, 0xff, 0xff, 0xff, 0xff, 0xff,
  0xff, 0xff, 0xff, 0xff, 0xff, 0xff, 0xff, 0xff, 0xff, 0xff, 0xff, 0xff, 0xff, 0xff, 0xff, 0xff,
  0xff, 0xff, 0xff, 0xff, 0xff, 0xff, 0xff, 0xff, 0xff, 0xff, 0xff, 0xff, 0xff, 0xff, 0xff, 0xff,
  0xff, 0xff, 0xff, 0xff, 0xff, 0xff, 0xff, 0xff, 0xff, 0xff, 0xff, 0xff, 0xff, 0xff, 0xff, 0xff,
  0xff, 0xff, 0xff, 0xff, 0xff, 0xff, 0xff, 0xff, 0xff, 0xff, 0xff, 0xff, 0xff, 0xff, 0xff, 0xff,
  0xff, 0xff, 0xff, 0xff, 0xff, 0xff, 0x19, 0x9d, 0xf2, 0x31, 0x57, 0x32, 0x58, 0x32, 0x58, 0x32,
  0x58, 0x32, 0x58, 0x32, 0x57, 0x32, 0x16, 0x32, 0xd4, 0x41, 0x91, 0x41, 0x4f, 0x49, 0x32, 0x72,
  0x14, 0x9b, 0x95, 0xab, 0xf7, 0xb3, 0x54, 0xa3, 0x2f, 0x6a, 0x8c, 0x49, 0xab, 0x49, 0xf4, 0x8b,
  0x39, 0xb5, 0x2e, 0x62, 0x90, 0x7a, 0x2b, 0x61, 0x12, 0xab, 0x32, 0xab, 0x51, 0x72, 0x0e, 0x39,
  0x92, 0x29, 0x15, 0x2a, 0x36, 0x2a, 0x37, 0x2a, 0x37, 0x32, 0x15, 0x3a, 0x92, 0x41, 0x90, 0x51,
  0xd4, 0x8a, 0x55, 0x9b, 0x50, 0x72, 0x8f, 0x6a, 0x78, 0xbd, 0x7c, 0xd6, 0xba, 0xb5, 0x92, 0x73,
  0x6e, 0x52, 0x95, 0x9c, 0x5e, 0xef, 0xff, 0xff, 0xff, 0xff, 0xff, 0xff, 0xff, 0xff, 0xff, 0xff,
  0xff, 0xff, 0xff, 0xff, 0xff, 0xff, 0xff, 0xff, 0xff, 0xff, 0xff, 0xff, 0xff, 0xff, 0xff, 0xff,
  0xff, 0xff, 0xff, 0xff, 0xff, 0xff, 0xff, 0xff, 0xff, 0xff, 0xff, 0xff, 0xff, 0xff, 0xff, 0xff,
  0xff, 0xff, 0xff, 0xff, 0xff, 0xff, 0xff, 0xff, 0xff, 0xff, 0xff, 0xff, 0xff, 0xff, 0xff, 0xff,
  0xff, 0xff, 0xff, 0xff, 0xff, 0xff, 0xff, 0xff, 0xff, 0xff, 0xff, 0xff, 0xff, 0xff, 0xff, 0xff,
  0xff, 0xff, 0xff, 0xff, 0xff, 0xff, 0xff, 0xff, 0xff, 0xff, 0xff, 0xff, 0xff, 0xff, 0xff, 0xff,
  0xff, 0xff, 0xff, 0xff, 0xff, 0xff, 0xff, 0xff, 0xff, 0xff, 0xff, 0xff, 0xff, 0xff, 0xff, 0xff,
  0xff, 0xff, 0xff, 0xff, 0xff, 0xff, 0xff, 0xff, 0xff, 0xff, 0xff, 0xff, 0xf4, 0x83, 0x6e, 0x31,
  0x71, 0x31, 0x92, 0x31, 0x92, 0x39, 0x92, 0x31, 0x71, 0x31, 0x92, 0x39, 0xf3, 0x49, 0x94, 0x6a,
  0x56, 0x93, 0xb6, 0xab, 0x16, 0xbc, 0x94, 0xb3, 0x6f, 0x8a, 0x8b, 0x69, 0x8a, 0x59, 0x2d, 0x62,
  0x39, 0xbd, 0x3c, 0xd6, 0x1f, 0xef, 0xbf, 0xe6, 0xac, 0x51, 0x53, 0x9b, 0x2a, 0x69, 0x72, 0xcb,
  0x52, 0xc3, 0x33, 0xab, 0x0f, 0x72, 0x2e, 0x39, 0x2f, 0x29, 0x30, 0x29, 0x71, 0x29, 0x51, 0x29,
  0xd2, 0x41, 0xd4, 0x7a, 0xb6, 0xa3, 0x13, 0x9b, 0xcd, 0x69, 0xd0, 0x7a, 0x3c, 0xd6, 0x9f, 0xf7,
  0x7f, 0xef, 0x9c, 0xd6, 0x55, 0x8c, 0x6b, 0x39, 0xf0, 0x6a, 0x3b, 0xce, 0xff, 0xff, 0xff, 0xff,
  0xff, 0xff, 0xff, 0xff, 0xff, 0xff, 0xff, 0xff, 0xff, 0xff, 0xff, 0xff, 0xff, 0xff, 0xff, 0xff,
  0xff, 0xff, 0xff, 0xff, 0xff, 0xff, 0xff, 0xff, 0xff, 0xff, 0xff, 0xff, 0xff, 0xff, 0xff, 0xff,
  0xff, 0xff, 0xff, 0xff, 0xff, 0xff, 0xff, 0xff, 0xff, 0xff, 0xff, 0xff, 0xff, 0xff, 0xff, 0xff,
  0xff, 0xff, 0xff, 0xff, 0xff, 0xff, 0xff, 0xff, 0xff, 0xff, 0xff, 0xff, 0xff, 0xff, 0xff, 0xff,
  0xff, 0xff, 0xff, 0xff, 0xff, 0xff, 0xff, 0xff, 0xff, 0xff, 0xff, 0xff, 0xff, 0xff, 0xff, 0xff,
  0xff, 0xff, 0xff, 0xff, 0xff, 0xff, 0xff, 0xff, 0xff, 0xff, 0xff, 0xff, 0xff, 0xff, 0xff, 0xff,
  0xff, 0xff, 0xff, 0xff, 0xff, 0xff, 0xff, 0xff, 0xff, 0xff, 0xff, 0xff, 0xff, 0xff, 0xff, 0xff,
  0xff, 0xff, 0xd6, 0xac, 0x90, 0x7a, 0x96, 0xa3, 0xb6, 0xb3, 0x96, 0xb3, 0xb6, 0xb3, 0xb6, 0xab,
  0xb6, 0xab, 0xf7, 0xb3, 0x95, 0xab, 0x13, 0x93, 0x70, 0x72, 0xac, 0x59, 0xab, 0x51, 0xec, 0x59,
  0x75, 0xa4, 0xb9, 0xc5, 0x7b, 0xde, 0xbf, 0xff, 0xff, 0xff, 0xbf, 0xff, 0x18, 0xbd, 0x0d, 0x6a,
  0xd1, 0x92, 0x4f, 0x9a, 0xf4, 0xeb, 0xd4, 0xe3, 0x52, 0xbb, 0x2e, 0x8a, 0x2f, 0x82, 0xd2, 0x92,
  0x51, 0x72, 0x0c, 0x39, 0xed, 0x28, 0x11, 0x52, 0x92, 0x72, 0x4f, 0x6a, 0x2d, 0x62, 0xf3, 0x93,
  0xbd, 0xe6, 0xdf, 0xff, 0xff, 0xff, 0xdf, 0xff, 0xbd, 0xde, 0xf4, 0x8b, 0x4b, 0x39, 0xcc, 0x49,
  0xd3, 0x83, 0x3f, 0xef, 0xff, 0xff, 0xff, 0xff, 0xff, 0xff, 0xff, 0xff, 0xff, 0xff, 0xff, 0xff,
  0xff, 0xff, 0xff, 0xff, 0xff, 0xff, 0xff, 0xff, 0xff, 0xff, 0xff, 0xff, 0xff, 0xff, 0xff, 0xff,
  0xff, 0xff, 0xff, 0xff, 0xff, 0xff, 0xff, 0xff, 0xff, 0xff, 0xff, 0xff, 0xff, 0xff, 0xff, 0xff,
  0xff, 0xff, 0xff, 0xff, 0xff, 0xff, 0xff, 0xff, 0xff, 0xff, 0xff, 0xff, 0xff, 0xff, 0xff, 0xff,
  0xff, 0xff, 0xff, 0xff, 0xff, 0xff, 0xff, 0xff, 0xff, 0xff, 0xff, 0xff, 0xff, 0xff, 0xff, 0xff,
  0xff, 0xff, 0xff, 0xff, 0xff, 0xff, 0xff, 0xff, 0xff, 0xff, 0xff, 0xff, 0xff, 0xff, 0xff, 0xff,
  0xff, 0xff, 0xff, 0xff, 0xff, 0xff, 0xff, 0xff, 0xff, 0xff, 0xff, 0xff, 0xff, 0xff, 0xff, 0xff,
  0xff, 0xff, 0xff, 0xff, 0xff, 0xff, 0xff, 0xff, 0xfd, 0xee, 0x8e, 0x7a, 0x32, 0xa3, 0x93, 0xbb,
  0x12, 0xab, 0xb0, 0x9a, 0x8f, 0x92, 0xcc, 0x71, 0x8b, 0x69, 0x8b, 0x61, 0xab, 0x59, 0xf0, 0x7a,
  0x39, 0xb5, 0xfb, 0xcd, 0x7c, 0xd6, 0x7f, 0xef, 0xdf, 0xff, 0xff, 0xff, 0xff, 0xff, 0xff, 0xff,
  0x5f, 0xff, 0xaf, 0x7a, 0x32, 0x9b, 0x8c, 0x79, 0x93, 0xcb, 0x35, 0xf4, 0x14, 0xec, 0x52, 0xbb,
  0x8b, 0x79, 0xd0, 0xb2, 0x72, 0xbb, 0x12, 0xa3, 0xce, 0x69, 0xcb, 0x30, 0x2d, 0x31, 0x0e, 0x5a,
  0x35, 0x9c, 0x5c, 0xde, 0x3e, 0xef, 0xff, 0xff, 0xff, 0xff, 0xff, 0xff, 0xdf, 0xff, 0x1b, 0xce,
  0x11, 0x73, 0xcd, 0x59, 0x8c, 0x51, 0x6f, 0x6a, 0x13, 0x9c, 0x5f, 0xf7, 0xff, 0xff, 0xff, 0xff,
  0xff, 0xff, 0xff, 0xff, 0xff, 0xff, 0xff, 0xff, 0xff, 0xff, 0xff, 0xff, 0xff, 0xff, 0xff, 0xff,
  0xff, 0xff, 0xff, 0xff, 0xff, 0xff, 0xff, 0xff, 0xff, 0xff, 0xff, 0xff, 0xff, 0xff, 0xff, 0xff,
  0xff, 0xff, 0xff, 0xff, 0xff, 0xff, 0xff, 0xff, 0xff, 0xff, 0xff, 0xff, 0xff, 0xff, 0xff, 0xff,
  0xff, 0xff, 0xff, 0xff, 0xff, 0xff, 0xff, 0xff, 0xff, 0xff, 0xff, 0xff, 0xff, 0xff, 0xff, 0xff,
  0xff, 0xff, 0xff, 0xff, 0xff, 0xff, 0xff, 0xff, 0xff, 0xff, 0xff, 0xff, 0xff, 0xff, 0xff, 0xff,
  0xff, 0xff, 0xff, 0xff, 0xff, 0xff, 0xff, 0xff, 0xff, 0xff, 0xff, 0xff, 0xff, 0xff, 0xff, 0xff,
  0xff, 0xff, 0xff, 0xff, 0xff, 0xff, 0xff, 0xff, 0xff, 0xff, 0xff, 0xff, 0xff, 0xff, 0xdf, 0xff,
  0xb9, 0xc5, 0x51, 0x83, 0xcd, 0x59, 0x8c, 0x59, 0x8f, 0x6a, 0x31, 0x83, 0x17, 0xbd, 0x1a, 0xd6,
  0x3b, 0xd6, 0x5b, 0xde, 0xdd, 0xe6, 0x9f, 0xff, 0xdf, 0xff, 0xff, 0xff, 0xff, 0xff, 0xff, 0xff,
  0xff, 0xff, 0xff, 0xff, 0xdf, 0xff, 0x9d, 0xe6, 0xcc, 0x69, 0x73, 0xb3, 0x8c, 0x89, 0x15, 0xec,
  0x15, 0xf4, 0x14, 0xec, 0x11, 0xb3, 0x2a, 0x71, 0x72, 0xcb, 0x51, 0xcb, 0x52, 0xbb, 0x90, 0x8a,
  0xcc, 0x30, 0x8e, 0x31, 0xf5, 0x83, 0xff, 0xee, 0xff, 0xff, 0xff, 0xff, 0xff, 0xff, 0xff, 0xff,
  0xff, 0xff, 0xbf, 0xff, 0x18, 0xad, 0x0d, 0x5a, 0x4f, 0x72, 0xed, 0x71, 0x11, 0x9b, 0x6e, 0x7a,
  0x34, 0x9c, 0x5f, 0xf7, 0xff, 0xff, 0xff, 0xff, 0xff, 0xff, 0xff, 0xff, 0xff, 0xff, 0xff, 0xff,
  0xff, 0xff, 0xff, 0xff, 0xff, 0xff, 0xff, 0xff, 0xff, 0xff, 0xff, 0xff, 0xff, 0xff, 0xff, 0xff,
  0xff, 0xff, 0xff, 0xff, 0xff, 0xff, 0xff, 0xff, 0xff, 0xff, 0xff, 0xff, 0xff, 0xff, 0xff, 0xff,
  0xff, 0xff, 0xff, 0xff, 0xff, 0xff, 0xff, 0xff, 0xff, 0xff, 0xff, 0xff, 0xff, 0xff, 0xff, 0xff,
  0xff, 0xff, 0xff, 0xff, 0xff, 0xff, 0xff, 0xff, 0xff, 0xff, 0xff, 0xff, 0xff, 0xff, 0xff, 0xff,
  0xff, 0xff, 0xff, 0xff, 0xff, 0xff, 0xff, 0xff, 0xff, 0xff, 0xff, 0xff, 0xff, 0xff, 0xff, 0xff,
  0xff, 0xff, 0xff, 0xff, 0xff, 0xff, 0xff, 0xff, 0xff, 0xff, 0xff, 0xff, 0xff, 0xff, 0xff, 0xff,
  0xff, 0xff, 0xff, 0xff, 0xff, 0xff, 0x9f, 0xff, 0xde, 0xe6, 0x7a, 0xbd, 0x8b, 0x39, 0xb3, 0x83,
  0xbe, 0xde, 0x9f, 0xf7, 0xff, 0xff, 0xff, 0xff, 0xff, 0xff, 0xff, 0xff, 0xff, 0xff, 0xff, 0xff,
  0xff, 0xff, 0xff, 0xff, 0xff, 0xff, 0xff, 0xff, 0xff, 0xff, 0x9f, 0xff, 0x71, 0x8b, 0xf1, 0x9a,
  0x2f, 0x92, 0xf1, 0xba, 0x35, 0xf4, 0x14, 0xfc, 0xd4, 0xeb, 0x6f, 0xa2, 0x6e, 0x9a, 0x14, 0xe4,
  0xd3, 0xe3, 0x72, 0xd3, 0xb1, 0x9a, 0xcc, 0x28, 0xf0, 0x39, 0x56, 0x84, 0xbf, 0xf7, 0xff, 0xff,
  0xff, 0xff, 0xff, 0xff, 0xff, 0xff, 0xff, 0xff, 0xdd, 0xe6, 0xb3, 0x8b, 0xee, 0x61, 0x0e, 0x7a,
  0x8f, 0x9a, 0x72, 0xbb, 0xf0, 0xa2, 0x6e, 0x72, 0xf3, 0x93, 0xdd, 0xee, 0xdf, 0xff, 0xff, 0xff,
  0xff, 0xff, 0xff, 0xff, 0xff, 0xff, 0xff, 0xff, 0xff, 0xff, 0xff, 0xff, 0xff, 0xff, 0xff, 0xff,
  0xff, 0xff, 0xff, 0xff, 0xff, 0xff, 0xff, 0xff, 0xff, 0xff, 0xff, 0xff, 0xff, 0xff, 0xff, 0xff,
  0xff, 0xff, 0xff, 0xff, 0xff, 0xff, 0xff, 0xff, 0xff, 0xff, 0xff, 0xff, 0xff, 0xff, 0xff, 0xff,
  0xff, 0xff, 0xff, 0xff, 0xff, 0xff, 0xff, 0xff, 0xff, 0xff, 0xff, 0xff, 0xff, 0xff, 0xff, 0xff,
  0xff, 0xff, 0xff, 0xff, 0xff, 0xff, 0xff, 0xff, 0xff, 0xff, 0xff, 0xff, 0xff, 0xff, 0xff, 0xff,
  0xff, 0xff, 0xff, 0xff, 0xff, 0xff, 0xff, 0xff, 0xff, 0xff, 0xff, 0xff, 0xff, 0xff, 0xff, 0xff,
  0xff, 0xff, 0xff, 0xff, 0xff, 0xff, 0xff, 0xff, 0xff, 0xff, 0xff, 0xff, 0xff, 0xff, 0xff, 0xff,
  0x9f, 0xf7, 0xda, 0xc5, 0x30, 0x6b, 0x51, 0x73, 0x5c, 0xce, 0xdf, 0xff, 0xff, 0xff, 0xff, 0xff,
  0xff, 0xff, 0xff, 0xff, 0xff, 0xff, 0xff, 0xff, 0xff, 0xff, 0xff, 0xff, 0xff, 0xff, 0xbf, 0xff,
  0xdb, 0xd5, 0xed, 0x61, 0x74, 0xab, 0x8c, 0x81, 0xf5, 0xeb, 0x14, 0xfc, 0x14, 0xfc, 0x93, 0xdb,
  0x2a, 0x81, 0x93, 0xcb, 0x35, 0xf4, 0x14, 0xf4, 0xf4, 0xeb, 0xf2, 0xaa, 0x0d, 0x31, 0xd0, 0x31,
  0x52, 0x63, 0x7f, 0xef, 0xff, 0xff, 0xff, 0xff, 0xff, 0xff, 0xff, 0xff, 0xff, 0xff, 0xda, 0xc5,
  0x4e, 0x6a, 0x4f, 0x7a, 0xed, 0x81, 0x93, 0xcb, 0x72, 0xcb, 0x52, 0xc3, 0xaf, 0x92, 0xcc, 0x61,
  0x8f, 0x72, 0x92, 0x8b, 0xba, 0xc5, 0x7f, 0xf7, 0xff, 0xff, 0xff, 0xff, 0xff, 0xff, 0xff, 0xff,
  0xff, 0xff, 0xff, 0xff, 0xff, 0xff, 0xff, 0xff, 0xff, 0xff, 0xff, 0xff, 0xff, 0xff, 0xff, 0xff,
  0xff, 0xff, 0xff, 0xff, 0xff, 0xff, 0xff, 0xff, 0xff, 0xff, 0xff, 0xff, 0xff, 0xff, 0xff, 0xff,
  0xff, 0xff, 0xff, 0xff, 0xff, 0xff, 0xff, 0xff, 0xff, 0xff, 0xff, 0xff, 0xff, 0xff, 0xff, 0xff,
  0xff, 0xff, 0xff, 0xff, 0xff, 0xff, 0xff, 0xff, 0xff, 0xff, 0xff, 0xff, 0xff, 0xff, 0xff, 0xff,
  0xff, 0xff, 0xff, 0xff, 0xff, 0xff, 0xff, 0xff, 0xff, 0xff, 0xff, 0xff, 0xff, 0xff, 0xff, 0xff,
  0xff, 0xff, 0xff, 0xff, 0xff, 0xff, 0xff, 0xff, 0xff, 0xff, 0xff, 0xff, 0xff, 0xff, 0xff, 0xff,
  0xff, 0xff, 0xff, 0xff, 0xff, 0xff, 0xff, 0xff, 0xbf, 0xff, 0xde, 0xde, 0x55, 0x94, 0x6d, 0x52,
  0x54, 0x8c, 0x3e, 0xe7, 0xff, 0xff, 0xff, 0xff, 0xff, 0xff, 0xff, 0xff, 0xff, 0xff, 0xff, 0xff,
  0xff, 0xff, 0xdf, 0xff, 0x1e, 0xf7, 0x2e, 0x6a, 0x53, 0xa3, 0xcd, 0x81, 0xf1, 0xba, 0x15, 0xf4,
  0x14, 0xfc, 0x15, 0xec, 0x11, 0xc3, 0xac, 0x91, 0x15, 0xec, 0x14, 0xfc, 0x14, 0xfc, 0x14, 0xf4,
  0x73, 0xbb, 0x2f, 0x39, 0xd1, 0x31, 0x12, 0x5b, 0x5f, 0xef, 0xff, 0xff, 0xff, 0xff, 0xff, 0xff,
  0xff, 0xff, 0x3e, 0xef, 0x55, 0x9c, 0x0e, 0x6a, 0x70, 0x92, 0xf1, 0xb2, 0x15, 0xec, 0xd3, 0xe3,
  0x72, 0xcb, 0x8f, 0x9a, 0xed, 0x71, 0xb0, 0x92, 0xb0, 0x82, 0x2d, 0x6a, 0x30, 0x7b, 0x1b, 0xce,
  0xff, 0xff, 0xff, 0xff, 0xff, 0xff, 0xff, 0xff, 0xff, 0xff, 0xff, 0xff, 0xff, 0xff, 0xff, 0xff,
  0xff, 0xff, 0xff, 0xff, 0xff, 0xff, 0xff, 0xff, 0xff, 0xff, 0xff, 0xff, 0xff, 0xff, 0xff, 0xff,
  0xff, 0xff, 0xff, 0xff, 0xff, 0xff, 0xff, 0xff, 0xff, 0xff, 0xff, 0xff, 0xff, 0xff, 0xff, 0xff,
  0xff, 0xff, 0xff, 0xff, 0xff, 0xff, 0xff, 0xff, 0xff, 0xff, 0xff, 0xff, 0xff, 0xff, 0xff, 0xff,
  0xff, 0xff, 0xff, 0xff, 0xff, 0xff, 0xff, 0xff, 0xff, 0xff, 0xff, 0xff, 0xff, 0xff, 0xff, 0xff,
  0xff, 0xff, 0xff, 0xff, 0xff, 0xff, 0xff, 0xff, 0xff, 0xff, 0xff, 0xff, 0xff, 0xff, 0xff, 0xff,
  0xff, 0xff, 0xff, 0xff, 0xff, 0xff, 0xff, 0xff, 0xff, 0xff, 0xff, 0xff, 0xff, 0xff, 0xff, 0xff,
  0xff, 0xff, 0x5f, 0xef, 0x3b, 0xce, 0x53, 0x8c, 0x8d, 0x52, 0x17, 0xa5, 0xff, 0xff, 0xff, 0xff,
  0xff, 0xff, 0xff, 0xff, 0xff, 0xff, 0xdf, 0xff, 0x1f, 0xf7, 0xcf, 0x7a, 0xd1, 0x8a, 0xd1, 0xa2,
  0xed, 0x91, 0xf5, 0xe3, 0x15, 0xfc, 0x15, 0xfc, 0xd4, 0xdb, 0xcc, 0x99, 0x52, 0xd3, 0x15, 0xf4,
  0x14, 0xfc, 0x14, 0xfc, 0x15, 0xfc, 0x74, 0xc3, 0x4f, 0x39, 0xf2, 0x31, 0x12, 0x5b, 0x5f, 0xef,
  0xff, 0xff, 0xff, 0xff, 0xff, 0xff, 0xdf, 0xff, 0xba, 0xc5, 0x8f, 0x6a, 0x6f, 0x82, 0x2f, 0x92,
  0xf4, 0xeb, 0x14, 0xf4, 0xf4, 0xf3, 0xb3, 0xdb, 0x4e, 0x92, 0xed, 0x79, 0x52, 0xbb, 0x52, 0xb3,
  0x11, 0x9b, 0x0d, 0x6a, 0x8f, 0x62, 0xdb, 0xbd, 0xff, 0xff, 0xff, 0xff, 0xff, 0xff, 0xff, 0xff,
  0xff, 0xff, 0xff, 0xff, 0xff, 0xff, 0xff, 0xff, 0xff, 0xff, 0xff, 0xff, 0xff, 0xff, 0xff, 0xff,
  0xff, 0xff, 0xff, 0xff, 0xff, 0xff, 0xff, 0xff, 0xff, 0xff, 0xff, 0xff, 0xff, 0xff, 0xff, 0xff,
  0xff, 0xff, 0xff, 0xff, 0xff, 0xff, 0xff, 0xff, 0xff, 0xff, 0xff, 0xff, 0xff, 0xff, 0xff, 0xff,
  0xff, 0xff, 0xff, 0xff, 0xff, 0xff, 0xff, 0xff, 0xff, 0xff, 0xff, 0xff, 0xff, 0xff, 0xff, 0xff,
  0xff, 0xff, 0xff, 0xff, 0xff, 0xff, 0xff, 0xff, 0xff, 0xff, 0xff, 0xff, 0xff, 0xff, 0xff, 0xff,
  0xff, 0xff, 0xff, 0xff, 0xff, 0xff, 0xff, 0xff, 0xff, 0xff, 0xff, 0xff, 0xff, 0xff, 0xff, 0xff,
  0xff, 0xff, 0xff, 0xff, 0xff, 0xff, 0xff, 0xff, 0xff, 0xff, 0xdf, 0xff, 0x3f, 0xef, 0xda, 0xbd,
  0x0f, 0x63, 0x0f, 0x63, 0x3a, 0xc6, 0xff, 0xff, 0xff, 0xff, 0xff, 0xff, 0x3f, 0xf7, 0xcf, 0x7a,
  0xd0, 0x8a, 0x33, 0xab, 0x6b, 0x81, 0x93, 0xdb, 0x35, 0xf4, 0x15, 0xfc, 0xf4, 0xeb, 0xf1, 0xba,
  0xed, 0x99, 0x14, 0xf4, 0x14, 0xfc, 0x14, 0xfc, 0x14, 0xfc, 0x15, 0xfc, 0x74, 0xc3, 0x2f, 0x39,
  0x12, 0x3a, 0xf2, 0x5a, 0x5f, 0xef, 0xff, 0xff, 0xff, 0xff, 0xff, 0xff, 0xdd, 0xe6, 0x93, 0x8b,
  0xee, 0x69, 0x2f, 0x8a, 0xf1, 0xba, 0x35, 0xf4, 0x14, 0xfc, 0x14, 0xfc, 0x72, 0xd3, 0x0d, 0x8a,
  0x2d, 0x8a, 0x51, 0xc3, 0x51, 0xc3, 0x73, 0xbb, 0x2e, 0x7a, 0x2b, 0x31, 0x15, 0x84, 0x3e, 0xef,
  0xff, 0xff, 0xff, 0xff, 0xff, 0xff, 0xff, 0xff, 0xff, 0xff, 0xff, 0xff, 0xff, 0xff, 0xff, 0xff,
  0xff, 0xff, 0xff, 0xff, 0xff, 0xff, 0xff, 0xff, 0xff, 0xff, 0xff, 0xff, 0xff, 0xff, 0xff, 0xff,
  0xff, 0xff, 0xff, 0xff, 0xff, 0xff, 0xff, 0xff, 0xff, 0xff, 0xff, 0xff, 0xff, 0xff, 0xff, 0xff,
  0xff, 0xff, 0xff, 0xff, 0xff, 0xff, 0xff, 0xff, 0xff, 0xff, 0xff, 0xff, 0xff, 0xff, 0xff, 0xff,
  0xff, 0xff, 0xff, 0xff, 0xff, 0xff, 0xff, 0xff, 0xff, 0xff, 0xff, 0xff, 0xff, 0xff, 0xff, 0xff,
  0xff, 0xff, 0xff, 0xff, 0xff, 0xff, 0xff, 0xff, 0xff, 0xff, 0xff, 0xff, 0xff, 0xff, 0xff, 0xff,
  0xff, 0xff, 0xff, 0xff, 0xff, 0xff, 0xff, 0xff, 0xff, 0xff, 0xff, 0xff, 0xff, 0xff, 0xff, 0xff,
  0xff, 0xff, 0xff, 0xff, 0xbf, 0xff, 0xfd, 0xde, 0xf6, 0x9c, 0x8d, 0x52, 0xb2, 0x7b, 0xbe, 0xde,
  0x3f, 0xf7, 0xaf, 0x72, 0xd0, 0x8a, 0x53, 0xab, 0x4b, 0x79, 0x32, 0xc3, 0x15, 0xf4, 0x14, 0xfc,
  0x15, 0xf4, 0x93, 0xdb, 0x4a, 0x81, 0x73, 0xcb, 0x15, 0xf4, 0x14, 0xfc, 0x14, 0xfc, 0x14, 0xfc,
  0x15, 0xf4, 0x54, 0xbb, 0x2f, 0x39, 0xd1, 0x31, 0x91, 0x4a, 0xbe, 0xd6, 0xff, 0xff, 0xff, 0xff,
  0x3f, 0xef, 0x55, 0x9c, 0xed, 0x61, 0x4f, 0x82, 0x2e, 0x9a, 0xf5, 0xeb, 0x14, 0xfc, 0x14, 0xfc,
  0x35, 0xf4, 0xf0, 0xc2, 0xcc, 0x89, 0xd0, 0xaa, 0x51, 0xcb, 0x51, 0xcb, 0x32, 0xb3, 0xee, 0x69,
  0x0b, 0x31, 0xb4, 0x73, 0x1e, 0xe7, 0xff, 0xff, 0xff, 0xff, 0xff, 0xff, 0xff, 0xff, 0xff, 0xff,
  0xff, 0xff, 0xff, 0xff, 0xff, 0xff, 0xff, 0xff, 0xff, 0xff, 0xff, 0xff, 0xff, 0xff, 0xff, 0xff,
  0xff, 0xff, 0xff, 0xff, 0xff, 0xff, 0xff, 0xff, 0xff, 0xff, 0xff, 0xff, 0xff, 0xff, 0xff, 0xff,
  0xff, 0xff, 0xff, 0xff, 0xff, 0xff, 0xff, 0xff, 0xff, 0xff, 0xff, 0xff, 0xff, 0xff, 0xff, 0xff,
  0xff, 0xff, 0xff, 0xff, 0xff, 0xff, 0xff, 0xff, 0xff, 0xff, 0xff, 0xff, 0xff, 0xff, 0xff, 0xff,
  0xff, 0xff, 0xff, 0xff, 0xff, 0xff, 0xff, 0xff, 0xff, 0xff, 0xff, 0xff, 0xff, 0xff, 0xff, 0xff,
  0xff, 0xff, 0xff, 0xff, 0xff, 0xff, 0xff, 0xff, 0xff, 0xff, 0xff, 0xff, 0xff, 0xff, 0xff, 0xff,
  0xff, 0xff, 0xff, 0xff, 0xff, 0xff, 0xff, 0xff, 0xff, 0xff, 0xff, 0xff, 0xff, 0xff, 0x9f, 0xf7,
  0xbd, 0xde, 0xf3, 0x83, 0x4d, 0x52, 0x6f, 0x62, 0xd1, 0x82, 0x74, 0xab, 0x4b, 0x79, 0xf1, 0xba,
  0x15, 0xec, 0x14, 0xfc, 0x14, 0xfc, 0xf4, 0xe3, 0xcd, 0x99, 0x6f, 0xb2, 0x15, 0xec, 0x14, 0xfc,
  0x14, 0xfc, 0x14, 0xfc, 0x14, 0xfc, 0x15, 0xec, 0xf2, 0xa2, 0x4f, 0x39, 0xd1, 0x31, 0x0f, 0x42,
  0x52, 0x6b, 0x3f, 0xe7, 0x3f, 0xef, 0x76, 0x9c, 0x0e, 0x62, 0x4f, 0x7a, 0xcd, 0x81, 0x93, 0xd3,
  0x15, 0xf4, 0x14, 0xfc, 0x14, 0xfc, 0xf4, 0xe3, 0x6f, 0xb2, 0x2e, 0xa2, 0x14, 0xe4, 0xf4, 0xe3,
  0xb3, 0xdb, 0x32, 0xb3, 0xce, 0x69, 0x2c, 0x31, 0xb5, 0x73, 0x1e, 0xe7, 0xff, 0xff, 0xff, 0xff,
  0xff, 0xff, 0xff, 0xff, 0xff, 0xff, 0xff, 0xff, 0xff, 0xff, 0xff, 0xff, 0xff, 0xff, 0xff, 0xff,
  0xff, 0xff, 0xff, 0xff, 0xff, 0xff, 0xff, 0xff, 0xff, 0xff, 0xff, 0xff, 0xff, 0xff, 0xff, 0xff,
  0xff, 0xff, 0xff, 0xff, 0xff, 0xff, 0xff, 0xff, 0xff, 0xff, 0xff, 0xff, 0xff, 0xff, 0xff, 0xff,
  0xff, 0xff, 0xff, 0xff, 0xff, 0xff, 0xff, 0xff, 0xff, 0xff, 0xff, 0xff, 0xff, 0xff, 0xff, 0xff,
  0xff, 0xff, 0xff, 0xff, 0xff, 0xff, 0xff, 0xff, 0xff, 0xff, 0xff, 0xff, 0xff, 0xff, 0xff, 0xff,
  0xff, 0xff, 0xff, 0xff, 0xff, 0xff, 0xff, 0xff, 0xff, 0xff, 0xff, 0xff, 0xff, 0xff, 0xff, 0xff,
  0xff, 0xff, 0xff, 0xff, 0xff, 0xff, 0xff, 0xff, 0xff, 0xff, 0xff, 0xff, 0xff, 0xff, 0xff, 0xff,
  0xff, 0xff, 0xff, 0xff, 0xff, 0xff, 0xff, 0xff, 0x3f, 0xef, 0x8e, 0x5a, 0x6b, 0x49, 0xd2, 0x8a,
  0x8c, 0x71, 0x12, 0xbb, 0x15, 0xec, 0x14, 0xfc, 0x14, 0xfc, 0xf4, 0xeb, 0x2e, 0xa2, 0xed, 0x91,
  0xf4, 0xeb, 0x14, 0xfc, 0x14, 0xfc, 0xf4, 0xfb, 0x14, 0xfc, 0x15, 0xfc, 0xf5, 0xdb, 0x50, 0x8a,
  0x4f, 0x39, 0x93, 0x4a, 0x1a, 0xa5, 0xb3, 0x7b, 0x4f, 0x52, 0xd1, 0x6a, 0x4f, 0x6a, 0x90, 0x82,
  0xed, 0x81, 0x32, 0xc3, 0x14, 0xf4, 0x14, 0xfc, 0x14, 0xfc, 0x35, 0xf4, 0x32, 0xc3, 0x0d, 0x9a,
  0x52, 0xd3, 0x35, 0xf4, 0x14, 0xfc, 0x15, 0xec, 0x53, 0xbb, 0xce, 0x69, 0x2c, 0x31, 0xb5, 0x73,
  0x1e, 0xe7, 0xff, 0xff, 0xff, 0xff, 0xff, 0xff, 0xff, 0xff, 0xff, 0xff, 0xff, 0xff, 0xff, 0xff,
  0xff, 0xff, 0xff, 0xff, 0xff, 0xff, 0xff, 0xff, 0xff, 0xff, 0xff, 0xff, 0xff, 0xff, 0xff, 0xff,
  0xff, 0xff, 0xff, 0xff, 0xff, 0xff, 0xff, 0xff, 0xff, 0xff, 0xff, 0xff, 0xff, 0xff, 0xff, 0xff,
  0xff, 0xff, 0xff, 0xff, 0xff, 0xff, 0xff, 0xff, 0xff, 0xff, 0xff, 0xff, 0xff, 0xff, 0xff, 0xff,
  0xff, 0xff, 0xff, 0xff, 0xff, 0xff, 0xff, 0xff, 0xff, 0xff, 0xff, 0xff, 0xff, 0xff, 0xff, 0xff,
  0xff, 0xff, 0xff, 0xff, 0xff, 0xff, 0xff, 0xff, 0xff, 0xff, 0xff, 0xff, 0xff, 0xff, 0xff, 0xff,
  0xff, 0xff, 0xff, 0xff, 0xff, 0xff, 0xff, 0xff, 0xff, 0xff, 0xff, 0xff, 0xff, 0xff, 0xff, 0xff,
  0xff, 0xff, 0xff, 0xff, 0xff, 0xff, 0xff, 0xff, 0xff, 0xff, 0xff, 0xff, 0xff, 0xff, 0xff, 0xff,
  0xde, 0xe6, 0x93, 0x8b, 0x2a, 0x49, 0x2e, 0x7a, 0x16, 0xcc, 0x55, 0xec, 0x35, 0xf4, 0x15, 0xec,
  0xb0, 0xba, 0xac, 0x91, 0xd4, 0xdb, 0x15, 0xf4, 0x14, 0xfc, 0x14, 0xfc, 0x14, 0xfc, 0x14, 0xfc,
  0x15, 0xf4, 0xb5, 0xcb, 0xae, 0x69, 0x6f, 0x39, 0xd4, 0x52, 0xdf, 0xd6, 0x55, 0x8c, 0x0b, 0x31,
  0x30, 0x5a, 0x50, 0x7a, 0xad, 0x79, 0x11, 0xbb, 0x15, 0xec, 0x14, 0xfc, 0x14, 0xfc, 0x14, 0xfc,
  0x93, 0xdb, 0x4e, 0xa2, 0xb0, 0xb2, 0xf4, 0xf3, 0x14, 0xfc, 0x14, 0xfc, 0x35, 0xf4, 0x53, 0xb3,
  0xae, 0x61, 0x2d, 0x29, 0x58, 0x8c, 0xdf, 0xf7, 0xff, 0xff, 0xff, 0xff, 0xff, 0xff, 0xff, 0xff,
  0xff, 0xff, 0xff, 0xff, 0xff, 0xff, 0xff, 0xff, 0xff, 0xff, 0xff, 0xff, 0xff, 0xff, 0xff, 0xff,
  0xff, 0xff, 0xff, 0xff, 0xff, 0xff, 0xff, 0xff, 0xff, 0xff, 0xff, 0xff, 0xff, 0xff, 0xff, 0xff,
  0xff, 0xff, 0xff, 0xff, 0xff, 0xff, 0xff, 0xff, 0xff, 0xff, 0xff, 0xff, 0xff, 0xff, 0xff, 0xff,
  0xff, 0xff, 0xff, 0xff, 0xff, 0xff, 0xff, 0xff, 0xff, 0xff, 0xff, 0xff, 0xff, 0xff, 0xff, 0xff,
  0xff, 0xff, 0xff, 0xff, 0xff, 0xff, 0xff, 0xff, 0xff, 0xff, 0xff, 0xff, 0xff, 0xff, 0xff, 0xff,
  0xff, 0xff, 0xff, 0xff, 0xff, 0xff, 0xff, 0xff, 0xff, 0xff, 0xff, 0xff, 0xff, 0xff, 0xff, 0xff,
  0xff, 0xff, 0xff, 0xff, 0xff, 0xff, 0xff, 0xff, 0xff, 0xff, 0xff, 0xff, 0xff, 0xff, 0xff, 0xff,
  0xff, 0xff, 0xff, 0xff, 0xff, 0xff, 0xff, 0xff, 0x3e, 0xef, 0x1b, 0xd6, 0xb2, 0x8b, 0xcc, 0x61,
  0xb0, 0x9a, 0xd5, 0xcb, 0x4f, 0x9a, 0xcd, 0x91, 0x93, 0xdb, 0x15, 0xf4, 0x14, 0xfc, 0x14, 0xfc,
  0x14, 0xfc, 0x14, 0xfc, 0x14, 0xfc, 0x35, 0xf4, 0x95, 0xc3, 0x0c, 0x49, 0xf1, 0x41, 0x55, 0x5b,
  0xbf, 0xf7, 0x5b, 0xce, 0x6f, 0x5a, 0x6c, 0x49, 0x4f, 0x82, 0x73, 0xc3, 0x15, 0xec, 0x14, 0xfc,
  0x14, 0xfc, 0x14, 0xfc, 0xf4, 0xe3, 0x90, 0xb2, 0x0d, 0xa2, 0xd4, 0xe3, 0x14, 0xfc, 0x14, 0xfc,
  0x14, 0xfc, 0x35, 0xf4, 0xf3, 0xa2, 0x6e, 0x49, 0x4d, 0x31, 0xb8, 0x8c, 0xff, 0xff, 0xff, 0xff,
  0xff, 0xff, 0xff, 0xff, 0xff, 0xff, 0xff, 0xff, 0xff, 0xff, 0xff, 0xff, 0xff, 0xff, 0xff, 0xff,
  0xff, 0xff, 0xff, 0xff, 0xff, 0xff, 0xff, 0xff, 0xff, 0xff, 0xff, 0xff, 0xff, 0xff, 0xff, 0xff,
  0xff, 0xff, 0xff, 0xff, 0xff, 0xff, 0xff, 0xff, 0xff, 0xff, 0xff, 0xff, 0xff, 0xff, 0xff, 0xff,
  0xff, 0xff, 0xff, 0xff, 0xff, 0xff, 0xff, 0xff, 0xff, 0xff, 0xff, 0xff, 0xff, 0xff, 0xff, 0xff,
  0xff, 0xff, 0xff, 0xff, 0xff, 0xff, 0xff, 0xff, 0xff, 0xff, 0xff, 0xff, 0xff, 0xff, 0xff, 0xff,
  0xff, 0xff, 0xff, 0xff, 0xff, 0xff, 0xff, 0xff, 0xff, 0xff, 0xff, 0xff, 0xff, 0xff, 0xff, 0xff,
  0xff, 0xff, 0xff, 0xff, 0xff, 0xff, 0xff, 0xff, 0xff, 0xff, 0xff, 0xff, 0xff, 0xff, 0xff, 0xff,
  0xff, 0xff, 0xff, 0xff, 0xff, 0xff, 0xff, 0xff, 0xff, 0xff, 0xff, 0xff, 0xff, 0xff, 0xff, 0xff,
  0xdf, 0xff, 0x3f, 0xef, 0x7d, 0xe6, 0x35, 0xac, 0xcc, 0x69, 0xac, 0x71, 0xd5, 0xd3, 0x15, 0xf4,
  0x14, 0xfc, 0x14, 0xfc, 0xf4, 0xfb, 0x14, 0xfc, 0x14, 0xfc, 0x14, 0xfc, 0x15, 0xec, 0x34, 0xa3,
  0x2d, 0x41, 0x31, 0x4a, 0xda, 0x94, 0xff, 0xff, 0xbf, 0xff, 0x5c, 0xd6, 0x72, 0x83, 0x0d, 0x7a,
  0xf4, 0xcb, 0x35, 0xf4, 0x14, 0xfc, 0x14, 0xfc, 0x15, 0xf4, 0xf1, 0xba, 0xed, 0x99, 0x72, 0xd3,
  0x14, 0xf4, 0x14, 0xfc, 0x14, 0xfc, 0x14, 0xfc, 0x36, 0xec, 0xd3, 0x92, 0x4e, 0x41, 0xae, 0x31,
  0xd8, 0x94, 0xff, 0xff, 0xff, 0xff, 0xff, 0xff, 0xff, 0xff, 0xff, 0xff, 0xff, 0xff, 0xff, 0xff,
  0xff, 0xff, 0xff, 0xff, 0xff, 0xff, 0xff, 0xff, 0xff, 0xff, 0xff, 0xff, 0xff, 0xff, 0xff, 0xff,
  0xff, 0xff, 0xff, 0xff, 0xff, 0xff, 0xff, 0xff, 0xff, 0xff, 0xff, 0xff, 0xff, 0xff, 0xff, 0xff,
  0xff, 0xff, 0xff, 0xff, 0xff, 0xff, 0xff, 0xff, 0xff, 0xff, 0xff, 0xff, 0xff, 0xff, 0xff, 0xff,
  0xff, 0xff, 0xff, 0xff, 0xff, 0xff, 0xff, 0xff, 0xff, 0xff, 0xff, 0xff, 0xff, 0xff, 0xff, 0xff,
  0xff, 0xff, 0xff, 0xff, 0xff, 0xff, 0xff, 0xff, 0xff, 0xff, 0xff, 0xff, 0xff, 0xff, 0xff, 0xff,
  0xff, 0xff, 0xff, 0xff, 0xff, 0xff, 0xff, 0xff, 0xff, 0xff, 0xff, 0xff, 0xff, 0xff, 0xff, 0xff,
  0xff, 0xff, 0xff, 0xff, 0xff, 0xff, 0xff, 0xff, 0xff, 0xff, 0xff, 0xff, 0xff, 0xff, 0xff, 0xff,
  0xff, 0xff, 0xff, 0xff, 0xff, 0xff, 0xff, 0xff, 0xff, 0xff, 0xff, 0xff, 0x5f, 0xf7, 0x79, 0xd5,
  0xac, 0x71, 0x57, 0xe4, 0x15, 0xf4, 0x14, 0xfc, 0x14, 0xfc, 0x14, 0xfc, 0x14, 0xfc, 0x14, 0xfc,
  0x14, 0xfc, 0xd5, 0xdb, 0x92, 0x82, 0x6e, 0x39, 0xb1, 0x52, 0xff, 0xde, 0xff, 0xff, 0xff, 0xff,
  0xdf, 0xff, 0xdd, 0xe6, 0x34, 0xa4, 0x2d, 0x7a, 0xd4, 0xd3, 0x35, 0xec, 0x15, 0xec, 0xf1, 0xc2,
  0xac, 0x91, 0x11, 0xc3, 0x14, 0xf4, 0x14, 0xfc, 0x14, 0xfc, 0x14, 0xfc, 0x14, 0xfc, 0xf5, 0xe3,
  0x72, 0x82, 0x4e, 0x39, 0x50, 0x4a, 0x7a, 0xad, 0xff, 0xff, 0xff, 0xff, 0xff, 0xff, 0xff, 0xff,
  0xff, 0xff, 0xff, 0xff, 0xff, 0xff, 0xff, 0xff, 0xff, 0xff, 0xff, 0xff, 0xff, 0xff, 0xff, 0xff,
  0xff, 0xff, 0xff, 0xff, 0xff, 0xff, 0xff, 0xff, 0xff, 0xff, 0xff, 0xff, 0xff, 0xff, 0xff, 0xff,
  0xff, 0xff, 0xff, 0xff, 0xff, 0xff, 0xff, 0xff, 0xff, 0xff, 0xff, 0xff, 0xff, 0xff, 0xff, 0xff,
  0xff, 0xff, 0xff, 0xff, 0xff, 0xff, 0xff, 0xff, 0xff, 0xff, 0xff, 0xff, 0xff, 0xff, 0xff, 0xff,
  0xff, 0xff, 0xff, 0xff, 0xff, 0xff, 0xff, 0xff, 0xff, 0xff, 0xff, 0xff, 0xff, 0xff, 0xff, 0xff,
  0xff, 0xff, 0xff, 0xff, 0xff, 0xff, 0xff, 0xff, 0xff, 0xff, 0xff, 0xff, 0xff, 0xff, 0xff, 0xff,
  0xff, 0xff, 0xff, 0xff, 0xff, 0xff, 0xff, 0xff, 0xff, 0xff, 0xff, 0xff, 0xff, 0xff, 0xff, 0xff,
  0xff, 0xff, 0xff, 0xff, 0xff, 0xff, 0xff, 0xff, 0xff, 0xff, 0xff, 0xff, 0xff, 0xff, 0xff, 0xff,
  0xff, 0xff, 0xff, 0xff, 0x1e, 0xf7, 0xab, 0x69, 0x35, 0xdc, 0x35, 0xf4, 0x14, 0xfc, 0x14, 0xfc,
  0x14, 0xfc, 0x14, 0xfc, 0x14, 0xfc, 0x14, 0xfc, 0x94, 0xcb, 0x6f, 0x51, 0xd0, 0x41, 0xf1, 0x62,
  0xdf, 0xff, 0xff, 0xff, 0xff, 0xff, 0xff, 0xff, 0xdf, 0xff, 0xfe, 0xee, 0x34, 0xa4, 0x2d, 0x82,
  0xd4, 0xcb, 0xf1, 0xb2, 0xac, 0x91, 0xf1, 0xba, 0x15, 0xec, 0x14, 0xfc, 0x14, 0xfc, 0x14, 0xfc,
  0x14, 0xfc, 0x14, 0xfc, 0x74, 0xcb, 0x11, 0x6a, 0x4e, 0x31, 0x53, 0x6b, 0xbe, 0xd6, 0xff, 0xff,
  0xff, 0xff, 0xff, 0xff, 0xff, 0xff, 0xff, 0xff, 0xff, 0xff, 0xff, 0xff, 0xff, 0xff, 0xff, 0xff,
  0xff, 0xff, 0xff, 0xff, 0xff, 0xff, 0xff, 0xff, 0xff, 0xff, 0xff, 0xff, 0xff, 0xff, 0xff, 0xff,
  0xff, 0xff, 0xff, 0xff, 0xff, 0xff, 0xff, 0xff, 0xff, 0xff, 0xff, 0xff, 0xff, 0xff, 0xff, 0xff,
  0xff, 0xff, 0xff, 0xff, 0xff, 0xff, 0xff, 0xff, 0xff, 0xff, 0xff, 0xff, 0xff, 0xff, 0xff, 0xff,
  0xff, 0xff, 0xff, 0xff, 0xff, 0xff, 0xff, 0xff, 0xff, 0xff, 0xff, 0xff, 0xff, 0xff, 0xff, 0xff,
  0xff, 0xff, 0xff, 0xff, 0xff, 0xff, 0xff, 0xff, 0xff, 0xff, 0xff, 0xff, 0xff, 0xff, 0xff, 0xff,
  0xff, 0xff, 0xff, 0xff, 0xff, 0xff, 0xff, 0xff, 0xff, 0xff, 0xff, 0xff, 0xff, 0xff, 0xff, 0xff,
  0xff, 0xff, 0xff, 0xff, 0xff, 0xff, 0xff, 0xff, 0xff, 0xff, 0xff, 0xff, 0xff, 0xff, 0xff, 0xff,
  0xff, 0xff, 0xff, 0xff, 0xff, 0xff, 0xff, 0xff, 0xff, 0xff, 0x7f, 0xff, 0x10, 0x8b, 0x93, 0xbb,
  0x35, 0xf4, 0x14, 0xfc, 0xf4, 0xfb, 0xf4, 0xfb, 0x14, 0xfc, 0x14, 0xfc, 0x15, 0xec, 0x53, 0xb3,
  0x2e, 0x41, 0xf1, 0x41, 0x35, 0x84, 0xff, 0xff, 0xff, 0xff, 0xff, 0xff, 0xff, 0xff, 0xff, 0xff,
  0xdf, 0xff, 0xfe, 0xee, 0x55, 0xa4, 0x8b, 0x61, 0xac, 0x81, 0x32, 0xc3, 0x14, 0xec, 0x14, 0xfc,
  0x14, 0xfc, 0x14, 0xfc, 0x14, 0xfc, 0x14, 0xfc, 0x15, 0xf4, 0x12, 0xb3, 0xd1, 0x51, 0x6f, 0x29,
  0x36, 0x84, 0xbf, 0xf7, 0xff, 0xff, 0xff, 0xff, 0xff, 0xff, 0xff, 0xff, 0xff, 0xff, 0xff, 0xff,
  0xff, 0xff, 0xff, 0xff, 0xff, 0xff, 0xff, 0xff, 0xff, 0xff, 0xff, 0xff, 0xff, 0xff, 0xff, 0xff,
  0xff, 0xff, 0xff, 0xff, 0xff, 0xff, 0xff, 0xff, 0xff, 0xff, 0xff, 0xff, 0xff, 0xff, 0xff, 0xff,
  0xff, 0xff, 0xff, 0xff, 0xff, 0xff, 0xff, 0xff, 0xff, 0xff, 0xff, 0xff, 0xff, 0xff, 0xff, 0xff,
  0xff, 0xff, 0xff, 0xff, 0xff, 0xff, 0xff, 0xff, 0xff, 0xff, 0xff, 0xff, 0xff, 0xff, 0xff, 0xff,
  0xff, 0xff, 0xff, 0xff, 0xff, 0xff, 0xff, 0xff, 0xff, 0xff, 0xff, 0xff, 0xff, 0xff, 0xff, 0xff,
  0xff, 0xff, 0xff, 0xff, 0xff, 0xff, 0xff, 0xff, 0xff, 0xff, 0xff, 0xff, 0xff, 0xff, 0xff, 0xff,
  0xff, 0xff, 0xff, 0xff, 0xff, 0xff, 0xff, 0xff, 0xff, 0xff, 0xff, 0xff, 0xff, 0xff, 0xff, 0xff,
  0xff, 0xff, 0xff, 0xff, 0xff, 0xff, 0xff, 0xff, 0xff, 0xff, 0xff, 0xff, 0xff, 0xff, 0xff, 0xff,
  0x9f, 0xff, 0xb6, 0xbc, 0xcf, 0x9a, 0x35, 0xf4, 0x14, 0xfc, 0xf4, 0xfb, 0xf4, 0xfb, 0x14, 0xfc,
  0x35, 0xf4, 0xd5, 0xd3, 0xef, 0x79, 0x4e, 0x39, 0x92, 0x4a, 0xde, 0xde, 0xff, 0xff, 0xff, 0xff,
  0xff, 0xff, 0xff, 0xff, 0xff, 0xff, 0xff, 0xff, 0xdf, 0xff, 0x3f, 0xef, 0x75, 0xac, 0x4e, 0x8a,
  0x36, 0xe4, 0x35, 0xfc, 0x14, 0xfc, 0x14, 0xfc, 0x14, 0xfc, 0x14, 0xfc, 0x14, 0xfc, 0x15, 0xec,
  0x91, 0x9a, 0x70, 0x41, 0x11, 0x3a, 0xd8, 0x9c, 0xff, 0xff, 0xff, 0xff, 0xff, 0xff, 0xff, 0xff,
  0xff, 0xff, 0xff, 0xff, 0xff, 0xff, 0xff, 0xff, 0xff, 0xff, 0xff, 0xff, 0xff, 0xff, 0xff, 0xff,
  0xff, 0xff, 0xff, 0xff, 0xff, 0xff, 0xff, 0xff, 0xff, 0xff, 0xff, 0xff, 0xff, 0xff, 0xff, 0xff,
  0xff, 0xff, 0xff, 0xff, 0xff, 0xff, 0xff, 0xff, 0xff, 0xff, 0xff, 0xff, 0xff, 0xff, 0xff, 0xff,
  0xff, 0xff, 0xff, 0xff, 0xff, 0xff, 0xff, 0xff, 0xff, 0xff, 0xff, 0xff, 0xff, 0xff, 0xff, 0xff,
  0xff, 0xff, 0xff, 0xff, 0xff, 0xff, 0xff, 0xff, 0xff, 0xff, 0xff, 0xff, 0xff, 0xff, 0xff, 0xff,
  0xff, 0xff, 0xff, 0xff, 0xff, 0xff, 0xff, 0xff, 0xff, 0xff, 0xff, 0xff, 0xff, 0xff, 0xff, 0xff,
  0xff, 0xff, 0xff, 0xff, 0xff, 0xff, 0xff, 0xff, 0xff, 0xff, 0xff, 0xff, 0xff, 0xff, 0xff, 0xff,
  0xff, 0xff, 0xff, 0xff, 0xff, 0xff, 0xff, 0xff, 0xff, 0xff, 0xff, 0xff, 0xff, 0xff, 0xff, 0xff,
  0xff, 0xff, 0xff, 0xff, 0xff, 0xff, 0xdf, 0xff, 0x3c, 0xde, 0xec, 0x71, 0x55, 0xec, 0x14, 0xfc,
  0xf4, 0xfb, 0x14, 0xfc, 0x14, 0xfc, 0x15, 0xec, 0x54, 0xab, 0x0c, 0x41, 0xb0, 0x39, 0x33, 0x63,
  0xdf, 0xff, 0xff, 0xff, 0xff, 0xff, 0xff, 0xff, 0xff, 0xff, 0xff, 0xff, 0xff, 0xff, 0xff, 0xff,
  0xdf, 0xff, 0x79, 0xcd, 0x6e, 0x92, 0x36, 0xec, 0x14, 0xfc, 0x14, 0xfc, 0x14, 0xfc, 0x14, 0xfc,
  0x14, 0xfc, 0x15, 0xf4, 0xb5, 0xcb, 0x30, 0x7a, 0x6f, 0x39, 0xf4, 0x5a, 0x3c, 0xc6, 0xff, 0xff,
  0xff, 0xff, 0xff, 0xff, 0xff, 0xff, 0xff, 0xff, 0xff, 0xff, 0xff, 0xff, 0xff, 0xff, 0xff, 0xff,
  0xff, 0xff, 0xff, 0xff, 0xff, 0xff, 0xff, 0xff, 0xff, 0xff, 0xff, 0xff, 0xff, 0xff, 0xff, 0xff,
  0xff, 0xff, 0xff, 0xff, 0xff, 0xff, 0xff, 0xff, 0xff, 0xff, 0xff, 0xff, 0xff, 0xff, 0xff, 0xff,
  0xff, 0xff, 0xff, 0xff, 0xff, 0xff, 0xff, 0xff, 0xff, 0xff, 0xff, 0xff, 0xff, 0xff, 0xff, 0xff,
  0xff, 0xff, 0xff, 0xff, 0xff, 0xff, 0xff, 0xff, 0xff, 0xff, 0xff, 0xff, 0xff, 0xff, 0xff, 0xff,
  0xff, 0xff, 0xff, 0xff, 0xff, 0xff, 0xff, 0xff, 0xff, 0xff, 0xff, 0xff, 0xff, 0xff, 0xff, 0xff,
  0xff, 0xff, 0xff, 0xff, 0xff, 0xff, 0xff, 0xff, 0xff, 0xff, 0xff, 0xff, 0xff, 0xff, 0xff, 0xff,
  0xff, 0xff, 0xff, 0xff, 0xff, 0xff, 0xff, 0xff, 0xff, 0xff, 0xff, 0xff, 0xff, 0xff, 0xff, 0xff,
  0xff, 0xff, 0xff, 0xff, 0xff, 0xff, 0xff, 0xff, 0xff, 0xff, 0xff, 0xff, 0xff, 0xff, 0x1f, 0xf7,
  0x0c, 0x6a, 0xb2, 0xc3, 0x35, 0xf4, 0x15, 0xf4, 0x15, 0xf4, 0x35, 0xf4, 0xd5, 0xd3, 0xcf, 0x61,
  0x4d, 0x39, 0x50, 0x4a, 0x3e, 0xc6, 0xff, 0xff, 0xff, 0xff, 0xff, 0xff, 0xff, 0xff, 0xff, 0xff,
  0xff, 0xff, 0xff, 0xff, 0xff, 0xff, 0xff, 0xff, 0xb9, 0xd5, 0xaf, 0x92, 0x56, 0xec, 0x14, 0xfc,
  0x14, 0xfc, 0x14, 0xfc, 0x14, 0xfc, 0x14, 0xfc, 0x35, 0xf4, 0xf3, 0xa2, 0x6d, 0x51, 0x6e, 0x31,
  0x17, 0x7c, 0x7f, 0xef, 0xff, 0xff, 0xff, 0xff, 0xff, 0xff, 0xff, 0xff, 0xff, 0xff, 0xff, 0xff,
  0xff, 0xff, 0xff, 0xff, 0xff, 0xff, 0xff, 0xff, 0xff, 0xff, 0xff, 0xff, 0xff, 0xff, 0xff, 0xff,
  0xff, 0xff, 0xff, 0xff, 0xff, 0xff, 0xff, 0xff, 0xff, 0xff, 0xff, 0xff, 0xff, 0xff, 0xff, 0xff,
  0xff, 0xff, 0xff, 0xff, 0xff, 0xff, 0xff, 0xff, 0xff, 0xff, 0xff, 0xff, 0xff, 0xff, 0xff, 0xff,
  0xff, 0xff, 0xff, 0xff, 0xff, 0xff, 0xff, 0xff, 0xff, 0xff, 0xff, 0xff, 0xff, 0xff, 0xff, 0xff,
  0xff, 0xff, 0xff, 0xff, 0xff, 0xff, 0xff, 0xff, 0xff, 0xff, 0xff, 0xff, 0xff, 0xff, 0xff, 0xff,
  0xff, 0xff, 0xff, 0xff, 0xff, 0xff, 0xff, 0xff, 0xff, 0xff, 0xff, 0xff, 0xff, 0xff, 0xff, 0xff,
  0xff, 0xff, 0xff, 0xff, 0xff, 0xff, 0xff, 0xff, 0xff, 0xff, 0xff, 0xff, 0xff, 0xff, 0xff, 0xff,
  0xff, 0xff, 0xff, 0xff, 0xff, 0xff, 0xff, 0xff, 0xff, 0xff, 0xff, 0xff, 0xff, 0xff, 0xff, 0xff,
  0xff, 0xff, 0xff, 0xff, 0xbf, 0xff, 0xb9, 0xcd, 0xab, 0x61, 0x52, 0xab, 0x56, 0xe4, 0x56, 0xec,
  0x16, 0xdc, 0xb1, 0x92, 0x2d, 0x41, 0xae, 0x39, 0x76, 0x8c, 0xdf, 0xf7, 0xff, 0xff, 0xff, 0xff,
  0xff, 0xff, 0xff, 0xff, 0xff, 0xff, 0xff, 0xff, 0xff, 0xff, 0xff, 0xff, 0xff, 0xff, 0xf9, 0xd5,
  0xcf, 0x92, 0xf4, 0xd3, 0x15, 0xf4, 0x14, 0xfc, 0xf4, 0xfb, 0x14, 0xfc, 0x14, 0xfc, 0xf5, 0xe3,
  0x92, 0x8a, 0x4d, 0x39, 0xef, 0x41, 0x19, 0x9d, 0xff, 0xff, 0xff, 0xff, 0xff, 0xff, 0xff, 0xff,
  0xff, 0xff, 0xff, 0xff, 0xff, 0xff, 0xff, 0xff, 0xff, 0xff, 0xff, 0xff, 0xff, 0xff, 0xff, 0xff,
  0xff, 0xff, 0xff, 0xff, 0xff, 0xff, 0xff, 0xff, 0xff, 0xff, 0xff, 0xff, 0xff, 0xff, 0xff, 0xff,
  0xff, 0xff, 0xff, 0xff, 0xff, 0xff, 0xff, 0xff, 0xff, 0xff, 0xff, 0xff, 0xff, 0xff, 0xff, 0xff,
  0xff, 0xff, 0xff, 0xff, 0xff, 0xff, 0xff, 0xff, 0xff, 0xff, 0xff, 0xff, 0xff, 0xff, 0xff, 0xff,
  0xff, 0xff, 0xff, 0xff, 0xff, 0xff, 0xff, 0xff, 0xff, 0xff, 0xff, 0xff, 0xff, 0xff, 0xff, 0xff,
  0xff, 0xff, 0xff, 0xff, 0xff, 0xff, 0xff, 0xff, 0xff, 0xff, 0xff, 0xff, 0xff, 0xff, 0xff, 0xff,
  0xff, 0xff, 0xff, 0xff, 0xff, 0xff, 0xff, 0xff, 0xff, 0xff, 0xff, 0xff, 0xff, 0xff, 0xff, 0xff,
  0xff, 0xff, 0xff, 0xff, 0xff, 0xff, 0xff, 0xff, 0xff, 0xff, 0xff, 0xff, 0xff, 0xff, 0xff, 0xff,
  0xff, 0xff, 0xff, 0xff, 0xff, 0xff, 0xff, 0xff, 0xff, 0xff, 0xff, 0xff, 0xbf, 0xff, 0x1b, 0xde,
  0x8e, 0x7a, 0x8a, 0x69, 0x6e, 0x8a, 0x4e, 0x82, 0x0a, 0x49, 0x2b, 0x31, 0xf5, 0x7b, 0x9f, 0xf7,
  0xff, 0xff, 0xff, 0xff, 0xff, 0xff, 0xff, 0xff, 0xff, 0xff, 0xff, 0xff, 0xff, 0xff, 0xff, 0xff,
  0xff, 0xff, 0xff, 0xff, 0xbc, 0xe6, 0xb3, 0xa3, 0x11, 0xab, 0x35, 0xf4, 0x14, 0xfc, 0x14, 0xfc,
  0x14, 0xfc, 0x35, 0xf4, 0x53, 0xbb, 0xaf, 0x59, 0x2d, 0x31, 0x94, 0x73, 0x3f, 0xe7, 0xff, 0xff,
  0xff, 0xff, 0xff, 0xff, 0xff, 0xff, 0xff, 0xff, 0xff, 0xff, 0xff, 0xff, 0xff, 0xff, 0xff, 0xff,
  0xff, 0xff, 0xff, 0xff, 0xff, 0xff, 0xff, 0xff, 0xff, 0xff, 0xff, 0xff, 0xff, 0xff, 0xff, 0xff,
  0xff, 0xff, 0xff, 0xff, 0xff, 0xff, 0xff, 0xff, 0xff, 0xff, 0xff, 0xff, 0xff, 0xff, 0xff, 0xff,
  0xff, 0xff, 0xff, 0xff, 0xff, 0xff, 0xff, 0xff, 0xff, 0xff, 0xff, 0xff, 0xff, 0xff, 0xff, 0xff,
  0xff, 0xff, 0xff, 0xff, 0xff, 0xff, 0xff, 0xff, 0xff, 0xff, 0xff, 0xff, 0xff, 0xff, 0xff, 0xff,
  0xff, 0xff, 0xff, 0xff, 0xff, 0xff, 0xff, 0xff, 0xff, 0xff, 0xff, 0xff, 0xff, 0xff, 0xff, 0xff,
  0xff, 0xff, 0xff, 0xff, 0xff, 0xff, 0xff, 0xff, 0xff, 0xff, 0xff, 0xff, 0xff, 0xff, 0xff, 0xff,
  0xff, 0xff, 0xff, 0xff, 0xff, 0xff, 0xff, 0xff, 0xff, 0xff, 0xff, 0xff, 0xff, 0xff, 0xff, 0xff,
  0xff, 0xff, 0xff, 0xff, 0xff, 0xff, 0xff, 0xff, 0xff, 0xff, 0xff, 0xff, 0xff, 0xff, 0xff, 0xff,
  0xff, 0xff, 0xff, 0xff, 0xbf, 0xff, 0x3e, 0xf7, 0x7c, 0xe6, 0x78, 0xc5, 0x95, 0xa4, 0x95, 0xa4,
  0x3b, 0xce, 0x9f, 0xf7, 0xff, 0xff, 0xff, 0xff, 0xff, 0xff, 0xff, 0xff, 0xff, 0xff, 0xff, 0xff,
  0xff, 0xff, 0xff, 0xff, 0xff, 0xff, 0xff, 0xff, 0xff, 0xff, 0xbf, 0xff, 0x38, 0xbd, 0x2d, 0x7a,
  0xf4, 0xd3, 0x35, 0xf4, 0x14, 0xfc, 0x14, 0xfc, 0xf5, 0xe3, 0x70, 0x92, 0xec, 0x30, 0xef, 0x39,
  0x38, 0xa5, 0xdf, 0xff, 0xff, 0xff, 0xff, 0xff, 0xff, 0xff, 0xff, 0xff, 0xff, 0xff, 0xff, 0xff,
  0xff, 0xff, 0xff, 0xff, 0xff, 0xff, 0xff, 0xff, 0xff, 0xff, 0xff, 0xff, 0xff, 0xff, 0xff, 0xff,
  0xff, 0xff, 0xff, 0xff, 0xff, 0xff, 0xff, 0xff, 0xff, 0xff, 0xff, 0xff, 0xff, 0xff, 0xff, 0xff,
  0xff, 0xff, 0xff, 0xff, 0xff, 0xff, 0xff, 0xff, 0xff, 0xff, 0xff, 0xff, 0xff, 0xff, 0xff, 0xff,
  0xff, 0xff, 0xff, 0xff, 0xff, 0xff, 0xff, 0xff, 0xff, 0xff, 0xff, 0xff, 0xff, 0xff, 0xff, 0xff,
  0xff, 0xff, 0xff, 0xff, 0xff, 0xff, 0xff, 0xff, 0xff, 0xff, 0xff, 0xff, 0xff, 0xff, 0xff, 0xff,
  0xff, 0xff, 0xff, 0xff, 0xff, 0xff, 0xff, 0xff, 0xff, 0xff, 0xff, 0xff, 0xff, 0xff, 0xff, 0xff,
  0xff, 0xff, 0xff, 0xff, 0xff, 0xff, 0xff, 0xff, 0xff, 0xff, 0xff, 0xff, 0xff, 0xff, 0xff, 0xff,
  0xff, 0xff, 0xff, 0xff, 0xff, 0xff, 0xff, 0xff, 0xff, 0xff, 0xff, 0xff, 0xff, 0xff, 0xff, 0xff,
  0xff, 0xff, 0xff, 0xff, 0xff, 0xff, 0xff, 0xff, 0xff, 0xff, 0xff, 0xff, 0xff, 0xff, 0xdf, 0xff,
  0xbf, 0xff, 0x9f, 0xf7, 0x9f, 0xf7, 0xdf, 0xff, 0xff, 0xff, 0xff, 0xff, 0xff, 0xff, 0xff, 0xff,
  0xff, 0xff, 0xff, 0xff, 0xff, 0xff, 0xbf, 0xf7, 0x7e, 0xef, 0xdf, 0xff, 0x5d, 0xe7, 0xfc, 0xde,
  0x3e, 0xe7, 0x1b, 0xce, 0xd3, 0x9b, 0x2d, 0x82, 0xf4, 0xd3, 0x35, 0xec, 0x35, 0xe4, 0x32, 0xab,
  0x4b, 0x59, 0x2c, 0x31, 0x73, 0x6b, 0x9d, 0xce, 0x9f, 0xf7, 0xdf, 0xff, 0xdf, 0xff, 0x1c, 0xe7,
  0x1d, 0xe7, 0x1d, 0xe7, 0x1d, 0xe7, 0x9e, 0xf7, 0x1c, 0xdf, 0x3d, 0xe7, 0xff, 0xff, 0xff, 0xff,
  0xff, 0xff, 0xff, 0xff, 0xff, 0xff, 0xff, 0xff, 0xff, 0xff, 0xff, 0xff, 0xff, 0xff, 0xff, 0xff,
  0xff, 0xff, 0xff, 0xff, 0xff, 0xff, 0xff, 0xff, 0xff, 0xff, 0xff, 0xff, 0xff, 0xff, 0xff, 0xff,
  0xff, 0xff, 0xff, 0xff, 0xff, 0xff, 0xff, 0xff, 0xff, 0xff, 0xff, 0xff, 0xff, 0xff, 0xff, 0xff,
  0xff, 0xff, 0xff, 0xff, 0xff, 0xff, 0xff, 0xff, 0xff, 0xff, 0xff, 0xff, 0xff, 0xff, 0xff, 0xff,
  0xff, 0xff, 0xff, 0xff, 0xff, 0xff, 0xff, 0xff, 0xff, 0xff, 0xff, 0xff, 0xff, 0xff, 0xff, 0xff,
  0xff, 0xff, 0xff, 0xff, 0xff, 0xff, 0xff, 0xff, 0xff, 0xff, 0xff, 0xff, 0xff, 0xff, 0xff, 0xff,
  0xff, 0xff, 0xff, 0xff, 0xff, 0xff, 0xff, 0xff, 0xff, 0xff, 0xff, 0xff, 0xff, 0xff, 0xff, 0xff,
  0xff, 0xff, 0xff, 0xff, 0xff, 0xff, 0xff, 0xff, 0xff, 0xff, 0xff, 0xff, 0xff, 0xff, 0xff, 0xff,
  0xff, 0xff, 0xff, 0xff, 0xff, 0xff, 0xff, 0xff, 0xff, 0xff, 0xff, 0xff, 0xff, 0xff, 0xff, 0xff,
  0xff, 0xff, 0xff, 0xff, 0x9e, 0xf7, 0xbf, 0xf7, 0xff, 0xff, 0xff, 0xff, 0xff, 0xff, 0xff, 0xff,
  0xff, 0xff, 0xff, 0xff, 0xdf, 0xff, 0xdf, 0xff, 0xbf, 0xff, 0xfd, 0xee, 0x13, 0x9c, 0xab, 0x61,
  0x6e, 0x82, 0xf1, 0x92, 0xed, 0x61, 0x2a, 0x39, 0xf4, 0x83, 0x3f, 0xe7, 0xdf, 0xff, 0xff, 0xff,
  0xff, 0xff, 0xff, 0xff, 0xdf, 0xff, 0xff, 0xff, 0xdf, 0xff, 0xff, 0xff, 0xff, 0xff, 0xdf, 0xff,
  0xff, 0xff, 0xff, 0xff, 0xff, 0xff, 0xff, 0xff, 0xff, 0xff, 0xff, 0xff, 0xff, 0xff, 0xff, 0xff,
  0xff, 0xff, 0xff, 0xff, 0xff, 0xff, 0xff, 0xff, 0xff, 0xff, 0xff, 0xff, 0xff, 0xff, 0xff, 0xff,
  0xff, 0xff, 0xff, 0xff, 0xff, 0xff, 0xff, 0xff, 0xff, 0xff, 0xff, 0xff, 0xff, 0xff, 0xff, 0xff,
  0xff, 0xff, 0xff, 0xff, 0xff, 0xff, 0xff, 0xff, 0xff, 0xff, 0xff, 0xff, 0xff, 0xff, 0xff, 0xff,
  0xff, 0xff, 0xff, 0xff, 0xff, 0xff, 0xff, 0xff, 0xff, 0xff, 0xff, 0xff, 0xff, 0xff, 0xff, 0xff,
  0xff, 0xff, 0xff, 0xff, 0xff, 0xff, 0xff, 0xff, 0xff, 0xff, 0xff, 0xff, 0xff, 0xff, 0xff, 0xff,
  0xff, 0xff, 0xff, 0xff, 0xff, 0xff, 0xff, 0xff, 0xff, 0xff, 0xff, 0xff, 0xff, 0xff, 0xff, 0xff,
  0xff, 0xff, 0xff, 0xff, 0xff, 0xff, 0xff, 0xff, 0xff, 0xff, 0xff, 0xff, 0xff, 0xff, 0xff, 0xff,
  0xff, 0xff, 0xff, 0xff, 0xff, 0xff, 0xff, 0xff, 0xff, 0xff, 0xff, 0xff, 0xff, 0xff, 0xff, 0xff,
  0xff, 0xff, 0xff, 0xff, 0xff, 0xff, 0xff, 0xff, 0xff, 0xff, 0xff, 0xff, 0xff, 0xff, 0xdf, 0xff,
  0x5d, 0xef, 0xdc, 0xde, 0x5e, 0xef, 0x9a, 0xce, 0xfc, 0xde, 0x5d, 0xe7, 0xfc, 0xde, 0x9f, 0xf7,
  0xbf, 0xf7, 0x5f, 0xf7, 0xba, 0xc5, 0xb3, 0x93, 0xf0, 0x7a, 0x31, 0x73, 0x59, 0xb5, 0xbd, 0xd6,
  0x1d, 0xdf, 0x9f, 0xf7, 0xdf, 0xff, 0xdf, 0xff, 0x1c, 0xe7, 0x1d, 0xdf, 0x1d, 0xdf, 0x1d, 0xe7,
  0x9e, 0xf7, 0xdf, 0xff, 0xdf, 0xf7, 0xfc, 0xde, 0xff, 0xff, 0xff, 0xff, 0xff, 0xff, 0xff, 0xff,
  0xff, 0xff, 0xff, 0xff, 0xff, 0xff, 0xff, 0xff, 0xff, 0xff, 0xff, 0xff, 0xff, 0xff, 0xff, 0xff,
  0xff, 0xff, 0xff, 0xff, 0xff, 0xff, 0xff, 0xff, 0xff, 0xff, 0xff, 0xff, 0xff, 0xff, 0xff, 0xff,
  0xff, 0xff, 0xff, 0xff, 0xff, 0xff, 0xff, 0xff, 0xff, 0xff, 0xff, 0xff, 0xff, 0xff, 0xff, 0xff,
  0xff, 0xff, 0xff, 0xff, 0xff, 0xff, 0xff, 0xff, 0xff, 0xff, 0xff, 0xff, 0xff, 0xff, 0xff, 0xff,
  0xff, 0xff, 0xff, 0xff, 0xff, 0xff, 0xff, 0xff, 0xff, 0xff, 0xff, 0xff, 0xff, 0xff, 0xff, 0xff,
  0xff, 0xff, 0xff, 0xff, 0xff, 0xff, 0xff, 0xff, 0xff, 0xff, 0xff, 0xff, 0xff, 0xff, 0xff, 0xff,
  0xff, 0xff, 0xff, 0xff, 0xff, 0xff, 0xff, 0xff, 0xff, 0xff, 0xff, 0xff, 0xff, 0xff, 0xff, 0xff,
  0xff, 0xff, 0xff, 0xff, 0xff, 0xff, 0xff, 0xff, 0xff, 0xff, 0xff, 0xff, 0xff, 0xff, 0xff, 0xff,
  0xff, 0xff, 0xff, 0xff, 0xff, 0xff, 0xff, 0xff, 0x9e, 0xf7, 0xbf, 0xf7, 0xff, 0xff, 0xff, 0xff,
  0xff, 0xff, 0xff, 0xff, 0xff, 0xff, 0xff, 0xff, 0xdf, 0xff, 0xff, 0xff, 0xdf, 0xff, 0xdf, 0xff,
  0xff, 0xff, 0xdf, 0xff, 0xff, 0xff, 0xff, 0xff, 0xff, 0xff, 0xbf, 0xff, 0x7f, 0xff, 0x5f, 0xf7,
  0x7f, 0xf7, 0xbf, 0xff, 0xdf, 0xff, 0xff, 0xff, 0xff, 0xff, 0xff, 0xff, 0xff, 0xff, 0xff, 0xff,
  0xff, 0xff, 0xff, 0xff, 0xff, 0xff, 0xff, 0xff, 0xff, 0xff, 0xff, 0xff, 0xdf, 0xff, 0xff, 0xff,
  0xff, 0xff, 0xff, 0xff, 0xff, 0xff, 0xff, 0xff, 0xff, 0xff, 0xff, 0xff, 0xff, 0xff, 0xff, 0xff,
  0xff, 0xff, 0xff, 0xff, 0xff, 0xff, 0xff, 0xff, 0xff, 0xff, 0xff, 0xff, 0xff, 0xff, 0xff, 0xff,
  0xff, 0xff, 0xff, 0xff, 0xff, 0xff, 0xff, 0xff, 0xff, 0xff, 0xff, 0xff, 0xff, 0xff, 0xff, 0xff,
  0xff, 0xff, 0xff, 0xff, 0xff, 0xff, 0xff, 0xff, 0xff, 0xff, 0xff, 0xff, 0xff, 0xff, 0xff, 0xff,
  0xff, 0xff, 0xff, 0xff, 0xff, 0xff, 0xff, 0xff, 0xff, 0xff, 0xff, 0xff, 0xff, 0xff, 0xff, 0xff,
  0xff, 0xff, 0xff, 0xff, 0xff, 0xff, 0xff, 0xff, 0xff, 0xff, 0xff, 0xff, 0xff, 0xff, 0xff, 0xff,
  0xff, 0xff, 0xff, 0xff, 0xff, 0xff, 0xff, 0xff, 0xff, 0xff, 0xff, 0xff, 0xff, 0xff, 0xff, 0xff,
  0xff, 0xff, 0xff, 0xff, 0xff, 0xff, 0xff, 0xff, 0xff, 0xff, 0xff, 0xff, 0xff, 0xff, 0xff, 0xff,
  0xff, 0xff, 0xff, 0xff, 0xff, 0xff, 0xff, 0xff, 0xff, 0xff, 0xff, 0xff, 0xff, 0xff, 0xff, 0xff,
  0xbf, 0xf7, 0xbb, 0xd6, 0x9e, 0xf7, 0xbf, 0xf7, 0xff, 0xff, 0x5d, 0xef, 0xdb, 0xde, 0x5d, 0xef,
  0xdb, 0xde, 0x9e, 0xf7, 0x5d, 0xe7, 0xfc, 0xde, 0x9e, 0xf7, 0xbf, 0xf7, 0xdf, 0xff, 0x3d, 0xe7,
  0xfc, 0xde, 0x3d, 0xe7, 0xfc, 0xde, 0x9e, 0xf7, 0xdf, 0xf7, 0xdf, 0xff, 0x1c, 0xe7, 0x1c, 0xe7,
  0x1c, 0xe7, 0x9a, 0xce, 0x1c, 0xdf, 0x1c, 0xe7, 0x1c, 0xe7, 0x9e, 0xf7, 0xdf, 0xff, 0xdf, 0xff,
  0xfc, 0xde, 0x3d, 0xe7, 0xff, 0xff, 0xff, 0xff, 0xff, 0xff, 0xff, 0xff, 0xff, 0xff, 0xff, 0xff,
  0xff, 0xff, 0xff, 0xff, 0xff, 0xff, 0xff, 0xff, 0xff, 0xff, 0xff, 0xff, 0xff, 0xff, 0xff, 0xff,
  0xff, 0xff, 0xff, 0xff, 0xff, 0xff, 0xff, 0xff, 0xff, 0xff, 0xff, 0xff, 0xff, 0xff, 0xff, 0xff,
  0xff, 0xff, 0xff, 0xff, 0xff, 0xff, 0xff, 0xff, 0xff, 0xff, 0xff, 0xff, 0xff, 0xff, 0xff, 0xff,
  0xff, 0xff, 0xff, 0xff, 0xff, 0xff, 0xff, 0xff, 0xff, 0xff, 0xff, 0xff, 0xff, 0xff, 0xff, 0xff,
  0xff, 0xff, 0xff, 0xff, 0xff, 0xff, 0xff, 0xff, 0xff, 0xff, 0xff, 0xff, 0xff, 0xff, 0xff, 0xff,
  0xff, 0xff, 0xff, 0xff, 0xff, 0xff, 0xff, 0xff, 0xff, 0xff, 0xff, 0xff, 0xff, 0xff, 0xff, 0xff,
  0xff, 0xff, 0xff, 0xff, 0xff, 0xff, 0xff, 0xff, 0xff, 0xff, 0xff, 0xff, 0xff, 0xff, 0xff, 0xff,
  0xff, 0xff, 0xff, 0xff, 0xff, 0xff, 0xff, 0xff, 0xff, 0xff, 0xff, 0xff, 0xff, 0xff, 0xff, 0xff,
  0xff, 0xff, 0xff, 0xff, 0xff, 0xff, 0xff, 0xff, 0xff, 0xff, 0xff, 0xff, 0xff, 0xff, 0xff, 0xff,
  0xff, 0xff, 0xdf, 0xff, 0xff, 0xff, 0xdf, 0xff, 0xff, 0xff, 0xff, 0xff, 0xff, 0xff, 0xff, 0xff,
  0xff, 0xff, 0xff, 0xff, 0xff, 0xff, 0xff, 0xff, 0xff, 0xff, 0xff, 0xff, 0xff, 0xff, 0xff, 0xff,
  0xff, 0xff, 0xff, 0xff, 0xff, 0xff, 0xff, 0xff, 0xdf, 0xff, 0xff, 0xff, 0xff, 0xff, 0xff, 0xff,
  0xff, 0xff, 0xff, 0xff, 0xff, 0xff, 0xff, 0xff, 0xff, 0xff, 0xff, 0xff, 0xff, 0xff, 0xff, 0xff,
  0xff, 0xff, 0xff, 0xff, 0xff, 0xff, 0xff, 0xff, 0xff, 0xff, 0xff, 0xff, 0xff, 0xff, 0xff, 0xff,
  0xff, 0xff, 0xff, 0xff, 0xff, 0xff, 0xff, 0xff, 0xff, 0xff, 0xff, 0xff, 0xff, 0xff, 0xff, 0xff,
  0xff, 0xff, 0xff, 0xff, 0xff, 0xff, 0xff, 0xff, 0xff, 0xff, 0xff, 0xff, 0xff, 0xff, 0xff, 0xff,
  0xff, 0xff, 0xff, 0xff, 0xff, 0xff, 0xff, 0xff, 0xff, 0xff, 0xff, 0xff, 0xff, 0xff, 0xff, 0xff,
  0xff, 0xff, 0xff, 0xff, 0xff, 0xff, 0xff, 0xff, 0xff, 0xff, 0xff, 0xff, 0xff, 0xff, 0xff, 0xff,
  0xff, 0xff, 0xff, 0xff, 0xff, 0xff, 0xff, 0xff, 0xff, 0xff, 0xff, 0xff, 0xff, 0xff, 0xff, 0xff,
  0xff, 0xff, 0xff, 0xff, 0xff, 0xff, 0xff, 0xff, 0xff, 0xff, 0xff, 0xff, 0xff, 0xff, 0xff, 0xff,
  0xff, 0xff, 0xff, 0xff, 0xff, 0xff, 0xff, 0xff, 0xff, 0xff, 0xff, 0xff, 0xff, 0xff, 0xff, 0xff,
  0xff, 0xff, 0xff, 0xff, 0xff, 0xff, 0xff, 0xff, 0xff, 0xff, 0xff, 0xff, 0xff, 0xff, 0xff, 0xff,
  0xff, 0xff, 0xff, 0xff, 0xff, 0xff, 0xff, 0xff, 0xff, 0xff, 0xff, 0xff, 0xff, 0xff, 0xff, 0xff,
  0xff, 0xff, 0xff, 0xff, 0xff, 0xff, 0xff, 0xff, 0xff, 0xff, 0xff, 0xff, 0xff, 0xff, 0xff, 0xff,
  0xff, 0xff, 0xff, 0xff, 0xff, 0xff, 0xff, 0xff, 0xff, 0xff, 0xff, 0xff, 0xff, 0xff, 0xff, 0xff,
  0xff, 0xff, 0xff, 0xff, 0xff, 0xff, 0xff, 0xff, 0xff, 0xff, 0xff, 0xff, 0xff, 0xff, 0xff, 0xff,
  0xff, 0xff, 0xff, 0xff, 0xff, 0xff, 0xff, 0xff, 0xff, 0xff, 0xff, 0xff, 0xff, 0xff, 0xff, 0xff,
  0xff, 0xff, 0xff, 0xff, 0xff, 0xff, 0xff, 0xff, 0xff, 0xff, 0xff, 0xff, 0xff, 0xff, 0xff, 0xff,
  0xff, 0xff, 0xff, 0xff, 0xff, 0xff, 0xff, 0xff, 0xff, 0xff, 0xff, 0xff, 0xff, 0xff, 0xff, 0xff,
  0xff, 0xff, 0xff, 0xff, 0xff, 0xff, 0xff, 0xff, 0xff, 0xff, 0xff, 0xff, 0xff, 0xff, 0xff, 0xff,
  0xff, 0xff, 0xff, 0xff, 0xff, 0xff, 0xff, 0xff, 0xff, 0xff, 0xff, 0xff, 0xff, 0xff, 0xff, 0xff,
  0xff, 0xff, 0xff, 0xff, 0xff, 0xff, 0xff, 0xff, 0xff, 0xff, 0xff, 0xff, 0xff, 0xff, 0xff, 0xff,
  0xff, 0xff, 0xff, 0xff, 0xff, 0xff, 0xff, 0xff, 0xff, 0xff, 0xff, 0xff, 0xff, 0xff, 0xff, 0xff,
  0xff, 0xff, 0xff, 0xff, 0xff, 0xff, 0xff, 0xff, 0xff, 0xff, 0xff, 0xff, 0xff, 0xff, 0xff, 0xff,
  0xff, 0xff, 0xff, 0xff, 0xff, 0xff, 0xff, 0xff, 0xff, 0xff, 0xff, 0xff, 0xff, 0xff, 0xff, 0xff,
  0xff, 0xff, 0xff, 0xff, 0xff, 0xff, 0xff, 0xff, 0xff, 0xff, 0xff, 0xff, 0xff, 0xff, 0xff, 0xff,
  0xff, 0xff, 0xff, 0xff, 0xff, 0xff, 0xff, 0xff, 0xff, 0xff, 0xff, 0xff, 0xff, 0xff, 0xff, 0xff,
  0xff, 0xff, 0xff, 0xff, 0xff, 0xff, 0xff, 0xff, 0xff, 0xff, 0xff, 0xff, 0xff, 0xff, 0xff, 0xff,
  0xff, 0xff, 0xff, 0xff, 0xff, 0xff, 0xff, 0xff, 0xff, 0xff, 0xff, 0xff, 0xff, 0xff, 0xff, 0xff,
  0xff, 0xff, 0xff, 0xff, 0xff, 0xff, 0xff, 0xff, 0xff, 0xff, 0xff, 0xff, 0xff, 0xff, 0xff, 0xff,
  0xff, 0xff, 0xff, 0xff, 0xff, 0xff, 0xff, 0xff, 0xff, 0xff, 0xff, 0xff, 0xff, 0xff, 0xff, 0xff,
  0xff, 0xff, 0xff, 0xff, 0xff, 0xff, 0xff, 0xff, 0xff, 0xff, 0xff, 0xff, 0xff, 0xff, 0xff, 0xff,
  0xff, 0xff, 0xff, 0xff, 0xff, 0xff, 0xff, 0xff, 0xff, 0xff, 0xff, 0xff, 0xff, 0xff, 0xff, 0xff,
  0xff, 0xff, 0xff, 0xff, 0xff, 0xff, 0xff, 0xff, 0xff, 0xff, 0xff, 0xff, 0xff, 0xff, 0xff, 0xff,
  0xff, 0xff, 0xff, 0xff, 0xff, 0xff, 0xff, 0xff, 0xff, 0xff, 0xff, 0xff, 0xff, 0xff, 0xff, 0xff,
  0xff, 0xff, 0xff, 0xff, 0xff, 0xff, 0xff, 0xff, 0xff, 0xff, 0xff, 0xff, 0xff, 0xff, 0xff, 0xff,
  0xff, 0xff, 0xff, 0xff, 0xff, 0xff, 0xff, 0xff, 0xff, 0xff, 0xff, 0xff, 0xff, 0xff, 0xff, 0xff,
  0xff, 0xff, 0xff, 0xff, 0xff, 0xff, 0xff, 0xff, 0xff, 0xff, 0xff, 0xff, 0xff, 0xff, 0xff, 0xff,
  0xff, 0xff, 0xff, 0xff, 0xff, 0xff, 0xff, 0xff, 0xff, 0xff, 0xff, 0xff, 0xff, 0xff, 0xff, 0xff,
  0xff, 0xff, 0xff, 0xff, 0xff, 0xff, 0xff, 0xff, 0xff, 0xff, 0xff, 0xff, 0xff, 0xff, 0xff, 0xff,
  0xff, 0xff, 0xff, 0xff, 0xff, 0xff, 0xff, 0xff, 0xff, 0xff, 0xff, 0xff, 0xff, 0xff, 0xff, 0xff,
  0xff, 0xff, 0xff, 0xff, 0xff, 0xff, 0xff, 0xff, 0xff, 0xff, 0xff, 0xff, 0xff, 0xff, 0xff, 0xff,
  0xff, 0xff, 0xff, 0xff, 0xff, 0xff, 0xff, 0xff, 0xff, 0xff, 0xff, 0xff, 0xff, 0xff, 0xff, 0xff,
  0xff, 0xff, 0xff, 0xff, 0xff, 0xff, 0xff, 0xff, 0xff, 0xff, 0xff, 0xff, 0xff, 0xff, 0xff, 0xff,
  0xff, 0xff, 0xff, 0xff, 0xff, 0xff, 0xff, 0xff, 0xff, 0xff, 0xff, 0xff, 0xff, 0xff, 0xff, 0xff,
  0xff, 0xff, 0xff, 0xff, 0xff, 0xff, 0xff, 0xff, 0xff, 0xff, 0xff, 0xff, 0xff, 0xff, 0xff, 0xff,
  0xff, 0xff, 0xff, 0xff, 0xff, 0xff, 0xff, 0xff, 0xff, 0xff, 0xff, 0xff, 0xff, 0xff, 0xff, 0xff,
  0xff, 0xff, 0xff, 0xff, 0xff, 0xff, 0xff, 0xff, 0xff, 0xff, 0xff, 0xff, 0xff, 0xff, 0xff, 0xff,
  0xff, 0xff, 0xff, 0xff, 0xff, 0xff, 0xff, 0xff, 0xff, 0xff, 0xff, 0xff, 0xff, 0xff, 0xff, 0xff,
  0xff, 0xff, 0xff, 0xff, 0xff, 0xff, 0xff, 0xff, 0xff, 0xff, 0xff, 0xff, 0xff, 0xff, 0xff, 0xff,
  0xff, 0xff, 0xff, 0xff, 0xff, 0xff, 0xff, 0xff, 0xff, 0xff, 0xff, 0xff, 0xff, 0xff, 0xff, 0xff,
  0xff, 0xff, 0xff, 0xff, 0xff, 0xff, 0xff, 0xff, 0xff, 0xff, 0xff, 0xff, 0xff, 0xff, 0xff, 0xff,
  0xff, 0xff, 0xff, 0xff, 0xff, 0xff, 0xff, 0xff, 0xff, 0xff, 0xff, 0xff, 0xff, 0xff, 0xff, 0xff,
  0xff, 0xff, 0xff, 0xff, 0xff, 0xff, 0xff, 0xff, 0xff, 0xff, 0xff, 0xff, 0xff, 0xff, 0xff, 0xff,
  0xff, 0xff, 0xff, 0xff, 0xff, 0xff, 0xff, 0xff, 0xff, 0xff, 0xff, 0xff, 0xff, 0xff, 0xff, 0xff,
  0xff, 0xff, 0xff, 0xff, 0xff, 0xff, 0xff, 0xff, 0xff, 0xff, 0xff, 0xff, 0xff, 0xff, 0xff, 0xff,
  0xff, 0xff, 0xff, 0xff, 0xff, 0xff, 0xff, 0xff, 0xff, 0xff, 0xff, 0xff, 0xff, 0xff, 0xff, 0xff,
  0xff, 0xff, 0xff, 0xff, 0xff, 0xff, 0xff, 0xff, 0xff, 0xff, 0xff, 0xff, 0xff, 0xff, 0xff, 0xff,
  0xff, 0xff, 0xff, 0xff, 0xff, 0xff, 0xff, 0xff, 0xff, 0xff, 0xff, 0xff, 0xff, 0xff, 0xff, 0xff,
  0xff, 0xff, 0xff, 0xff, 0xff, 0xff, 0xff, 0xff, 0xff, 0xff, 0xff, 0xff, 0xff, 0xff, 0xff, 0xff,
  0xff, 0xff, 0xff, 0xff, 0xff, 0xff, 0xff, 0xff, 0xff, 0xff, 0xff, 0xff, 0xff, 0xff, 0xff, 0xff,
  0xff, 0xff, 0xff, 0xff, 0xff, 0xff, 0xff, 0xff, 0xff, 0xff, 0xff, 0xff, 0xff, 0xff, 0xff, 0xff,
  0xff, 0xff, 0xff, 0xff, 0xff, 0xff, 0xff, 0xff, 0xff, 0xff, 0xff, 0xff, 0xff, 0xff, 0xff, 0xff,
  0xff, 0xff, 0xff, 0xff, 0xff, 0xff, 0xff, 0xff, 0xff, 0xff, 0xff, 0xff, 0xff, 0xff, 0xff, 0xff,
  0xff, 0xff, 0xff, 0xff, 0xff, 0xff, 0xff, 0xff, 0xff, 0xff, 0xff, 0xff, 0xff, 0xff, 0xff, 0xff,
  0xff, 0xff, 0xff, 0xff, 0xff, 0xff, 0xff, 0xff, 0xff, 0xff, 0xff, 0xff, 0xff, 0xff, 0xff, 0xff,
  0xff, 0xff, 0xff, 0xff, 0xff, 0xff, 0xff, 0xff, 0xff, 0xff, 0xff, 0xff, 0xff, 0xff, 0xff, 0xff,
  0xff, 0xff, 0xff, 0xff, 0xff, 0xff, 0xff, 0xff, 0xff, 0xff, 0xff, 0xff, 0xff, 0xff, 0xff, 0xff,
  0xff, 0xff, 0xff, 0xff, 0xff, 0xff, 0xff, 0xff, 0xff, 0xff, 0xff, 0xff, 0xff, 0xff, 0xff, 0xff,
  0xff, 0xff, 0xff, 0xff, 0xff, 0xff, 0xff, 0xff,
};

const lv_img_dsc_t img_sjpg = {
  .header.cf = LV_IMG_CF_TRUE_COLOR,
  .header.always_zero = 0,
  .header.reserved = 0,
  .header.w = 107,
  .header.h = 148,
  .data_size = 31672,
  .data = img_sjpg_map,
};
