/*
*---------------------------------------------------------------
*                        Lvgl Font Tool                         
*                                                               
* 注:使用unicode编码                                              
* 注:本字体文件由Lvgl Font Tool V0.4 生成                          
* 作者:阿里(qq:617622104)                                         
*---------------------------------------------------------------
*/


#include "lvgl.h"


static const uint8_t glyph_bitmap[] = {
/* 0 */
0x00,0x00,0x00,0x00,0x00,0x00,0x00,0x00,0x04,0x7a,0xcd,0xee,0xed,0xb8,0x61,0x00,0x00,0x00,0x00,0x00,0x00,0x00,0x00,  //................+*%%@@@@@@@%*+...............
0x00,0x00,0x00,0x00,0x00,0x00,0x00,0x3a,0xef,0xff,0xff,0xff,0xff,0xff,0xff,0xc5,0x00,0x00,0x00,0x00,0x00,0x00,0x00,  //..............+%@@@@@@@@@@@@@@@*+............
0x00,0x00,0x00,0x00,0x00,0x00,0x3b,0xff,0xff,0xff,0xff,0xff,0xff,0xff,0xff,0xff,0xd5,0x00,0x00,0x00,0x00,0x00,0x00,  //............+@@@@@@@@@@@@@@@@@@@@*...........
0x00,0x00,0x00,0x00,0x00,0x08,0xef,0xff,0xff,0xff,0xff,0xff,0xff,0xff,0xff,0xff,0xff,0xa1,0x00,0x00,0x00,0x00,0x00,  //..........+%@@@@@@@@@@@@@@@@@@@@@@%+.........
0x00,0x00,0x00,0x00,0x01,0xbf,0xff,0xff,0xff,0xff,0xff,0xff,0xff,0xff,0xff,0xff,0xff,0xfc,0x20,0x00,0x00,0x00,0x00,  //.........+@@@@@@@@@@@@@@@@@@@@@@@@@@+........
0x00,0x00,0x00,0x00,0x1d,0xff,0xff,0xff,0xff,0xff,0xff,0xff,0xff,0xff,0xff,0xff,0xff,0xff,0xd1,0x00,0x00,0x00,0x00,  //........+@@@@@@@@@@@@@@@@@@@@@@@@@@@@+.......
0x00,0x00,0x00,0x01,0xcf,0xff,0xff,0xff,0xff,0xff,0xff,0xff,0xff,0xff,0xff,0xff,0xff,0xff,0xfc,0x10,0x00,0x00,0x00,  //.......+@@@@@@@@@@@@@@@@@@@@@@@@@@@@@@+......
0x00,0x00,0x00,0x0b,0xff,0xff,0xff,0xff,0xff,0xe9,0x63,0x23,0x47,0xcf,0xff,0xff,0xff,0xff,0xff,0x90,0x00,0x00,0x00,  //......+@@@@@@@@@@@@%*+++*%@@@@@@@@@@@@%......
0x00,0x00,0x00,0x7f,0xff,0xff,0xff,0xff,0xe7,0x00,0x00,0x00,0x00,0x04,0xcf,0xff,0xff,0xff,0xff,0xf5,0x00,0x00,0x00,  //......%@@@@@@@@@@*+........*@@@@@@@@@@@*.....
0x00,0x00,0x03,0xef,0xff,0xff,0xff,0xfc,0x20,0x00,0x00,0x00,0x00,0x00,0x0a,0xff,0xff,0xff,0xff,0xfd,0x00,0x00,0x00,  //.....+@@@@@@@@@@+...........+%@@@@@@@@@@+....
0x00,0x00,0x0b,0xff,0xff,0xff,0xff,0xc1,0x00,0x00,0x00,0x00,0x00,0x00,0x00,0xaf,0xff,0xff,0xff,0xff,0x70,0x00,0x00,  //.....@@@@@@@@@@+.............+%@@@@@@@@@*....
0x00,0x00,0x5f,0xff,0xff,0xff,0xfe,0x10,0x00,0x00,0x00,0x00,0x00,0x00,0x00,0x0c,0xff,0xff,0xff,0xff,0xe0,0x00,0x00,  //....*@@@@@@@@@+...............+@@@@@@@@@@+...
0x00,0x00,0xcf,0xff,0xff,0xff,0xf5,0x00,0x00,0x00,0x00,0x00,0x00,0x00,0x00,0x03,0xef,0xff,0xff,0xff,0xf6,0x00,0x00,  //....@@@@@@@@@*.................+@@@@@@@@@*...
0x00,0x04,0xff,0xff,0xff,0xff,0xb0,0x00,0x00,0x00,0x00,0x00,0x00,0x00,0x00,0x00,0x9f,0xff,0xff,0xff,0xfc,0x00,0x00,  //...*@@@@@@@@@...................%@@@@@@@@@...
0x00,0x0a,0xff,0xff,0xff,0xff,0x30,0x00,0x00,0x00,0x00,0x00,0x00,0x00,0x00,0x00,0x2e,0xff,0xff,0xff,0xff,0x20,0x00,  //...%@@@@@@@@+...................+@@@@@@@@@+..
0x00,0x1e,0xff,0xff,0xff,0xfb,0x00,0x00,0x00,0x00,0x00,0x00,0x00,0x00,0x00,0x00,0x0a,0xff,0xff,0xff,0xff,0x70,0x00,  //..+@@@@@@@@@.....................%@@@@@@@@*..
0x00,0x5f,0xff,0xff,0xff,0xf5,0x00,0x00,0x00,0x00,0x00,0x00,0x00,0x00,0x00,0x00,0x05,0xff,0xff,0xff,0xff,0xc0,0x00,  //..*@@@@@@@@*.....................*@@@@@@@@@..
0x00,0xaf,0xff,0xff,0xff,0xe1,0x00,0x00,0x00,0x00,0x00,0x00,0x00,0x00,0x00,0x00,0x00,0xef,0xff,0xff,0xff,0xe0,0x00,  //..%@@@@@@@@+.....................+@@@@@@@@@+.
0x00,0xef,0xff,0xff,0xff,0xa0,0x00,0x00,0x00,0x00,0x00,0x00,0x00,0x00,0x00,0x00,0x00,0xaf,0xff,0xff,0xff,0xf4,0x00,  //.+@@@@@@@@%.......................%@@@@@@@@*.
0x03,0xff,0xff,0xff,0xff,0x70,0x00,0x00,0x00,0x00,0x00,0x00,0x00,0x00,0x00,0x00,0x00,0x7f,0xff,0xff,0xff,0xf8,0x00,  //.+@@@@@@@@*.......................*@@@@@@@@%.
0x07,0xff,0xff,0xff,0xff,0x30,0x00,0x00,0x00,0x00,0x00,0x00,0x00,0x00,0x00,0x00,0x00,0x3f,0xff,0xff,0xff,0xfa,0x00,  //.*@@@@@@@@+.......................+@@@@@@@@%.
0x0a,0xff,0xff,0xff,0xfe,0x00,0x00,0x00,0x00,0x00,0x00,0x00,0x00,0x00,0x00,0x00,0x00,0x0e,0xff,0xff,0xff,0xfd,0x00,  //.%@@@@@@@@+.......................+@@@@@@@@@.
0x0d,0xff,0xff,0xff,0xfc,0x00,0x00,0x00,0x00,0x00,0x00,0x00,0x00,0x00,0x00,0x00,0x00,0x0d,0xff,0xff,0xff,0xff,0x10,  //.@@@@@@@@@.........................@@@@@@@@@+
0x0e,0xff,0xff,0xff,0xf9,0x00,0x00,0x00,0x00,0x00,0x00,0x00,0x00,0x00,0x00,0x00,0x00,0x0a,0xff,0xff,0xff,0xff,0x30,  //+@@@@@@@@%.........................%@@@@@@@@+
0x3f,0xff,0xff,0xff,0xf7,0x00,0x00,0x00,0x00,0x00,0x00,0x00,0x00,0x00,0x00,0x00,0x00,0x08,0xff,0xff,0xff,0xff,0x40,  //+@@@@@@@@*.........................%@@@@@@@@*
0x5f,0xff,0xff,0xff,0xf5,0x00,0x00,0x00,0x00,0x00,0x00,0x00,0x00,0x00,0x00,0x00,0x00,0x06,0xff,0xff,0xff,0xff,0x60,  //*@@@@@@@@*.........................*@@@@@@@@*
0x6f,0xff,0xff,0xff,0xf3,0x00,0x00,0x00,0x00,0x00,0x00,0x00,0x00,0x00,0x00,0x00,0x00,0x05,0xff,0xff,0xff,0xff,0x80,  //*@@@@@@@@+.........................*@@@@@@@@%
0x8f,0xff,0xff,0xff,0xf2,0x00,0x00,0x00,0x00,0x00,0x00,0x00,0x00,0x00,0x00,0x00,0x00,0x03,0xff,0xff,0xff,0xff,0x90,  //%@@@@@@@@+.........................*@@@@@@@@%
0xaf,0xff,0xff,0xff,0xf0,0x00,0x00,0x00,0x00,0x00,0x00,0x00,0x00,0x00,0x00,0x00,0x00,0x02,0xff,0xff,0xff,0xff,0xa0,  //%@@@@@@@@+.........................+@@@@@@@@%
0xbf,0xff,0xff,0xff,0xe0,0x00,0x00,0x00,0x00,0x00,0x00,0x00,0x00,0x00,0x00,0x00,0x00,0x01,0xff,0xff,0xff,0xff,0xb0,  //%@@@@@@@@..........................+@@@@@@@@@
0xcf,0xff,0xff,0xff,0xe0,0x00,0x00,0x00,0x00,0x00,0x00,0x00,0x00,0x00,0x00,0x00,0x00,0x00,0xff,0xff,0xff,0xff,0xc0,  //@@@@@@@@@..........................+@@@@@@@@@
0xdf,0xff,0xff,0xff,0xd0,0x00,0x00,0x00,0x00,0x00,0x00,0x00,0x00,0x00,0x00,0x00,0x00,0x00,0xff,0xff,0xff,0xff,0xc0,  //@@@@@@@@@..........................+@@@@@@@@@
0xdf,0xff,0xff,0xff,0xc0,0x00,0x00,0x00,0x00,0x00,0x00,0x00,0x00,0x00,0x00,0x00,0x00,0x00,0xef,0xff,0xff,0xff,0xc0,  //@@@@@@@@@...........................@@@@@@@@@
0xef,0xff,0xff,0xff,0xc0,0x00,0x00,0x00,0x00,0x00,0x00,0x00,0x00,0x00,0x00,0x00,0x00,0x00,0xef,0xff,0xff,0xff,0xd0,  //@@@@@@@@@...........................@@@@@@@@@
0xef,0xff,0xff,0xff,0xc0,0x00,0x00,0x00,0x00,0x00,0x00,0x00,0x00,0x00,0x00,0x00,0x00,0x00,0xef,0xff,0xff,0xff,0xd0,  //@@@@@@@@@...........................@@@@@@@@@
0xef,0xff,0xff,0xff,0xb0,0x00,0x00,0x00,0x00,0x00,0x00,0x00,0x00,0x00,0x00,0x00,0x00,0x00,0xdf,0xff,0xff,0xff,0xd0,  //@@@@@@@@@...........................@@@@@@@@@
0xef,0xff,0xff,0xff,0xb0,0x00,0x00,0x00,0x00,0x00,0x00,0x00,0x00,0x00,0x00,0x00,0x00,0x00,0xef,0xff,0xff,0xff,0xd0,  //@@@@@@@@@...........................@@@@@@@@@
0xef,0xff,0xff,0xff,0xc0,0x00,0x00,0x00,0x00,0x00,0x00,0x00,0x00,0x00,0x00,0x00,0x00,0x00,0xef,0xff,0xff,0xff,0xc0,  //@@@@@@@@@...........................@@@@@@@@@
0xef,0xff,0xff,0xff,0xc0,0x00,0x00,0x00,0x00,0x00,0x00,0x00,0x00,0x00,0x00,0x00,0x00,0x00,0xef,0xff,0xff,0xff,0xc0,  //@@@@@@@@@...........................@@@@@@@@@
0xef,0xff,0xff,0xff,0xc0,0x00,0x00,0x00,0x00,0x00,0x00,0x00,0x00,0x00,0x00,0x00,0x00,0x00,0xff,0xff,0xff,0xff,0xb0,  //@@@@@@@@@..........................+@@@@@@@@@
0xdf,0xff,0xff,0xff,0xd0,0x00,0x00,0x00,0x00,0x00,0x00,0x00,0x00,0x00,0x00,0x00,0x00,0x00,0xff,0xff,0xff,0xff,0xa0,  //@@@@@@@@@..........................+@@@@@@@@%
0xcf,0xff,0xff,0xff,0xe0,0x00,0x00,0x00,0x00,0x00,0x00,0x00,0x00,0x00,0x00,0x00,0x00,0x01,0xff,0xff,0xff,0xff,0x90,  //@@@@@@@@@..........................+@@@@@@@@%
0xbf,0xff,0xff,0xff,0xf0,0x00,0x00,0x00,0x00,0x00,0x00,0x00,0x00,0x00,0x00,0x00,0x00,0x02,0xff,0xff,0xff,0xff,0x80,  //@@@@@@@@@+.........................+@@@@@@@@%
0xaf,0xff,0xff,0xff,0xf1,0x00,0x00,0x00,0x00,0x00,0x00,0x00,0x00,0x00,0x00,0x00,0x00,0x04,0xff,0xff,0xff,0xff,0x60,  //%@@@@@@@@+.........................*@@@@@@@@*
0x8f,0xff,0xff,0xff,0xf3,0x00,0x00,0x00,0x00,0x00,0x00,0x00,0x00,0x00,0x00,0x00,0x00,0x05,0xff,0xff,0xff,0xff,0x40,  //%@@@@@@@@+.........................*@@@@@@@@*
0x7f,0xff,0xff,0xff,0xf4,0x00,0x00,0x00,0x00,0x00,0x00,0x00,0x00,0x00,0x00,0x00,0x00,0x07,0xff,0xff,0xff,0xff,0x20,  //*@@@@@@@@*.........................%@@@@@@@@+
0x5f,0xff,0xff,0xff,0xf6,0x00,0x00,0x00,0x00,0x00,0x00,0x00,0x00,0x00,0x00,0x00,0x00,0x09,0xff,0xff,0xff,0xfe,0x00,  //*@@@@@@@@*.........................%@@@@@@@@+
0x3f,0xff,0xff,0xff,0xf9,0x00,0x00,0x00,0x00,0x00,0x00,0x00,0x00,0x00,0x00,0x00,0x00,0x0b,0xff,0xff,0xff,0xfc,0x00,  //+@@@@@@@@%.........................@@@@@@@@@.
0x0e,0xff,0xff,0xff,0xfb,0x00,0x00,0x00,0x00,0x00,0x00,0x00,0x00,0x00,0x00,0x00,0x00,0x0e,0xff,0xff,0xff,0xf9,0x00,  //+@@@@@@@@@........................+@@@@@@@@%.
0x0c,0xff,0xff,0xff,0xfe,0x00,0x00,0x00,0x00,0x00,0x00,0x00,0x00,0x00,0x00,0x00,0x00,0x2f,0xff,0xff,0xff,0xf6,0x00,  //.@@@@@@@@@+.......................+@@@@@@@@*.
0x09,0xff,0xff,0xff,0xff,0x30,0x00,0x00,0x00,0x00,0x00,0x00,0x00,0x00,0x00,0x00,0x00,0x5f,0xff,0xff,0xff,0xf3,0x00,  //.%@@@@@@@@+.......................*@@@@@@@@+.
0x06,0xff,0xff,0xff,0xff,0x70,0x00,0x00,0x00,0x00,0x00,0x00,0x00,0x00,0x00,0x00,0x00,0x9f,0xff,0xff,0xff,0xd0,0x00,  //.*@@@@@@@@*.......................%@@@@@@@@+.
0x02,0xff,0xff,0xff,0xff,0xb0,0x00,0x00,0x00,0x00,0x00,0x00,0x00,0x00,0x00,0x00,0x00,0xdf,0xff,0xff,0xff,0x90,0x00,  //.+@@@@@@@@@......................+@@@@@@@@%..
0x00,0xdf,0xff,0xff,0xff,0xe1,0x00,0x00,0x00,0x00,0x00,0x00,0x00,0x00,0x00,0x00,0x04,0xff,0xff,0xff,0xff,0x50,0x00,  //..@@@@@@@@@+.....................*@@@@@@@@*..
0x00,0x8f,0xff,0xff,0xff,0xf7,0x00,0x00,0x00,0x00,0x00,0x00,0x00,0x00,0x00,0x00,0x09,0xff,0xff,0xff,0xfe,0x00,0x00,  //..%@@@@@@@@*.....................%@@@@@@@@+..
0x00,0x2f,0xff,0xff,0xff,0xfd,0x00,0x00,0x00,0x00,0x00,0x00,0x00,0x00,0x00,0x00,0x1e,0xff,0xff,0xff,0xf9,0x00,0x00,  //..+@@@@@@@@@+...................+@@@@@@@@%...
0x00,0x0c,0xff,0xff,0xff,0xff,0x60,0x00,0x00,0x00,0x00,0x00,0x00,0x00,0x00,0x00,0x8f,0xff,0xff,0xff,0xf2,0x00,0x00,  //...@@@@@@@@@*...................%@@@@@@@@+...
0x00,0x05,0xff,0xff,0xff,0xff,0xd1,0x00,0x00,0x00,0x00,0x00,0x00,0x00,0x00,0x02,0xef,0xff,0xff,0xff,0xa0,0x00,0x00,  //...*@@@@@@@@@+.................+@@@@@@@@%....
0x00,0x00,0xdf,0xff,0xff,0xff,0xfa,0x00,0x00,0x00,0x00,0x00,0x00,0x00,0x00,0x0c,0xff,0xff,0xff,0xff,0x30,0x00,0x00,  //...+@@@@@@@@@%+...............+@@@@@@@@@+....
0x00,0x00,0x6f,0xff,0xff,0xff,0xff,0x80,0x00,0x00,0x00,0x00,0x00,0x00,0x00,0x9f,0xff,0xff,0xff,0xfa,0x00,0x00,0x00,  //....*@@@@@@@@@%..............+%@@@@@@@@%.....
0x00,0x00,0x0c,0xff,0xff,0xff,0xff,0xf8,0x00,0x00,0x00,0x00,0x00,0x00,0x09,0xff,0xff,0xff,0xff,0xe1,0x00,0x00,0x00,  //....+@@@@@@@@@@%+...........+%@@@@@@@@@+.....
0x00,0x00,0x03,0xef,0xff,0xff,0xff,0xff,0xc4,0x00,0x00,0x00,0x00,0x04,0xcf,0xff,0xff,0xff,0xff,0x50,0x00,0x00,0x00,  //.....+@@@@@@@@@@@*.........*@@@@@@@@@@*......
0x00,0x00,0x00,0x7f,0xff,0xff,0xff,0xff,0xff,0xc7,0x42,0x22,0x47,0xcf,0xff,0xff,0xff,0xff,0xf9,0x00,0x00,0x00,0x00,  //......*@@@@@@@@@@@@%*+++*%@@@@@@@@@@@%.......
0x00,0x00,0x00,0x0a,0xff,0xff,0xff,0xff,0xff,0xff,0xff,0xff,0xff,0xff,0xff,0xff,0xff,0xff,0xb0,0x00,0x00,0x00,0x00,  //......+%@@@@@@@@@@@@@@@@@@@@@@@@@@@@@+.......
0x00,0x00,0x00,0x00,0xbf,0xff,0xff,0xff,0xff,0xff,0xff,0xff,0xff,0xff,0xff,0xff,0xff,0xfb,0x00,0x00,0x00,0x00,0x00,  //.......+@@@@@@@@@@@@@@@@@@@@@@@@@@@@+........
0x00,0x00,0x00,0x00,0x0a,0xff,0xff,0xff,0xff,0xff,0xff,0xff,0xff,0xff,0xff,0xff,0xff,0xa0,0x00,0x00,0x00,0x00,0x00,  //........+%@@@@@@@@@@@@@@@@@@@@@@@@%+.........
0x00,0x00,0x00,0x00,0x00,0x8e,0xff,0xff,0xff,0xff,0xff,0xff,0xff,0xff,0xff,0xff,0xe7,0x00,0x00,0x00,0x00,0x00,0x00,  //.........+%@@@@@@@@@@@@@@@@@@@@@@*+..........
0x00,0x00,0x00,0x00,0x00,0x03,0xcf,0xff,0xff,0xff,0xff,0xff,0xff,0xff,0xff,0xfa,0x20,0x00,0x00,0x00,0x00,0x00,0x00,  //...........+@@@@@@@@@@@@@@@@@@@%+............
0x00,0x00,0x00,0x00,0x00,0x00,0x04,0xae,0xff,0xff,0xff,0xff,0xff,0xff,0xe9,0x20,0x00,0x00,0x00,0x00,0x00,0x00,0x00,  //.............*%@@@@@@@@@@@@@@%+..............
0x00,0x00,0x00,0x00,0x00,0x00,0x00,0x01,0x58,0xbd,0xee,0xed,0xca,0x74,0x00,0x00,0x00,0x00,0x00,0x00,0x00,0x00,0x00,  //...............+*%%@@@@@@%%*+................


/* 1 */
0x00,0x00,0x00,0x00,0x00,0x00,0x00,0x00,0x00,0x00,0x4e,0xff,0x80,  //....................*@@@%
0x00,0x00,0x00,0x00,0x00,0x00,0x00,0x00,0x00,0x07,0xff,0xff,0x80,  //..................+%@@@@%
0x00,0x00,0x00,0x00,0x00,0x00,0x00,0x00,0x02,0xbf,0xff,0xff,0x80,  //.................+@@@@@@%
0x00,0x00,0x00,0x00,0x00,0x00,0x00,0x00,0x7e,0xff,0xff,0xff,0x80,  //...............+*@@@@@@@%
0x00,0x00,0x00,0x00,0x00,0x00,0x00,0x3c,0xff,0xff,0xff,0xff,0x80,  //..............*@@@@@@@@@%
0x00,0x00,0x00,0x00,0x00,0x00,0x2a,0xff,0xff,0xff,0xff,0xff,0x80,  //............+%@@@@@@@@@@%
0x00,0x00,0x00,0x00,0x00,0x18,0xef,0xff,0xff,0xff,0xff,0xff,0x80,  //..........+%@@@@@@@@@@@@%
0x00,0x00,0x00,0x00,0x18,0xef,0xff,0xff,0xff,0xff,0xff,0xff,0x80,  //........+%@@@@@@@@@@@@@@%
0x00,0x00,0x00,0x39,0xef,0xff,0xff,0xff,0xff,0xff,0xff,0xff,0x80,  //......+%@@@@@@@@@@@@@@@@%
0x00,0x00,0x6b,0xff,0xff,0xff,0xff,0xff,0xff,0xff,0xff,0xff,0x80,  //...+*@@@@@@@@@@@@@@@@@@@%
0x15,0xae,0xff,0xff,0xff,0xff,0xff,0xff,0xff,0xff,0xff,0xff,0x80,  //+*%@@@@@@@@@@@@@@@@@@@@@%
0xaf,0xff,0xff,0xff,0xff,0xff,0xff,0xfc,0xef,0xff,0xff,0xff,0x80,  //%@@@@@@@@@@@@@@@@@@@@@@@%
0xaf,0xff,0xff,0xff,0xff,0xff,0xff,0xa0,0xef,0xff,0xff,0xff,0x80,  //%@@@@@@@@@@@@@%+@@@@@@@@%
0xaf,0xff,0xff,0xff,0xff,0xff,0xe6,0x00,0xef,0xff,0xff,0xff,0x80,  //%@@@@@@@@@@@@*..@@@@@@@@%
0xaf,0xff,0xff,0xff,0xff,0xfa,0x10,0x00,0xef,0xff,0xff,0xff,0x80,  //%@@@@@@@@@@%+...@@@@@@@@%
0xaf,0xff,0xff,0xff,0xfb,0x30,0x00,0x00,0xef,0xff,0xff,0xff,0x80,  //%@@@@@@@@@+.....@@@@@@@@%
0xaf,0xff,0xff,0xfb,0x40,0x00,0x00,0x00,0xef,0xff,0xff,0xff,0x80,  //%@@@@@@@*.......@@@@@@@@%
0xaf,0xff,0xe9,0x30,0x00,0x00,0x00,0x00,0xef,0xff,0xff,0xff,0x80,  //%@@@@%+.........@@@@@@@@%
0xaf,0xc6,0x10,0x00,0x00,0x00,0x00,0x00,0xef,0xff,0xff,0xff,0x80,  //%@@*+...........@@@@@@@@%
0x31,0x00,0x00,0x00,0x00,0x00,0x00,0x00,0xef,0xff,0xff,0xff,0x80,  //++..............@@@@@@@@%
0x00,0x00,0x00,0x00,0x00,0x00,0x00,0x00,0xef,0xff,0xff,0xff,0x80,  //................@@@@@@@@%
0x00,0x00,0x00,0x00,0x00,0x00,0x00,0x00,0xef,0xff,0xff,0xff,0x80,  //................@@@@@@@@%
0x00,0x00,0x00,0x00,0x00,0x00,0x00,0x00,0xef,0xff,0xff,0xff,0x80,  //................@@@@@@@@%
0x00,0x00,0x00,0x00,0x00,0x00,0x00,0x00,0xef,0xff,0xff,0xff,0x80,  //................@@@@@@@@%
0x00,0x00,0x00,0x00,0x00,0x00,0x00,0x00,0xef,0xff,0xff,0xff,0x80,  //................@@@@@@@@%
0x00,0x00,0x00,0x00,0x00,0x00,0x00,0x00,0xef,0xff,0xff,0xff,0x80,  //................@@@@@@@@%
0x00,0x00,0x00,0x00,0x00,0x00,0x00,0x00,0xef,0xff,0xff,0xff,0x80,  //................@@@@@@@@%
0x00,0x00,0x00,0x00,0x00,0x00,0x00,0x00,0xef,0xff,0xff,0xff,0x80,  //................@@@@@@@@%
0x00,0x00,0x00,0x00,0x00,0x00,0x00,0x00,0xef,0xff,0xff,0xff,0x80,  //................@@@@@@@@%
0x00,0x00,0x00,0x00,0x00,0x00,0x00,0x00,0xef,0xff,0xff,0xff,0x80,  //................@@@@@@@@%
0x00,0x00,0x00,0x00,0x00,0x00,0x00,0x00,0xef,0xff,0xff,0xff,0x80,  //................@@@@@@@@%
0x00,0x00,0x00,0x00,0x00,0x00,0x00,0x00,0xef,0xff,0xff,0xff,0x80,  //................@@@@@@@@%
0x00,0x00,0x00,0x00,0x00,0x00,0x00,0x00,0xef,0xff,0xff,0xff,0x80,  //................@@@@@@@@%
0x00,0x00,0x00,0x00,0x00,0x00,0x00,0x00,0xef,0xff,0xff,0xff,0x80,  //................@@@@@@@@%
0x00,0x00,0x00,0x00,0x00,0x00,0x00,0x00,0xef,0xff,0xff,0xff,0x80,  //................@@@@@@@@%
0x00,0x00,0x00,0x00,0x00,0x00,0x00,0x00,0xef,0xff,0xff,0xff,0x80,  //................@@@@@@@@%
0x00,0x00,0x00,0x00,0x00,0x00,0x00,0x00,0xef,0xff,0xff,0xff,0x80,  //................@@@@@@@@%
0x00,0x00,0x00,0x00,0x00,0x00,0x00,0x00,0xef,0xff,0xff,0xff,0x80,  //................@@@@@@@@%
0x00,0x00,0x00,0x00,0x00,0x00,0x00,0x00,0xef,0xff,0xff,0xff,0x80,  //................@@@@@@@@%
0x00,0x00,0x00,0x00,0x00,0x00,0x00,0x00,0xef,0xff,0xff,0xff,0x80,  //................@@@@@@@@%
0x00,0x00,0x00,0x00,0x00,0x00,0x00,0x00,0xef,0xff,0xff,0xff,0x80,  //................@@@@@@@@%
0x00,0x00,0x00,0x00,0x00,0x00,0x00,0x00,0xef,0xff,0xff,0xff,0x80,  //................@@@@@@@@%
0x00,0x00,0x00,0x00,0x00,0x00,0x00,0x00,0xef,0xff,0xff,0xff,0x80,  //................@@@@@@@@%
0x00,0x00,0x00,0x00,0x00,0x00,0x00,0x00,0xef,0xff,0xff,0xff,0x80,  //................@@@@@@@@%
0x00,0x00,0x00,0x00,0x00,0x00,0x00,0x00,0xef,0xff,0xff,0xff,0x80,  //................@@@@@@@@%
0x00,0x00,0x00,0x00,0x00,0x00,0x00,0x00,0xef,0xff,0xff,0xff,0x80,  //................@@@@@@@@%
0x00,0x00,0x00,0x00,0x00,0x00,0x00,0x00,0xef,0xff,0xff,0xff,0x80,  //................@@@@@@@@%
0x00,0x00,0x00,0x00,0x00,0x00,0x00,0x00,0xef,0xff,0xff,0xff,0x80,  //................@@@@@@@@%
0x00,0x00,0x00,0x00,0x00,0x00,0x00,0x00,0xef,0xff,0xff,0xff,0x80,  //................@@@@@@@@%
0x00,0x00,0x00,0x00,0x00,0x00,0x00,0x00,0xef,0xff,0xff,0xff,0x80,  //................@@@@@@@@%
0x00,0x00,0x00,0x00,0x00,0x00,0x00,0x00,0xef,0xff,0xff,0xff,0x80,  //................@@@@@@@@%
0x00,0x00,0x00,0x00,0x00,0x00,0x00,0x00,0xef,0xff,0xff,0xff,0x80,  //................@@@@@@@@%
0x00,0x00,0x00,0x00,0x00,0x00,0x00,0x00,0xef,0xff,0xff,0xff,0x80,  //................@@@@@@@@%
0x00,0x00,0x00,0x00,0x00,0x00,0x00,0x00,0xef,0xff,0xff,0xff,0x80,  //................@@@@@@@@%
0x00,0x00,0x00,0x00,0x00,0x00,0x00,0x00,0xef,0xff,0xff,0xff,0x80,  //................@@@@@@@@%
0x00,0x00,0x00,0x00,0x00,0x00,0x00,0x00,0xef,0xff,0xff,0xff,0x80,  //................@@@@@@@@%
0x00,0x00,0x00,0x00,0x00,0x00,0x00,0x00,0xef,0xff,0xff,0xff,0x80,  //................@@@@@@@@%
0x00,0x00,0x00,0x00,0x00,0x00,0x00,0x00,0xef,0xff,0xff,0xff,0x80,  //................@@@@@@@@%
0x00,0x00,0x00,0x00,0x00,0x00,0x00,0x00,0xef,0xff,0xff,0xff,0x80,  //................@@@@@@@@%
0x00,0x00,0x00,0x00,0x00,0x00,0x00,0x00,0xef,0xff,0xff,0xff,0x80,  //................@@@@@@@@%
0x00,0x00,0x00,0x00,0x00,0x00,0x00,0x00,0xef,0xff,0xff,0xff,0x80,  //................@@@@@@@@%
0x00,0x00,0x00,0x00,0x00,0x00,0x00,0x00,0xef,0xff,0xff,0xff,0x80,  //................@@@@@@@@%
0x00,0x00,0x00,0x00,0x00,0x00,0x00,0x00,0xef,0xff,0xff,0xff,0x80,  //................@@@@@@@@%
0x00,0x00,0x00,0x00,0x00,0x00,0x00,0x00,0xef,0xff,0xff,0xff,0x80,  //................@@@@@@@@%
0x00,0x00,0x00,0x00,0x00,0x00,0x00,0x00,0xef,0xff,0xff,0xff,0x80,  //................@@@@@@@@%
0x00,0x00,0x00,0x00,0x00,0x00,0x00,0x00,0xef,0xff,0xff,0xff,0x80,  //................@@@@@@@@%
0x00,0x00,0x00,0x00,0x00,0x00,0x00,0x00,0xef,0xff,0xff,0xff,0x80,  //................@@@@@@@@%
0x00,0x00,0x00,0x00,0x00,0x00,0x00,0x00,0xef,0xff,0xff,0xff,0x80,  //................@@@@@@@@%
0x00,0x00,0x00,0x00,0x00,0x00,0x00,0x00,0xef,0xff,0xff,0xff,0x80,  //................@@@@@@@@%


/* 2 */
0x00,0x00,0x00,0x00,0x00,0x00,0x01,0x58,0xac,0xde,0xee,0xdc,0xb8,0x52,0x00,0x00,0x00,0x00,0x00,0x00,0x00,0x00,  //.............+*%%@@@@@@@%%*+................
0x00,0x00,0x00,0x00,0x00,0x17,0xcf,0xff,0xff,0xff,0xff,0xff,0xff,0xff,0xd7,0x20,0x00,0x00,0x00,0x00,0x00,0x00,  //..........+*@@@@@@@@@@@@@@@@@%+.............
0x00,0x00,0x00,0x00,0x29,0xef,0xff,0xff,0xff,0xff,0xff,0xff,0xff,0xff,0xff,0xe9,0x20,0x00,0x00,0x00,0x00,0x00,  //........+%@@@@@@@@@@@@@@@@@@@@@%+...........
0x00,0x00,0x00,0x07,0xef,0xff,0xff,0xff,0xff,0xff,0xff,0xff,0xff,0xff,0xff,0xff,0xe7,0x00,0x00,0x00,0x00,0x00,  //......+*@@@@@@@@@@@@@@@@@@@@@@@@@*+.........
0x00,0x00,0x02,0xcf,0xff,0xff,0xff,0xff,0xff,0xff,0xff,0xff,0xff,0xff,0xff,0xff,0xff,0xb1,0x00,0x00,0x00,0x00,  //.....+@@@@@@@@@@@@@@@@@@@@@@@@@@@@%+........
0x00,0x00,0x4e,0xff,0xff,0xff,0xff,0xff,0xff,0xff,0xff,0xff,0xff,0xff,0xff,0xff,0xff,0xfc,0x10,0x00,0x00,0x00,  //....*@@@@@@@@@@@@@@@@@@@@@@@@@@@@@@@+.......
0x00,0x04,0xef,0xff,0xff,0xff,0xff,0xff,0xff,0xff,0xff,0xff,0xff,0xff,0xff,0xff,0xff,0xff,0xc1,0x00,0x00,0x00,  //...*@@@@@@@@@@@@@@@@@@@@@@@@@@@@@@@@@+......
0x00,0x0e,0xff,0xff,0xff,0xff,0xff,0xea,0x75,0x43,0x45,0x69,0xdf,0xff,0xff,0xff,0xff,0xff,0xfb,0x00,0x00,0x00,  //...@@@@@@@@@@@@%%**+***%@@@@@@@@@@@@@%+.....
0x00,0x0f,0xff,0xff,0xff,0xfe,0xa4,0x00,0x00,0x00,0x00,0x00,0x03,0xae,0xff,0xff,0xff,0xff,0xff,0x60,0x00,0x00,  //...@@@@@@@@@%*+..........+%@@@@@@@@@@@*.....
0x00,0x0f,0xff,0xff,0xff,0x92,0x00,0x00,0x00,0x00,0x00,0x00,0x00,0x03,0xdf,0xff,0xff,0xff,0xff,0xe0,0x00,0x00,  //...@@@@@@@%+...............+@@@@@@@@@@@+....
0x00,0x0f,0xff,0xff,0xc3,0x00,0x00,0x00,0x00,0x00,0x00,0x00,0x00,0x00,0x1b,0xff,0xff,0xff,0xff,0xf7,0x00,0x00,  //...@@@@@@+..................+@@@@@@@@@@*....
0x00,0x0f,0xff,0xe8,0x00,0x00,0x00,0x00,0x00,0x00,0x00,0x00,0x00,0x00,0x01,0xcf,0xff,0xff,0xff,0xfd,0x00,0x00,  //...@@@@%+....................+@@@@@@@@@@+...
0x00,0x0f,0xfe,0x40,0x00,0x00,0x00,0x00,0x00,0x00,0x00,0x00,0x00,0x00,0x00,0x3f,0xff,0xff,0xff,0xff,0x30,0x00,  //...@@@*.......................+@@@@@@@@@+...
0x00,0x0f,0xd2,0x00,0x00,0x00,0x00,0x00,0x00,0x00,0x00,0x00,0x00,0x00,0x00,0x0a,0xff,0xff,0xff,0xff,0x70,0x00,  //...@@+.........................%@@@@@@@@*...
0x00,0x0d,0x10,0x00,0x00,0x00,0x00,0x00,0x00,0x00,0x00,0x00,0x00,0x00,0x00,0x03,0xff,0xff,0xff,0xff,0xa0,0x00,  //...@+..........................*@@@@@@@@%...
0x00,0x01,0x00,0x00,0x00,0x00,0x00,0x00,0x00,0x00,0x00,0x00,0x00,0x00,0x00,0x00,0xef,0xff,0xff,0xff,0xc0,0x00,  //...+...........................+@@@@@@@@@...
0x00,0x00,0x00,0x00,0x00,0x00,0x00,0x00,0x00,0x00,0x00,0x00,0x00,0x00,0x00,0x00,0xbf,0xff,0xff,0xff,0xe0,0x00,  //................................%@@@@@@@@...
0x00,0x00,0x00,0x00,0x00,0x00,0x00,0x00,0x00,0x00,0x00,0x00,0x00,0x00,0x00,0x00,0x9f,0xff,0xff,0xff,0xe0,0x00,  //................................%@@@@@@@@...
0x00,0x00,0x00,0x00,0x00,0x00,0x00,0x00,0x00,0x00,0x00,0x00,0x00,0x00,0x00,0x00,0x8f,0xff,0xff,0xff,0xe0,0x00,  //................................%@@@@@@@@+..
0x00,0x00,0x00,0x00,0x00,0x00,0x00,0x00,0x00,0x00,0x00,0x00,0x00,0x00,0x00,0x00,0x8f,0xff,0xff,0xff,0xe0,0x00,  //................................%@@@@@@@@...
0x00,0x00,0x00,0x00,0x00,0x00,0x00,0x00,0x00,0x00,0x00,0x00,0x00,0x00,0x00,0x00,0x9f,0xff,0xff,0xff,0xd0,0x00,  //................................%@@@@@@@@...
0x00,0x00,0x00,0x00,0x00,0x00,0x00,0x00,0x00,0x00,0x00,0x00,0x00,0x00,0x00,0x00,0xaf,0xff,0xff,0xff,0xc0,0x00,  //................................%@@@@@@@@...
0x00,0x00,0x00,0x00,0x00,0x00,0x00,0x00,0x00,0x00,0x00,0x00,0x00,0x00,0x00,0x00,0xdf,0xff,0xff,0xff,0xa0,0x00,  //................................@@@@@@@@%...
0x00,0x00,0x00,0x00,0x00,0x00,0x00,0x00,0x00,0x00,0x00,0x00,0x00,0x00,0x00,0x02,0xff,0xff,0xff,0xff,0x70,0x00,  //...............................+@@@@@@@@*...
0x00,0x00,0x00,0x00,0x00,0x00,0x00,0x00,0x00,0x00,0x00,0x00,0x00,0x00,0x00,0x06,0xff,0xff,0xff,0xff,0x40,0x00,  //...............................*@@@@@@@@*...
0x00,0x00,0x00,0x00,0x00,0x00,0x00,0x00,0x00,0x00,0x00,0x00,0x00,0x00,0x00,0x0c,0xff,0xff,0xff,0xfe,0x10,0x00,  //...............................@@@@@@@@@+...
0x00,0x00,0x00,0x00,0x00,0x00,0x00,0x00,0x00,0x00,0x00,0x00,0x00,0x00,0x00,0x3f,0xff,0xff,0xff,0xfa,0x00,0x00,  //..............................*@@@@@@@@%....
0x00,0x00,0x00,0x00,0x00,0x00,0x00,0x00,0x00,0x00,0x00,0x00,0x00,0x00,0x00,0xcf,0xff,0xff,0xff,0xf5,0x00,0x00,  //.............................+@@@@@@@@@*....
0x00,0x00,0x00,0x00,0x00,0x00,0x00,0x00,0x00,0x00,0x00,0x00,0x00,0x00,0x06,0xff,0xff,0xff,0xff,0xe0,0x00,0x00,  //.............................*@@@@@@@@@+....
0x00,0x00,0x00,0x00,0x00,0x00,0x00,0x00,0x00,0x00,0x00,0x00,0x00,0x00,0x2e,0xff,0xff,0xff,0xff,0x70,0x00,0x00,  //............................+@@@@@@@@@*.....
0x00,0x00,0x00,0x00,0x00,0x00,0x00,0x00,0x00,0x00,0x00,0x00,0x00,0x01,0xdf,0xff,0xff,0xff,0xfd,0x00,0x00,0x00,  //...........................+@@@@@@@@@@+.....
0x00,0x00,0x00,0x00,0x00,0x00,0x00,0x00,0x00,0x00,0x00,0x00,0x00,0x1c,0xff,0xff,0xff,0xff,0xf5,0x00,0x00,0x00,  //..........................+@@@@@@@@@@*......
0x00,0x00,0x00,0x00,0x00,0x00,0x00,0x00,0x00,0x00,0x00,0x00,0x01,0xcf,0xff,0xff,0xff,0xff,0xa0,0x00,0x00,0x00,  //.........................+@@@@@@@@@@%.......
0x00,0x00,0x00,0x00,0x00,0x00,0x00,0x00,0x00,0x00,0x00,0x00,0x2d,0xff,0xff,0xff,0xff,0xfc,0x00,0x00,0x00,0x00,  //........................+@@@@@@@@@@@+.......
0x00,0x00,0x00,0x00,0x00,0x00,0x00,0x00,0x00,0x00,0x00,0x04,0xef,0xff,0xff,0xff,0xff,0xd2,0x00,0x00,0x00,0x00,  //.......................*@@@@@@@@@@@+........
0x00,0x00,0x00,0x00,0x00,0x00,0x00,0x00,0x00,0x00,0x00,0x7e,0xff,0xff,0xff,0xff,0xfe,0x30,0x00,0x00,0x00,0x00,  //.....................+*@@@@@@@@@@@+.........
0x00,0x00,0x00,0x00,0x00,0x00,0x00,0x00,0x00,0x00,0x1a,0xff,0xff,0xff,0xff,0xff,0xe3,0x00,0x00,0x00,0x00,0x00,  //....................+%@@@@@@@@@@@+..........
0x00,0x00,0x00,0x00,0x00,0x00,0x00,0x00,0x00,0x03,0xdf,0xff,0xff,0xff,0xff,0xfd,0x20,0x00,0x00,0x00,0x00,0x00,  //...................*@@@@@@@@@@@@+...........
0x00,0x00,0x00,0x00,0x00,0x00,0x00,0x00,0x00,0x7e,0xff,0xff,0xff,0xff,0xff,0xc1,0x00,0x00,0x00,0x00,0x00,0x00,  //.................+%@@@@@@@@@@@@+............
0x00,0x00,0x00,0x00,0x00,0x00,0x00,0x00,0x2c,0xff,0xff,0xff,0xff,0xff,0xfa,0x00,0x00,0x00,0x00,0x00,0x00,0x00,  //................+@@@@@@@@@@@@%+.............
0x00,0x00,0x00,0x00,0x00,0x00,0x00,0x05,0xef,0xff,0xff,0xff,0xff,0xfe,0x60,0x00,0x00,0x00,0x00,0x00,0x00,0x00,  //...............*@@@@@@@@@@@@*...............
0x00,0x00,0x00,0x00,0x00,0x00,0x00,0x9f,0xff,0xff,0xff,0xff,0xff,0xd3,0x00,0x00,0x00,0x00,0x00,0x00,0x00,0x00,  //.............+%@@@@@@@@@@@@+................
0x00,0x00,0x00,0x00,0x00,0x00,0x2c,0xff,0xff,0xff,0xff,0xff,0xf9,0x00,0x00,0x00,0x00,0x00,0x00,0x00,0x00,0x00,  //............+@@@@@@@@@@@@%+.................
0x00,0x00,0x00,0x00,0x00,0x04,0xef,0xff,0xff,0xff,0xff,0xfd,0x40,0x00,0x00,0x00,0x00,0x00,0x00,0x00,0x00,0x00,  //...........*@@@@@@@@@@@@*...................
0x00,0x00,0x00,0x00,0x00,0x6e,0xff,0xff,0xff,0xff,0xff,0xa1,0x00,0x00,0x00,0x00,0x00,0x00,0x00,0x00,0x00,0x00,  //..........*@@@@@@@@@@@%+....................
0x00,0x00,0x00,0x00,0x08,0xff,0xff,0xff,0xff,0xff,0xe6,0x00,0x00,0x00,0x00,0x00,0x00,0x00,0x00,0x00,0x00,0x00,  //........+%@@@@@@@@@@@*......................
0x00,0x00,0x00,0x00,0x9f,0xff,0xff,0xff,0xff,0xfc,0x20,0x00,0x00,0x00,0x00,0x00,0x00,0x00,0x00,0x00,0x00,0x00,  //.......+%@@@@@@@@@@@+.......................
0x00,0x00,0x00,0x0a,0xff,0xff,0xff,0xff,0xff,0x80,0x00,0x00,0x00,0x00,0x00,0x00,0x00,0x00,0x00,0x00,0x00,0x00,  //......+%@@@@@@@@@@%+........................
0x00,0x00,0x00,0x8f,0xff,0xff,0xff,0xff,0xe5,0x00,0x00,0x00,0x00,0x00,0x00,0x00,0x00,0x00,0x00,0x00,0x00,0x00,  //......%@@@@@@@@@@*..........................
0x00,0x00,0x06,0xff,0xff,0xff,0xff,0xfc,0x20,0x00,0x00,0x00,0x00,0x00,0x00,0x00,0x00,0x00,0x00,0x00,0x00,0x00,  //.....*@@@@@@@@@@+...........................
0x00,0x00,0x3e,0xff,0xff,0xff,0xff,0xa0,0x00,0x00,0x00,0x00,0x00,0x00,0x00,0x00,0x00,0x00,0x00,0x00,0x00,0x00,  //....+@@@@@@@@@%+............................
0x00,0x00,0xdf,0xff,0xff,0xff,0xf9,0x00,0x00,0x00,0x00,0x00,0x00,0x00,0x00,0x00,0x00,0x00,0x00,0x00,0x00,0x00,  //...+@@@@@@@@@%+.............................
0x00,0x08,0xff,0xff,0xff,0xff,0x90,0x00,0x00,0x00,0x00,0x00,0x00,0x00,0x00,0x00,0x00,0x00,0x00,0x00,0x00,0x00,  //...%@@@@@@@@%+..............................
0x00,0x2e,0xff,0xff,0xff,0xfb,0x00,0x00,0x00,0x00,0x00,0x00,0x00,0x00,0x00,0x00,0x00,0x00,0x00,0x00,0x00,0x00,  //..+@@@@@@@@@+...............................
0x00,0x9f,0xff,0xff,0xff,0xe1,0x00,0x00,0x00,0x00,0x00,0x00,0x00,0x00,0x00,0x00,0x00,0x00,0x00,0x00,0x00,0x00,  //..%@@@@@@@@+................................
0x01,0xef,0xff,0xff,0xff,0x60,0x00,0x00,0x00,0x00,0x00,0x00,0x00,0x00,0x00,0x00,0x00,0x00,0x00,0x00,0x00,0x00,  //.+@@@@@@@@*.................................
0x06,0xff,0xff,0xff,0xfe,0x00,0x00,0x00,0x00,0x00,0x00,0x00,0x00,0x00,0x00,0x00,0x00,0x00,0x00,0x00,0x00,0x00,  //.*@@@@@@@@+.................................
0x0b,0xff,0xff,0xff,0xfa,0x00,0x00,0x00,0x00,0x00,0x00,0x00,0x00,0x00,0x00,0x00,0x00,0x00,0x00,0x00,0x00,0x00,  //.@@@@@@@@%..................................
0x0e,0xff,0xff,0xff,0xf6,0x00,0x00,0x00,0x00,0x00,0x00,0x00,0x00,0x00,0x00,0x00,0x00,0x00,0x00,0x00,0x00,0x00,  //+@@@@@@@@*..................................
0x3f,0xff,0xff,0xff,0xf4,0x00,0x00,0x00,0x00,0x00,0x00,0x00,0x00,0x00,0x00,0x00,0x00,0x00,0x00,0x00,0x00,0x00,  //+@@@@@@@@*..................................
0x6f,0xff,0xff,0xff,0xf3,0x00,0x00,0x00,0x00,0x00,0x00,0x00,0x00,0x00,0x00,0x00,0x00,0x00,0x00,0x00,0x00,0x00,  //*@@@@@@@@+..................................
0x7f,0xff,0xff,0xff,0xfa,0x99,0x99,0x99,0x99,0x99,0x99,0x99,0x99,0x99,0x99,0x99,0x99,0x99,0x99,0x99,0x99,0x90,  //%@@@@@@@@%%%%%%%%%%%%%%%%%%%%%%%%%%%%%%%%%%+
0x9f,0xff,0xff,0xff,0xff,0xff,0xff,0xff,0xff,0xff,0xff,0xff,0xff,0xff,0xff,0xff,0xff,0xff,0xff,0xff,0xff,0xf0,  //%@@@@@@@@@@@@@@@@@@@@@@@@@@@@@@@@@@@@@@@@@@+
0xaf,0xff,0xff,0xff,0xff,0xff,0xff,0xff,0xff,0xff,0xff,0xff,0xff,0xff,0xff,0xff,0xff,0xff,0xff,0xff,0xff,0xf0,  //%@@@@@@@@@@@@@@@@@@@@@@@@@@@@@@@@@@@@@@@@@@+
0xaf,0xff,0xff,0xff,0xff,0xff,0xff,0xff,0xff,0xff,0xff,0xff,0xff,0xff,0xff,0xff,0xff,0xff,0xff,0xff,0xff,0xf0,  //%@@@@@@@@@@@@@@@@@@@@@@@@@@@@@@@@@@@@@@@@@@+
0xbf,0xff,0xff,0xff,0xff,0xff,0xff,0xff,0xff,0xff,0xff,0xff,0xff,0xff,0xff,0xff,0xff,0xff,0xff,0xff,0xff,0xf0,  //@@@@@@@@@@@@@@@@@@@@@@@@@@@@@@@@@@@@@@@@@@@+
0xbf,0xff,0xff,0xff,0xff,0xff,0xff,0xff,0xff,0xff,0xff,0xff,0xff,0xff,0xff,0xff,0xff,0xff,0xff,0xff,0xff,0xf0,  //@@@@@@@@@@@@@@@@@@@@@@@@@@@@@@@@@@@@@@@@@@@+
0xbf,0xff,0xff,0xff,0xff,0xff,0xff,0xff,0xff,0xff,0xff,0xff,0xff,0xff,0xff,0xff,0xff,0xff,0xff,0xff,0xff,0xf0,  //@@@@@@@@@@@@@@@@@@@@@@@@@@@@@@@@@@@@@@@@@@@+
0xbf,0xff,0xff,0xff,0xff,0xff,0xff,0xff,0xff,0xff,0xff,0xff,0xff,0xff,0xff,0xff,0xff,0xff,0xff,0xff,0xff,0xf0,  //@@@@@@@@@@@@@@@@@@@@@@@@@@@@@@@@@@@@@@@@@@@+


/* 3 */
0x00,0x00,0x00,0x00,0x00,0x04,0x79,0xbc,0xee,0xee,0xdc,0xa8,0x51,0x00,0x00,0x00,0x00,0x00,0x00,0x00,0x00,  //..........+**%@@@@@@@@%%*+...............
0x00,0x00,0x00,0x01,0x6b,0xef,0xff,0xff,0xff,0xff,0xff,0xff,0xff,0xc6,0x10,0x00,0x00,0x00,0x00,0x00,0x00,  //.......+*@@@@@@@@@@@@@@@@@@*+............
0x00,0x00,0x03,0xae,0xff,0xff,0xff,0xff,0xff,0xff,0xff,0xff,0xff,0xff,0xe8,0x00,0x00,0x00,0x00,0x00,0x00,  //.....*%@@@@@@@@@@@@@@@@@@@@@@%+..........
0x00,0x03,0xbf,0xff,0xff,0xff,0xff,0xff,0xff,0xff,0xff,0xff,0xff,0xff,0xff,0xd4,0x00,0x00,0x00,0x00,0x00,  //...+@@@@@@@@@@@@@@@@@@@@@@@@@@@*.........
0x00,0x1e,0xff,0xff,0xff,0xff,0xff,0xff,0xff,0xff,0xff,0xff,0xff,0xff,0xff,0xfe,0x70,0x00,0x00,0x00,0x00,  //..+@@@@@@@@@@@@@@@@@@@@@@@@@@@@@*........
0x00,0x1f,0xff,0xff,0xff,0xff,0xff,0xff,0xff,0xff,0xff,0xff,0xff,0xff,0xff,0xff,0xf8,0x00,0x00,0x00,0x00,  //..+@@@@@@@@@@@@@@@@@@@@@@@@@@@@@@%.......
0x00,0x1f,0xff,0xff,0xff,0xff,0xff,0xff,0xff,0xff,0xff,0xff,0xff,0xff,0xff,0xff,0xff,0x60,0x00,0x00,0x00,  //..+@@@@@@@@@@@@@@@@@@@@@@@@@@@@@@@*......
0x00,0x1f,0xff,0xff,0xff,0xeb,0x85,0x33,0x23,0x45,0x8b,0xef,0xff,0xff,0xff,0xff,0xff,0xe3,0x00,0x00,0x00,  //..+@@@@@@@@@%**+++**%@@@@@@@@@@@@@@+.....
0x00,0x1f,0xff,0xff,0xc6,0x10,0x00,0x00,0x00,0x00,0x00,0x17,0xdf,0xff,0xff,0xff,0xff,0xfc,0x00,0x00,0x00,  //..+@@@@@@*+...........+*@@@@@@@@@@@@+....
0x00,0x1f,0xff,0xc4,0x00,0x00,0x00,0x00,0x00,0x00,0x00,0x00,0x1a,0xff,0xff,0xff,0xff,0xff,0x50,0x00,0x00,  //..+@@@@*................+%@@@@@@@@@@*....
0x00,0x1f,0xe6,0x00,0x00,0x00,0x00,0x00,0x00,0x00,0x00,0x00,0x00,0x9f,0xff,0xff,0xff,0xff,0xb0,0x00,0x00,  //..+@@*+..................+%@@@@@@@@@@....
0x00,0x1b,0x10,0x00,0x00,0x00,0x00,0x00,0x00,0x00,0x00,0x00,0x00,0x0c,0xff,0xff,0xff,0xff,0xf1,0x00,0x00,  //..+@+.....................+@@@@@@@@@@+...
0x00,0x00,0x00,0x00,0x00,0x00,0x00,0x00,0x00,0x00,0x00,0x00,0x00,0x04,0xff,0xff,0xff,0xff,0xf5,0x00,0x00,  //..++.......................*@@@@@@@@@*...
0x00,0x00,0x00,0x00,0x00,0x00,0x00,0x00,0x00,0x00,0x00,0x00,0x00,0x00,0xcf,0xff,0xff,0xff,0xf8,0x00,0x00,  //............................@@@@@@@@@%...
0x00,0x00,0x00,0x00,0x00,0x00,0x00,0x00,0x00,0x00,0x00,0x00,0x00,0x00,0x8f,0xff,0xff,0xff,0xfa,0x00,0x00,  //............................%@@@@@@@@%...
0x00,0x00,0x00,0x00,0x00,0x00,0x00,0x00,0x00,0x00,0x00,0x00,0x00,0x00,0x4f,0xff,0xff,0xff,0xfb,0x00,0x00,  //............................*@@@@@@@@%...
0x00,0x00,0x00,0x00,0x00,0x00,0x00,0x00,0x00,0x00,0x00,0x00,0x00,0x00,0x2f,0xff,0xff,0xff,0xfb,0x00,0x00,  //............................+@@@@@@@@%...
0x00,0x00,0x00,0x00,0x00,0x00,0x00,0x00,0x00,0x00,0x00,0x00,0x00,0x00,0x1f,0xff,0xff,0xff,0xfa,0x00,0x00,  //............................+@@@@@@@@%...
0x00,0x00,0x00,0x00,0x00,0x00,0x00,0x00,0x00,0x00,0x00,0x00,0x00,0x00,0x1f,0xff,0xff,0xff,0xf9,0x00,0x00,  //............................+@@@@@@@@%...
0x00,0x00,0x00,0x00,0x00,0x00,0x00,0x00,0x00,0x00,0x00,0x00,0x00,0x00,0x2f,0xff,0xff,0xff,0xf7,0x00,0x00,  //............................+@@@@@@@@*...
0x00,0x00,0x00,0x00,0x00,0x00,0x00,0x00,0x00,0x00,0x00,0x00,0x00,0x00,0x3f,0xff,0xff,0xff,0xf4,0x00,0x00,  //............................*@@@@@@@@*...
0x00,0x00,0x00,0x00,0x00,0x00,0x00,0x00,0x00,0x00,0x00,0x00,0x00,0x00,0x7f,0xff,0xff,0xff,0xe0,0x00,0x00,  //............................*@@@@@@@@+...
0x00,0x00,0x00,0x00,0x00,0x00,0x00,0x00,0x00,0x00,0x00,0x00,0x00,0x00,0xbf,0xff,0xff,0xff,0xb0,0x00,0x00,  //............................@@@@@@@@%....
0x00,0x00,0x00,0x00,0x00,0x00,0x00,0x00,0x00,0x00,0x00,0x00,0x00,0x02,0xff,0xff,0xff,0xff,0x40,0x00,0x00,  //...........................+@@@@@@@@*....
0x00,0x00,0x00,0x00,0x00,0x00,0x00,0x00,0x00,0x00,0x00,0x00,0x00,0x0b,0xff,0xff,0xff,0xfd,0x00,0x00,0x00,  //..........................+@@@@@@@@@+....
0x00,0x00,0x00,0x00,0x00,0x00,0x00,0x00,0x00,0x00,0x00,0x00,0x00,0x7f,0xff,0xff,0xff,0xf4,0x00,0x00,0x00,  //..........................%@@@@@@@@*.....
0x00,0x00,0x00,0x00,0x00,0x00,0x00,0x00,0x00,0x00,0x00,0x00,0x07,0xff,0xff,0xff,0xff,0x90,0x00,0x00,0x00,  //........................+%@@@@@@@@%......
0x00,0x00,0x00,0x00,0x00,0x00,0x00,0x00,0x00,0x00,0x00,0x02,0xbf,0xff,0xff,0xff,0xfb,0x00,0x00,0x00,0x00,  //.......................+%@@@@@@@@@+......
0x00,0x00,0x00,0x00,0x00,0x00,0x00,0x00,0x00,0x00,0x04,0xae,0xff,0xff,0xff,0xff,0xb0,0x00,0x00,0x00,0x00,  //....................+*%@@@@@@@@@@+.......
0x00,0x00,0x00,0x00,0x00,0x00,0x00,0x01,0x34,0x7a,0xef,0xff,0xff,0xff,0xff,0xe8,0x00,0x00,0x00,0x00,0x00,  //.............++++**%@@@@@@@@@@@%+........
0x00,0x00,0x00,0x0c,0xff,0xff,0xff,0xff,0xff,0xff,0xff,0xff,0xff,0xff,0xfc,0x40,0x00,0x00,0x00,0x00,0x00,  //.......@@@@@@@@@@@@@@@@@@@@@@@*..........
0x00,0x00,0x00,0x0c,0xff,0xff,0xff,0xff,0xff,0xff,0xff,0xff,0xff,0xfc,0x50,0x00,0x00,0x00,0x00,0x00,0x00,  //.......@@@@@@@@@@@@@@@@@@@@@*+...........
0x00,0x00,0x00,0x0c,0xff,0xff,0xff,0xff,0xff,0xff,0xff,0xff,0xd8,0x30,0x00,0x00,0x00,0x00,0x00,0x00,0x00,  //.......@@@@@@@@@@@@@@@@@@%++.............
0x00,0x00,0x00,0x0c,0xff,0xff,0xff,0xff,0xff,0xff,0xff,0xff,0xb8,0x52,0x00,0x00,0x00,0x00,0x00,0x00,0x00,  //.......@@@@@@@@@@@@@@@@@@%*+.............
0x00,0x00,0x00,0x0c,0xff,0xff,0xff,0xff,0xff,0xff,0xff,0xff,0xff,0xff,0xd7,0x20,0x00,0x00,0x00,0x00,0x00,  //.......@@@@@@@@@@@@@@@@@@@@@@%+..........
0x00,0x00,0x00,0x0c,0xff,0xff,0xff,0xff,0xff,0xff,0xff,0xff,0xff,0xff,0xff,0xfa,0x10,0x00,0x00,0x00,0x00,  //.......@@@@@@@@@@@@@@@@@@@@@@@@%+........
0x00,0x00,0x00,0x0c,0xff,0xff,0xff,0xff,0xff,0xff,0xff,0xff,0xff,0xff,0xff,0xff,0xe7,0x00,0x00,0x00,0x00,  //.......@@@@@@@@@@@@@@@@@@@@@@@@@@*+......
0x00,0x00,0x00,0x01,0x11,0x11,0x12,0x23,0x45,0x79,0xcf,0xff,0xff,0xff,0xff,0xff,0xff,0xa0,0x00,0x00,0x00,  //.......+++++++++**%%@@@@@@@@@@@@@@%+.....
0x00,0x00,0x00,0x00,0x00,0x00,0x00,0x00,0x00,0x00,0x01,0x5b,0xef,0xff,0xff,0xff,0xff,0xfb,0x00,0x00,0x00,  //.....................+*%@@@@@@@@@@@@+....
0x00,0x00,0x00,0x00,0x00,0x00,0x00,0x00,0x00,0x00,0x00,0x00,0x29,0xff,0xff,0xff,0xff,0xff,0xa0,0x00,0x00,  //........................+%@@@@@@@@@@%+...
0x00,0x00,0x00,0x00,0x00,0x00,0x00,0x00,0x00,0x00,0x00,0x00,0x00,0x4d,0xff,0xff,0xff,0xff,0xf7,0x00,0x00,  //..........................*@@@@@@@@@@*...
0x00,0x00,0x00,0x00,0x00,0x00,0x00,0x00,0x00,0x00,0x00,0x00,0x00,0x01,0xdf,0xff,0xff,0xff,0xfe,0x10,0x00,  //...........................+@@@@@@@@@@+..
0x00,0x00,0x00,0x00,0x00,0x00,0x00,0x00,0x00,0x00,0x00,0x00,0x00,0x00,0x2e,0xff,0xff,0xff,0xff,0x90,0x00,  //............................+@@@@@@@@@%..
0x00,0x00,0x00,0x00,0x00,0x00,0x00,0x00,0x00,0x00,0x00,0x00,0x00,0x00,0x05,0xff,0xff,0xff,0xff,0xe1,0x00,  //.............................*@@@@@@@@@+.
0x00,0x00,0x00,0x00,0x00,0x00,0x00,0x00,0x00,0x00,0x00,0x00,0x00,0x00,0x00,0xcf,0xff,0xff,0xff,0xf5,0x00,  //.............................+@@@@@@@@@*.
0x00,0x00,0x00,0x00,0x00,0x00,0x00,0x00,0x00,0x00,0x00,0x00,0x00,0x00,0x00,0x6f,0xff,0xff,0xff,0xf9,0x00,  //..............................*@@@@@@@@%.
0x00,0x00,0x00,0x00,0x00,0x00,0x00,0x00,0x00,0x00,0x00,0x00,0x00,0x00,0x00,0x1f,0xff,0xff,0xff,0xfc,0x00,  //..............................+@@@@@@@@@.
0x00,0x00,0x00,0x00,0x00,0x00,0x00,0x00,0x00,0x00,0x00,0x00,0x00,0x00,0x00,0x0d,0xff,0xff,0xff,0xfe,0x00,  //...............................@@@@@@@@@+
0x00,0x00,0x00,0x00,0x00,0x00,0x00,0x00,0x00,0x00,0x00,0x00,0x00,0x00,0x00,0x0b,0xff,0xff,0xff,0xff,0x00,  //...............................@@@@@@@@@+
0x00,0x00,0x00,0x00,0x00,0x00,0x00,0x00,0x00,0x00,0x00,0x00,0x00,0x00,0x00,0x0a,0xff,0xff,0xff,0xff,0x10,  //...............................%@@@@@@@@+
0x00,0x00,0x00,0x00,0x00,0x00,0x00,0x00,0x00,0x00,0x00,0x00,0x00,0x00,0x00,0x0a,0xff,0xff,0xff,0xff,0x00,  //...............................%@@@@@@@@+
0x00,0x00,0x00,0x00,0x00,0x00,0x00,0x00,0x00,0x00,0x00,0x00,0x00,0x00,0x00,0x0b,0xff,0xff,0xff,0xfe,0x00,  //...............................@@@@@@@@@+
0x00,0x00,0x00,0x00,0x00,0x00,0x00,0x00,0x00,0x00,0x00,0x00,0x00,0x00,0x00,0x0d,0xff,0xff,0xff,0xfd,0x00,  //...............................@@@@@@@@@.
0x00,0x00,0x00,0x00,0x00,0x00,0x00,0x00,0x00,0x00,0x00,0x00,0x00,0x00,0x00,0x1f,0xff,0xff,0xff,0xfb,0x00,  //..............................+@@@@@@@@%.
0x00,0x00,0x00,0x00,0x00,0x00,0x00,0x00,0x00,0x00,0x00,0x00,0x00,0x00,0x00,0x6f,0xff,0xff,0xff,0xf7,0x00,  //..............................*@@@@@@@@%.
0x00,0x00,0x00,0x00,0x00,0x00,0x00,0x00,0x00,0x00,0x00,0x00,0x00,0x00,0x00,0xcf,0xff,0xff,0xff,0xf3,0x00,  //..............................@@@@@@@@@*.
0x00,0x00,0x00,0x00,0x00,0x00,0x00,0x00,0x00,0x00,0x00,0x00,0x00,0x00,0x04,0xff,0xff,0xff,0xff,0xd0,0x00,  //+............................*@@@@@@@@@+.
0x94,0x00,0x00,0x00,0x00,0x00,0x00,0x00,0x00,0x00,0x00,0x00,0x00,0x00,0x1d,0xff,0xff,0xff,0xff,0x80,0x00,  //%*..........................+@@@@@@@@@%..
0xae,0x70,0x00,0x00,0x00,0x00,0x00,0x00,0x00,0x00,0x00,0x00,0x00,0x00,0xbf,0xff,0xff,0xff,0xfe,0x10,0x00,  //%@%+.......................+@@@@@@@@@@+..
0xaf,0xfc,0x30,0x00,0x00,0x00,0x00,0x00,0x00,0x00,0x00,0x00,0x00,0x2c,0xff,0xff,0xff,0xff,0xf8,0x00,0x00,  //%@@@+.....................+@@@@@@@@@@%...
0xaf,0xff,0xfa,0x20,0x00,0x00,0x00,0x00,0x00,0x00,0x00,0x00,0x06,0xef,0xff,0xff,0xff,0xff,0xd0,0x00,0x00,  //%@@@@%+.................+*@@@@@@@@@@@+...
0xaf,0xff,0xff,0xfb,0x51,0x00,0x00,0x00,0x00,0x00,0x00,0x17,0xdf,0xff,0xff,0xff,0xff,0xfe,0x30,0x00,0x00,  //%@@@@@@@*+............+*@@@@@@@@@@@@+....
0xaf,0xff,0xff,0xff,0xfe,0xc8,0x64,0x22,0x23,0x45,0x8c,0xef,0xff,0xff,0xff,0xff,0xff,0xe5,0x00,0x00,0x00,  //%@@@@@@@@@@%**++++**%@@@@@@@@@@@@@@*.....
0xaf,0xff,0xff,0xff,0xff,0xff,0xff,0xff,0xff,0xff,0xff,0xff,0xff,0xff,0xff,0xff,0xfe,0x50,0x00,0x00,0x00,  //%@@@@@@@@@@@@@@@@@@@@@@@@@@@@@@@@@*......
0xaf,0xff,0xff,0xff,0xff,0xff,0xff,0xff,0xff,0xff,0xff,0xff,0xff,0xff,0xff,0xff,0xe4,0x00,0x00,0x00,0x00,  //%@@@@@@@@@@@@@@@@@@@@@@@@@@@@@@@@*.......
0x9f,0xff,0xff,0xff,0xff,0xff,0xff,0xff,0xff,0xff,0xff,0xff,0xff,0xff,0xff,0xfc,0x20,0x00,0x00,0x00,0x00,  //%@@@@@@@@@@@@@@@@@@@@@@@@@@@@@@@+........
0x07,0xef,0xff,0xff,0xff,0xff,0xff,0xff,0xff,0xff,0xff,0xff,0xff,0xff,0xfe,0x60,0x00,0x00,0x00,0x00,0x00,  //+*@@@@@@@@@@@@@@@@@@@@@@@@@@@@*+.........
0x00,0x18,0xef,0xff,0xff,0xff,0xff,0xff,0xff,0xff,0xff,0xff,0xff,0xfd,0x71,0x00,0x00,0x00,0x00,0x00,0x00,  //..+%@@@@@@@@@@@@@@@@@@@@@@@@%+...........
0x00,0x00,0x05,0xae,0xff,0xff,0xff,0xff,0xff,0xff,0xff,0xff,0xd9,0x40,0x00,0x00,0x00,0x00,0x00,0x00,0x00,  //....+*%@@@@@@@@@@@@@@@@@@%*+.............
0x00,0x00,0x00,0x00,0x36,0x9b,0xcd,0xee,0xee,0xdc,0xa8,0x53,0x00,0x00,0x00,0x00,0x00,0x00,0x00,0x00,0x00,  //.......++*%%@@@@@@@@%%*++................


/* 4 */
0x00,0x00,0x00,0x00,0x00,0x00,0x00,0x00,0x00,0x00,0x00,0x00,0x00,0x00,0x00,0x04,0xff,0xff,0xff,0xff,0xd0,0x00,0x00,0x00,0x00,0x00,  //...............................*@@@@@@@@@...........
0x00,0x00,0x00,0x00,0x00,0x00,0x00,0x00,0x00,0x00,0x00,0x00,0x00,0x00,0x00,0x0c,0xff,0xff,0xff,0xff,0xd0,0x00,0x00,0x00,0x00,0x00,  //..............................+@@@@@@@@@@...........
0x00,0x00,0x00,0x00,0x00,0x00,0x00,0x00,0x00,0x00,0x00,0x00,0x00,0x00,0x00,0x5f,0xff,0xff,0xff,0xff,0xd0,0x00,0x00,0x00,0x00,0x00,  //..............................*@@@@@@@@@@...........
0x00,0x00,0x00,0x00,0x00,0x00,0x00,0x00,0x00,0x00,0x00,0x00,0x00,0x00,0x00,0xdf,0xff,0xff,0xff,0xff,0xd0,0x00,0x00,0x00,0x00,0x00,  //.............................+@@@@@@@@@@@...........
0x00,0x00,0x00,0x00,0x00,0x00,0x00,0x00,0x00,0x00,0x00,0x00,0x00,0x00,0x06,0xff,0xff,0xff,0xff,0xff,0xd0,0x00,0x00,0x00,0x00,0x00,  //.............................*@@@@@@@@@@@...........
0x00,0x00,0x00,0x00,0x00,0x00,0x00,0x00,0x00,0x00,0x00,0x00,0x00,0x00,0x0d,0xff,0xff,0xff,0xff,0xff,0xd0,0x00,0x00,0x00,0x00,0x00,  //............................+@@@@@@@@@@@@...........
0x00,0x00,0x00,0x00,0x00,0x00,0x00,0x00,0x00,0x00,0x00,0x00,0x00,0x00,0x8f,0xff,0xff,0xff,0xff,0xff,0xd0,0x00,0x00,0x00,0x00,0x00,  //............................%@@@@@@@@@@@@...........
0x00,0x00,0x00,0x00,0x00,0x00,0x00,0x00,0x00,0x00,0x00,0x00,0x00,0x02,0xef,0xff,0xff,0xff,0xff,0xff,0xd0,0x00,0x00,0x00,0x00,0x00,  //...........................+@@@@@@@@@@@@@...........
0x00,0x00,0x00,0x00,0x00,0x00,0x00,0x00,0x00,0x00,0x00,0x00,0x00,0x0b,0xff,0xff,0xff,0xff,0xff,0xff,0xd0,0x00,0x00,0x00,0x00,0x00,  //...........................%@@@@@@@@@@@@@...........
0x00,0x00,0x00,0x00,0x00,0x00,0x00,0x00,0x00,0x00,0x00,0x00,0x00,0x4f,0xff,0xff,0xff,0xff,0xff,0xff,0xd0,0x00,0x00,0x00,0x00,0x00,  //..........................*@@@@@@@@@@@@@@...........
0x00,0x00,0x00,0x00,0x00,0x00,0x00,0x00,0x00,0x00,0x00,0x00,0x00,0xdf,0xff,0xff,0xff,0xff,0xff,0xff,0xd0,0x00,0x00,0x00,0x00,0x00,  //.........................+@@@@@@@@@@@@@@@...........
0x00,0x00,0x00,0x00,0x00,0x00,0x00,0x00,0x00,0x00,0x00,0x00,0x07,0xff,0xff,0xff,0xff,0xff,0xff,0xff,0xd0,0x00,0x00,0x00,0x00,0x00,  //.........................*@@@@@@@@@@@@@@@...........
0x00,0x00,0x00,0x00,0x00,0x00,0x00,0x00,0x00,0x00,0x00,0x00,0x2e,0xff,0xff,0xff,0xef,0xff,0xff,0xff,0xd0,0x00,0x00,0x00,0x00,0x00,  //........................+@@@@@@@@@@@@@@@@...........
0x00,0x00,0x00,0x00,0x00,0x00,0x00,0x00,0x00,0x00,0x00,0x00,0xbf,0xff,0xff,0xfd,0x8f,0xff,0xff,0xff,0xd0,0x00,0x00,0x00,0x00,0x00,  //........................%@@@@@@@%@@@@@@@@...........
0x00,0x00,0x00,0x00,0x00,0x00,0x00,0x00,0x00,0x00,0x00,0x05,0xff,0xff,0xff,0xf5,0x7f,0xff,0xff,0xff,0xd0,0x00,0x00,0x00,0x00,0x00,  //.......................*@@@@@@@**@@@@@@@@...........
0x00,0x00,0x00,0x00,0x00,0x00,0x00,0x00,0x00,0x00,0x00,0x1d,0xff,0xff,0xff,0xb0,0x7f,0xff,0xff,0xff,0xd0,0x00,0x00,0x00,0x00,0x00,  //......................+@@@@@@@@+*@@@@@@@@...........
0x00,0x00,0x00,0x00,0x00,0x00,0x00,0x00,0x00,0x00,0x00,0x9f,0xff,0xff,0xfe,0x30,0x7f,0xff,0xff,0xff,0xd0,0x00,0x00,0x00,0x00,0x00,  //......................%@@@@@@@+.*@@@@@@@@...........
0x00,0x00,0x00,0x00,0x00,0x00,0x00,0x00,0x00,0x00,0x03,0xff,0xff,0xff,0xf9,0x00,0x7f,0xff,0xff,0xff,0xd0,0x00,0x00,0x00,0x00,0x00,  //.....................*@@@@@@@%..*@@@@@@@@...........
0x00,0x00,0x00,0x00,0x00,0x00,0x00,0x00,0x00,0x00,0x0d,0xff,0xff,0xff,0xe1,0x00,0x7f,0xff,0xff,0xff,0xd0,0x00,0x00,0x00,0x00,0x00,  //....................+@@@@@@@@+..*@@@@@@@@...........
0x00,0x00,0x00,0x00,0x00,0x00,0x00,0x00,0x00,0x00,0x8f,0xff,0xff,0xff,0x60,0x00,0x7f,0xff,0xff,0xff,0xd0,0x00,0x00,0x00,0x00,0x00,  //....................%@@@@@@@*...*@@@@@@@@...........
0x00,0x00,0x00,0x00,0x00,0x00,0x00,0x00,0x00,0x03,0xef,0xff,0xff,0xfc,0x00,0x00,0x7f,0xff,0xff,0xff,0xd0,0x00,0x00,0x00,0x00,0x00,  //...................*@@@@@@@@+...*@@@@@@@@...........
0x00,0x00,0x00,0x00,0x00,0x00,0x00,0x00,0x00,0x0d,0xff,0xff,0xff,0xe3,0x00,0x00,0x7f,0xff,0xff,0xff,0xd0,0x00,0x00,0x00,0x00,0x00,  //..................+@@@@@@@@+....*@@@@@@@@...........
0x00,0x00,0x00,0x00,0x00,0x00,0x00,0x00,0x00,0x9f,0xff,0xff,0xff,0x80,0x00,0x00,0x7f,0xff,0xff,0xff,0xd0,0x00,0x00,0x00,0x00,0x00,  //..................%@@@@@@@%.....*@@@@@@@@...........
0x00,0x00,0x00,0x00,0x00,0x00,0x00,0x00,0x04,0xff,0xff,0xff,0xfd,0x00,0x00,0x00,0x7f,0xff,0xff,0xff,0xd0,0x00,0x00,0x00,0x00,0x00,  //.................*@@@@@@@@+.....*@@@@@@@@...........
0x00,0x00,0x00,0x00,0x00,0x00,0x00,0x00,0x1d,0xff,0xff,0xff,0xf4,0x00,0x00,0x00,0x7f,0xff,0xff,0xff,0xd0,0x00,0x00,0x00,0x00,0x00,  //................+@@@@@@@@*......*@@@@@@@@...........
0x00,0x00,0x00,0x00,0x00,0x00,0x00,0x00,0xaf,0xff,0xff,0xff,0x90,0x00,0x00,0x00,0x7f,0xff,0xff,0xff,0xd0,0x00,0x00,0x00,0x00,0x00,  //................%@@@@@@@%.......*@@@@@@@@...........
0x00,0x00,0x00,0x00,0x00,0x00,0x00,0x05,0xff,0xff,0xff,0xfd,0x10,0x00,0x00,0x00,0x7f,0xff,0xff,0xff,0xd0,0x00,0x00,0x00,0x00,0x00,  //...............*@@@@@@@@+.......*@@@@@@@@...........
0x00,0x00,0x00,0x00,0x00,0x00,0x00,0x2e,0xff,0xff,0xff,0xf5,0x00,0x00,0x00,0x00,0x7f,0xff,0xff,0xff,0xd0,0x00,0x00,0x00,0x00,0x00,  //..............+@@@@@@@@*........*@@@@@@@@...........
0x00,0x00,0x00,0x00,0x00,0x00,0x00,0xbf,0xff,0xff,0xff,0xa0,0x00,0x00,0x00,0x00,0x7f,0xff,0xff,0xff,0xd0,0x00,0x00,0x00,0x00,0x00,  //.............+@@@@@@@@%.........*@@@@@@@@...........
0x00,0x00,0x00,0x00,0x00,0x00,0x07,0xff,0xff,0xff,0xfd,0x10,0x00,0x00,0x00,0x00,0x7f,0xff,0xff,0xff,0xd0,0x00,0x00,0x00,0x00,0x00,  //.............%@@@@@@@@+.........*@@@@@@@@...........
0x00,0x00,0x00,0x00,0x00,0x00,0x4e,0xff,0xff,0xff,0xf4,0x00,0x00,0x00,0x00,0x00,0x7f,0xff,0xff,0xff,0xd0,0x00,0x00,0x00,0x00,0x00,  //............*@@@@@@@@*..........*@@@@@@@@...........
0x00,0x00,0x00,0x00,0x00,0x01,0xdf,0xff,0xff,0xff,0x90,0x00,0x00,0x00,0x00,0x00,0x7f,0xff,0xff,0xff,0xd0,0x00,0x00,0x00,0x00,0x00,  //...........+@@@@@@@@%...........*@@@@@@@@...........
0x00,0x00,0x00,0x00,0x00,0x0b,0xff,0xff,0xff,0xfd,0x00,0x00,0x00,0x00,0x00,0x00,0x7f,0xff,0xff,0xff,0xd0,0x00,0x00,0x00,0x00,0x00,  //..........+@@@@@@@@@+...........*@@@@@@@@...........
0x00,0x00,0x00,0x00,0x00,0x7f,0xff,0xff,0xff,0xe3,0x00,0x00,0x00,0x00,0x00,0x00,0x7f,0xff,0xff,0xff,0xd0,0x00,0x00,0x00,0x00,0x00,  //..........%@@@@@@@@+............*@@@@@@@@...........
0x00,0x00,0x00,0x00,0x04,0xef,0xff,0xff,0xff,0x70,0x00,0x00,0x00,0x00,0x00,0x00,0x7f,0xff,0xff,0xff,0xd0,0x00,0x00,0x00,0x00,0x00,  //.........*@@@@@@@@*.............*@@@@@@@@...........
0x00,0x00,0x00,0x00,0x1d,0xff,0xff,0xff,0xfb,0x00,0x00,0x00,0x00,0x00,0x00,0x00,0x7f,0xff,0xff,0xff,0xd0,0x00,0x00,0x00,0x00,0x00,  //........+@@@@@@@@%+.............*@@@@@@@@...........
0x00,0x00,0x00,0x00,0xcf,0xff,0xff,0xff,0xd1,0x00,0x00,0x00,0x00,0x00,0x00,0x00,0x7f,0xff,0xff,0xff,0xd0,0x00,0x00,0x00,0x00,0x00,  //.......+@@@@@@@@@+..............*@@@@@@@@...........
0x00,0x00,0x00,0x09,0xff,0xff,0xff,0xfe,0x30,0x00,0x00,0x00,0x00,0x00,0x00,0x00,0x7f,0xff,0xff,0xff,0xd0,0x00,0x00,0x00,0x00,0x00,  //.......%@@@@@@@@*...............*@@@@@@@@...........
0x00,0x00,0x00,0x6f,0xff,0xff,0xff,0xf7,0x00,0x00,0x00,0x00,0x00,0x00,0x00,0x00,0x7f,0xff,0xff,0xff,0xd0,0x00,0x00,0x00,0x00,0x00,  //......*@@@@@@@@*................*@@@@@@@@...........
0x00,0x00,0x04,0xef,0xff,0xff,0xff,0xa0,0x00,0x00,0x00,0x00,0x00,0x00,0x00,0x00,0x7f,0xff,0xff,0xff,0xd0,0x00,0x00,0x00,0x00,0x00,  //.....*@@@@@@@@%+................*@@@@@@@@...........
0x00,0x00,0x2d,0xff,0xff,0xff,0xfd,0x10,0x00,0x00,0x00,0x00,0x00,0x00,0x00,0x00,0x7f,0xff,0xff,0xff,0xd0,0x00,0x00,0x00,0x00,0x00,  //....+@@@@@@@@@+.................*@@@@@@@@...........
0x00,0x01,0xcf,0xff,0xff,0xff,0xe3,0x00,0x00,0x00,0x00,0x00,0x00,0x00,0x00,0x00,0x7f,0xff,0xff,0xff,0xd0,0x00,0x00,0x00,0x00,0x00,  //...+@@@@@@@@@+..................*@@@@@@@@...........
0x00,0x0b,0xff,0xff,0xff,0xff,0x50,0x00,0x00,0x00,0x00,0x00,0x00,0x00,0x00,0x00,0x7f,0xff,0xff,0xff,0xd0,0x00,0x00,0x00,0x00,0x00,  //..+%@@@@@@@@*...................*@@@@@@@@...........
0x00,0x9f,0xff,0xff,0xff,0xf9,0x00,0x00,0x00,0x00,0x00,0x00,0x00,0x00,0x00,0x00,0x7f,0xff,0xff,0xff,0xd0,0x00,0x00,0x00,0x00,0x00,  //..%@@@@@@@@%....................*@@@@@@@@...........
0x07,0xff,0xff,0xff,0xff,0xb0,0x00,0x00,0x00,0x00,0x00,0x00,0x00,0x00,0x00,0x00,0x7f,0xff,0xff,0xff,0xd0,0x00,0x00,0x00,0x00,0x00,  //.*@@@@@@@@@+....................*@@@@@@@@...........
0x2e,0xff,0xff,0xff,0xff,0xff,0xff,0xff,0xff,0xff,0xff,0xff,0xff,0xff,0xff,0xff,0xff,0xff,0xff,0xff,0xff,0xff,0xff,0xff,0xff,0xf0,  //+@@@@@@@@@@@@@@@@@@@@@@@@@@@@@@@@@@@@@@@@@@@@@@@@@@+
0x3f,0xff,0xff,0xff,0xff,0xff,0xff,0xff,0xff,0xff,0xff,0xff,0xff,0xff,0xff,0xff,0xff,0xff,0xff,0xff,0xff,0xff,0xff,0xff,0xff,0xf0,  //*@@@@@@@@@@@@@@@@@@@@@@@@@@@@@@@@@@@@@@@@@@@@@@@@@@+
0x3f,0xff,0xff,0xff,0xff,0xff,0xff,0xff,0xff,0xff,0xff,0xff,0xff,0xff,0xff,0xff,0xff,0xff,0xff,0xff,0xff,0xff,0xff,0xff,0xff,0xf0,  //*@@@@@@@@@@@@@@@@@@@@@@@@@@@@@@@@@@@@@@@@@@@@@@@@@@+
0x3f,0xff,0xff,0xff,0xff,0xff,0xff,0xff,0xff,0xff,0xff,0xff,0xff,0xff,0xff,0xff,0xff,0xff,0xff,0xff,0xff,0xff,0xff,0xff,0xff,0xf0,  //*@@@@@@@@@@@@@@@@@@@@@@@@@@@@@@@@@@@@@@@@@@@@@@@@@@+
0x3f,0xff,0xff,0xff,0xff,0xff,0xff,0xff,0xff,0xff,0xff,0xff,0xff,0xff,0xff,0xff,0xff,0xff,0xff,0xff,0xff,0xff,0xff,0xff,0xff,0xf0,  //*@@@@@@@@@@@@@@@@@@@@@@@@@@@@@@@@@@@@@@@@@@@@@@@@@@+
0x3f,0xff,0xff,0xff,0xff,0xff,0xff,0xff,0xff,0xff,0xff,0xff,0xff,0xff,0xff,0xff,0xff,0xff,0xff,0xff,0xff,0xff,0xff,0xff,0xff,0xf0,  //*@@@@@@@@@@@@@@@@@@@@@@@@@@@@@@@@@@@@@@@@@@@@@@@@@@+
0x3f,0xff,0xff,0xff,0xff,0xff,0xff,0xff,0xff,0xff,0xff,0xff,0xff,0xff,0xff,0xff,0xff,0xff,0xff,0xff,0xff,0xff,0xff,0xff,0xff,0xf0,  //*@@@@@@@@@@@@@@@@@@@@@@@@@@@@@@@@@@@@@@@@@@@@@@@@@@+
0x01,0x11,0x11,0x11,0x11,0x11,0x11,0x11,0x11,0x11,0x11,0x11,0x11,0x11,0x11,0x11,0x8f,0xff,0xff,0xff,0xd1,0x11,0x11,0x11,0x11,0x10,  //++++++++++++++++++++++++++++++++%@@@@@@@@+++++++++++
0x00,0x00,0x00,0x00,0x00,0x00,0x00,0x00,0x00,0x00,0x00,0x00,0x00,0x00,0x00,0x00,0x7f,0xff,0xff,0xff,0xd0,0x00,0x00,0x00,0x00,0x00,  //................................*@@@@@@@@...........
0x00,0x00,0x00,0x00,0x00,0x00,0x00,0x00,0x00,0x00,0x00,0x00,0x00,0x00,0x00,0x00,0x7f,0xff,0xff,0xff,0xd0,0x00,0x00,0x00,0x00,0x00,  //................................*@@@@@@@@...........
0x00,0x00,0x00,0x00,0x00,0x00,0x00,0x00,0x00,0x00,0x00,0x00,0x00,0x00,0x00,0x00,0x7f,0xff,0xff,0xff,0xd0,0x00,0x00,0x00,0x00,0x00,  //................................*@@@@@@@@...........
0x00,0x00,0x00,0x00,0x00,0x00,0x00,0x00,0x00,0x00,0x00,0x00,0x00,0x00,0x00,0x00,0x7f,0xff,0xff,0xff,0xd0,0x00,0x00,0x00,0x00,0x00,  //................................*@@@@@@@@...........
0x00,0x00,0x00,0x00,0x00,0x00,0x00,0x00,0x00,0x00,0x00,0x00,0x00,0x00,0x00,0x00,0x7f,0xff,0xff,0xff,0xd0,0x00,0x00,0x00,0x00,0x00,  //................................*@@@@@@@@...........
0x00,0x00,0x00,0x00,0x00,0x00,0x00,0x00,0x00,0x00,0x00,0x00,0x00,0x00,0x00,0x00,0x7f,0xff,0xff,0xff,0xd0,0x00,0x00,0x00,0x00,0x00,  //................................*@@@@@@@@...........
0x00,0x00,0x00,0x00,0x00,0x00,0x00,0x00,0x00,0x00,0x00,0x00,0x00,0x00,0x00,0x00,0x7f,0xff,0xff,0xff,0xd0,0x00,0x00,0x00,0x00,0x00,  //................................*@@@@@@@@...........
0x00,0x00,0x00,0x00,0x00,0x00,0x00,0x00,0x00,0x00,0x00,0x00,0x00,0x00,0x00,0x00,0x7f,0xff,0xff,0xff,0xd0,0x00,0x00,0x00,0x00,0x00,  //................................*@@@@@@@@...........
0x00,0x00,0x00,0x00,0x00,0x00,0x00,0x00,0x00,0x00,0x00,0x00,0x00,0x00,0x00,0x00,0x7f,0xff,0xff,0xff,0xd0,0x00,0x00,0x00,0x00,0x00,  //................................*@@@@@@@@...........
0x00,0x00,0x00,0x00,0x00,0x00,0x00,0x00,0x00,0x00,0x00,0x00,0x00,0x00,0x00,0x00,0x7f,0xff,0xff,0xff,0xd0,0x00,0x00,0x00,0x00,0x00,  //................................*@@@@@@@@...........
0x00,0x00,0x00,0x00,0x00,0x00,0x00,0x00,0x00,0x00,0x00,0x00,0x00,0x00,0x00,0x00,0x7f,0xff,0xff,0xff,0xd0,0x00,0x00,0x00,0x00,0x00,  //................................*@@@@@@@@...........
0x00,0x00,0x00,0x00,0x00,0x00,0x00,0x00,0x00,0x00,0x00,0x00,0x00,0x00,0x00,0x00,0x7f,0xff,0xff,0xff,0xd0,0x00,0x00,0x00,0x00,0x00,  //................................*@@@@@@@@...........
0x00,0x00,0x00,0x00,0x00,0x00,0x00,0x00,0x00,0x00,0x00,0x00,0x00,0x00,0x00,0x00,0x7f,0xff,0xff,0xff,0xd0,0x00,0x00,0x00,0x00,0x00,  //................................*@@@@@@@@...........
0x00,0x00,0x00,0x00,0x00,0x00,0x00,0x00,0x00,0x00,0x00,0x00,0x00,0x00,0x00,0x00,0x7f,0xff,0xff,0xff,0xd0,0x00,0x00,0x00,0x00,0x00,  //................................*@@@@@@@@...........
0x00,0x00,0x00,0x00,0x00,0x00,0x00,0x00,0x00,0x00,0x00,0x00,0x00,0x00,0x00,0x00,0x7f,0xff,0xff,0xff,0xd0,0x00,0x00,0x00,0x00,0x00,  //................................*@@@@@@@@...........


/* 5 */
0x00,0x00,0xdf,0xff,0xff,0xff,0xff,0xff,0xff,0xff,0xff,0xff,0xff,0xff,0xff,0xff,0xff,0xfe,0x00,0x00,  //....@@@@@@@@@@@@@@@@@@@@@@@@@@@@@@@@....
0x00,0x00,0xef,0xff,0xff,0xff,0xff,0xff,0xff,0xff,0xff,0xff,0xff,0xff,0xff,0xff,0xff,0xfe,0x00,0x00,  //...+@@@@@@@@@@@@@@@@@@@@@@@@@@@@@@@@....
0x00,0x01,0xff,0xff,0xff,0xff,0xff,0xff,0xff,0xff,0xff,0xff,0xff,0xff,0xff,0xff,0xff,0xfe,0x00,0x00,  //...+@@@@@@@@@@@@@@@@@@@@@@@@@@@@@@@@....
0x00,0x02,0xff,0xff,0xff,0xff,0xff,0xff,0xff,0xff,0xff,0xff,0xff,0xff,0xff,0xff,0xff,0xfe,0x00,0x00,  //...+@@@@@@@@@@@@@@@@@@@@@@@@@@@@@@@@....
0x00,0x03,0xff,0xff,0xff,0xff,0xff,0xff,0xff,0xff,0xff,0xff,0xff,0xff,0xff,0xff,0xff,0xfe,0x00,0x00,  //...+@@@@@@@@@@@@@@@@@@@@@@@@@@@@@@@@....
0x00,0x04,0xff,0xff,0xff,0xff,0xff,0xff,0xff,0xff,0xff,0xff,0xff,0xff,0xff,0xff,0xff,0xfe,0x00,0x00,  //...*@@@@@@@@@@@@@@@@@@@@@@@@@@@@@@@@....
0x00,0x05,0xff,0xff,0xff,0xff,0xff,0xff,0xff,0xff,0xff,0xff,0xff,0xff,0xff,0xff,0xff,0xfe,0x00,0x00,  //...*@@@@@@@@@@@@@@@@@@@@@@@@@@@@@@@@....
0x00,0x06,0xff,0xff,0xff,0xfa,0x88,0x88,0x88,0x88,0x88,0x88,0x88,0x88,0x88,0x88,0x88,0x87,0x00,0x00,  //...*@@@@@@@%%%%%%%%%%%%%%%%%%%%%%%%%....
0x00,0x07,0xff,0xff,0xff,0xf4,0x00,0x00,0x00,0x00,0x00,0x00,0x00,0x00,0x00,0x00,0x00,0x00,0x00,0x00,  //...%@@@@@@@*............................
0x00,0x08,0xff,0xff,0xff,0xf3,0x00,0x00,0x00,0x00,0x00,0x00,0x00,0x00,0x00,0x00,0x00,0x00,0x00,0x00,  //...%@@@@@@@+............................
0x00,0x09,0xff,0xff,0xff,0xf2,0x00,0x00,0x00,0x00,0x00,0x00,0x00,0x00,0x00,0x00,0x00,0x00,0x00,0x00,  //...%@@@@@@@+............................
0x00,0x0a,0xff,0xff,0xff,0xf1,0x00,0x00,0x00,0x00,0x00,0x00,0x00,0x00,0x00,0x00,0x00,0x00,0x00,0x00,  //...%@@@@@@@+............................
0x00,0x0b,0xff,0xff,0xff,0xf0,0x00,0x00,0x00,0x00,0x00,0x00,0x00,0x00,0x00,0x00,0x00,0x00,0x00,0x00,  //...@@@@@@@@+............................
0x00,0x0c,0xff,0xff,0xff,0xe0,0x00,0x00,0x00,0x00,0x00,0x00,0x00,0x00,0x00,0x00,0x00,0x00,0x00,0x00,  //...@@@@@@@@.............................
0x00,0x0e,0xff,0xff,0xff,0xd0,0x00,0x00,0x00,0x00,0x00,0x00,0x00,0x00,0x00,0x00,0x00,0x00,0x00,0x00,  //...@@@@@@@@.............................
0x00,0x0e,0xff,0xff,0xff,0xc0,0x00,0x00,0x00,0x00,0x00,0x00,0x00,0x00,0x00,0x00,0x00,0x00,0x00,0x00,  //..+@@@@@@@@.............................
0x00,0x1f,0xff,0xff,0xff,0xb0,0x00,0x00,0x00,0x00,0x00,0x00,0x00,0x00,0x00,0x00,0x00,0x00,0x00,0x00,  //..+@@@@@@@%.............................
0x00,0x2f,0xff,0xff,0xff,0xa0,0x00,0x00,0x00,0x00,0x00,0x00,0x00,0x00,0x00,0x00,0x00,0x00,0x00,0x00,  //..+@@@@@@@%.............................
0x00,0x3f,0xff,0xff,0xff,0x80,0x00,0x00,0x00,0x00,0x00,0x00,0x00,0x00,0x00,0x00,0x00,0x00,0x00,0x00,  //..+@@@@@@@%.............................
0x00,0x4f,0xff,0xff,0xff,0x70,0x00,0x00,0x00,0x00,0x00,0x00,0x00,0x00,0x00,0x00,0x00,0x00,0x00,0x00,  //..*@@@@@@@%.............................
0x00,0x5f,0xff,0xff,0xff,0x60,0x00,0x00,0x00,0x00,0x00,0x00,0x00,0x00,0x00,0x00,0x00,0x00,0x00,0x00,  //..*@@@@@@@*.............................
0x00,0x6f,0xff,0xff,0xff,0x50,0x00,0x00,0x00,0x00,0x00,0x00,0x00,0x00,0x00,0x00,0x00,0x00,0x00,0x00,  //..*@@@@@@@*.............................
0x00,0x7f,0xff,0xff,0xff,0x40,0x00,0x00,0x00,0x00,0x00,0x00,0x00,0x00,0x00,0x00,0x00,0x00,0x00,0x00,  //..%@@@@@@@*.............................
0x00,0x8f,0xff,0xff,0xff,0x30,0x00,0x00,0x00,0x00,0x00,0x00,0x00,0x00,0x00,0x00,0x00,0x00,0x00,0x00,  //..%@@@@@@@+.............................
0x00,0x9f,0xff,0xff,0xff,0x20,0x00,0x00,0x00,0x00,0x00,0x00,0x00,0x00,0x00,0x00,0x00,0x00,0x00,0x00,  //..%@@@@@@@+.............................
0x00,0xaf,0xff,0xff,0xff,0x10,0x00,0x00,0x00,0x00,0x00,0x00,0x00,0x00,0x00,0x00,0x00,0x00,0x00,0x00,  //..%@@@@@@@+.............................
0x00,0xbf,0xff,0xff,0xff,0x00,0x00,0x00,0x00,0x00,0x00,0x00,0x00,0x00,0x00,0x00,0x00,0x00,0x00,0x00,  //..@@@@@@@@+.............................
0x00,0xcf,0xff,0xff,0xfe,0xbc,0xcd,0xde,0xee,0xdc,0xb9,0x63,0x00,0x00,0x00,0x00,0x00,0x00,0x00,0x00,  //..@@@@@@@@@@@@@@@@@@%%**+...............
0x00,0xef,0xff,0xff,0xff,0xff,0xff,0xff,0xff,0xff,0xff,0xff,0xeb,0x61,0x00,0x00,0x00,0x00,0x00,0x00,  //..@@@@@@@@@@@@@@@@@@@@@@@@*+............
0x00,0xef,0xff,0xff,0xff,0xff,0xff,0xff,0xff,0xff,0xff,0xff,0xff,0xfe,0x92,0x00,0x00,0x00,0x00,0x00,  //.+@@@@@@@@@@@@@@@@@@@@@@@@@@%+..........
0x01,0xff,0xff,0xff,0xff,0xff,0xff,0xff,0xff,0xff,0xff,0xff,0xff,0xff,0xfe,0x80,0x00,0x00,0x00,0x00,  //.+@@@@@@@@@@@@@@@@@@@@@@@@@@@@%+........
0x02,0xff,0xff,0xff,0xff,0xff,0xff,0xff,0xff,0xff,0xff,0xff,0xff,0xff,0xff,0xfd,0x30,0x00,0x00,0x00,  //.+@@@@@@@@@@@@@@@@@@@@@@@@@@@@@@+.......
0x03,0xff,0xff,0xff,0xff,0xff,0xff,0xff,0xff,0xff,0xff,0xff,0xff,0xff,0xff,0xff,0xe5,0x00,0x00,0x00,  //.+@@@@@@@@@@@@@@@@@@@@@@@@@@@@@@@*......
0x04,0xff,0xff,0xff,0xff,0xff,0xff,0xff,0xff,0xff,0xff,0xff,0xff,0xff,0xff,0xff,0xfe,0x50,0x00,0x00,  //.*@@@@@@@@@@@@@@@@@@@@@@@@@@@@@@@@*.....
0x05,0xdb,0xa9,0x87,0x76,0x66,0x66,0x77,0x8a,0xdf,0xff,0xff,0xff,0xff,0xff,0xff,0xff,0xe3,0x00,0x00,  //.*@@%%%%*******%%%@@@@@@@@@@@@@@@@@*....
0x00,0x00,0x00,0x00,0x00,0x00,0x00,0x00,0x00,0x01,0x49,0xef,0xff,0xff,0xff,0xff,0xff,0xfd,0x10,0x00,  //...................+*%@@@@@@@@@@@@@@+...
0x00,0x00,0x00,0x00,0x00,0x00,0x00,0x00,0x00,0x00,0x00,0x06,0xdf,0xff,0xff,0xff,0xff,0xff,0x90,0x00,  //......................+*@@@@@@@@@@@@%...
0x00,0x00,0x00,0x00,0x00,0x00,0x00,0x00,0x00,0x00,0x00,0x00,0x19,0xef,0xff,0xff,0xff,0xff,0xf3,0x00,  //........................+%@@@@@@@@@@@+..
0x00,0x00,0x00,0x00,0x00,0x00,0x00,0x00,0x00,0x00,0x00,0x00,0x00,0x5e,0xff,0xff,0xff,0xff,0xfa,0x00,  //..........................*@@@@@@@@@@%..
0x00,0x00,0x00,0x00,0x00,0x00,0x00,0x00,0x00,0x00,0x00,0x00,0x00,0x05,0xef,0xff,0xff,0xff,0xfe,0x10,  //...........................*@@@@@@@@@@+.
0x00,0x00,0x00,0x00,0x00,0x00,0x00,0x00,0x00,0x00,0x00,0x00,0x00,0x00,0x8f,0xff,0xff,0xff,0xff,0x60,  //............................%@@@@@@@@@*.
0x00,0x00,0x00,0x00,0x00,0x00,0x00,0x00,0x00,0x00,0x00,0x00,0x00,0x00,0x0d,0xff,0xff,0xff,0xff,0x90,  //............................+@@@@@@@@@%.
0x00,0x00,0x00,0x00,0x00,0x00,0x00,0x00,0x00,0x00,0x00,0x00,0x00,0x00,0x06,0xff,0xff,0xff,0xff,0xd0,  //.............................*@@@@@@@@@.
0x00,0x00,0x00,0x00,0x00,0x00,0x00,0x00,0x00,0x00,0x00,0x00,0x00,0x00,0x01,0xef,0xff,0xff,0xff,0xf0,  //.............................+@@@@@@@@@+
0x00,0x00,0x00,0x00,0x00,0x00,0x00,0x00,0x00,0x00,0x00,0x00,0x00,0x00,0x00,0xbf,0xff,0xff,0xff,0xf2,  //..............................@@@@@@@@@+
0x00,0x00,0x00,0x00,0x00,0x00,0x00,0x00,0x00,0x00,0x00,0x00,0x00,0x00,0x00,0x9f,0xff,0xff,0xff,0xf3,  //..............................%@@@@@@@@+
0x00,0x00,0x00,0x00,0x00,0x00,0x00,0x00,0x00,0x00,0x00,0x00,0x00,0x00,0x00,0x7f,0xff,0xff,0xff,0xf4,  //..............................*@@@@@@@@*
0x00,0x00,0x00,0x00,0x00,0x00,0x00,0x00,0x00,0x00,0x00,0x00,0x00,0x00,0x00,0x6f,0xff,0xff,0xff,0xf4,  //..............................*@@@@@@@@*
0x00,0x00,0x00,0x00,0x00,0x00,0x00,0x00,0x00,0x00,0x00,0x00,0x00,0x00,0x00,0x6f,0xff,0xff,0xff,0xf3,  //..............................*@@@@@@@@*
0x00,0x00,0x00,0x00,0x00,0x00,0x00,0x00,0x00,0x00,0x00,0x00,0x00,0x00,0x00,0x7f,0xff,0xff,0xff,0xf3,  //..............................%@@@@@@@@+
0x00,0x00,0x00,0x00,0x00,0x00,0x00,0x00,0x00,0x00,0x00,0x00,0x00,0x00,0x00,0x9f,0xff,0xff,0xff,0xf1,  //..............................%@@@@@@@@+
0x00,0x00,0x00,0x00,0x00,0x00,0x00,0x00,0x00,0x00,0x00,0x00,0x00,0x00,0x00,0xcf,0xff,0xff,0xff,0xe0,  //..............................@@@@@@@@@.
0x00,0x00,0x00,0x00,0x00,0x00,0x00,0x00,0x00,0x00,0x00,0x00,0x00,0x00,0x02,0xff,0xff,0xff,0xff,0xb0,  //.............................+@@@@@@@@%.
0x00,0x00,0x00,0x00,0x00,0x00,0x00,0x00,0x00,0x00,0x00,0x00,0x00,0x00,0x07,0xff,0xff,0xff,0xff,0x70,  //.............................%@@@@@@@@*.
0x00,0x00,0x00,0x00,0x00,0x00,0x00,0x00,0x00,0x00,0x00,0x00,0x00,0x00,0x0e,0xff,0xff,0xff,0xff,0x20,  //............................+@@@@@@@@@+.
0x00,0x00,0x00,0x00,0x00,0x00,0x00,0x00,0x00,0x00,0x00,0x00,0x00,0x00,0x9f,0xff,0xff,0xff,0xfc,0x00,  //............................%@@@@@@@@@..
0x00,0x00,0x00,0x00,0x00,0x00,0x00,0x00,0x00,0x00,0x00,0x00,0x00,0x05,0xff,0xff,0xff,0xff,0xf6,0x00,  //+..........................*@@@@@@@@@*..
0x59,0x10,0x00,0x00,0x00,0x00,0x00,0x00,0x00,0x00,0x00,0x00,0x00,0x4e,0xff,0xff,0xff,0xff,0xd0,0x00,  //*%+.......................*@@@@@@@@@@+..
0x5f,0xd5,0x00,0x00,0x00,0x00,0x00,0x00,0x00,0x00,0x00,0x00,0x07,0xef,0xff,0xff,0xff,0xff,0x50,0x00,  //*@@*+...................+*@@@@@@@@@@*...
0x5f,0xff,0xc4,0x00,0x00,0x00,0x00,0x00,0x00,0x00,0x00,0x02,0xbf,0xff,0xff,0xff,0xff,0xfa,0x00,0x00,  //*@@@@*+................+@@@@@@@@@@@%....
0x5f,0xff,0xff,0xd7,0x20,0x00,0x00,0x00,0x00,0x00,0x04,0xae,0xff,0xff,0xff,0xff,0xff,0xd1,0x00,0x00,  //*@@@@@@*+...........+*%@@@@@@@@@@@@+....
0x5f,0xff,0xff,0xff,0xfc,0x96,0x43,0x23,0x45,0x7a,0xef,0xff,0xff,0xff,0xff,0xff,0xfe,0x30,0x00,0x00,  //*@@@@@@@@@%**+++***%@@@@@@@@@@@@@@+.....
0x5f,0xff,0xff,0xff,0xff,0xff,0xff,0xff,0xff,0xff,0xff,0xff,0xff,0xff,0xff,0xff,0xe3,0x00,0x00,0x00,  //*@@@@@@@@@@@@@@@@@@@@@@@@@@@@@@@@+......
0x5f,0xff,0xff,0xff,0xff,0xff,0xff,0xff,0xff,0xff,0xff,0xff,0xff,0xff,0xff,0xfd,0x20,0x00,0x00,0x00,  //*@@@@@@@@@@@@@@@@@@@@@@@@@@@@@@@+.......
0x5f,0xff,0xff,0xff,0xff,0xff,0xff,0xff,0xff,0xff,0xff,0xff,0xff,0xff,0xff,0xa1,0x00,0x00,0x00,0x00,  //*@@@@@@@@@@@@@@@@@@@@@@@@@@@@@%+........
0x5f,0xff,0xff,0xff,0xff,0xff,0xff,0xff,0xff,0xff,0xff,0xff,0xff,0xff,0xd5,0x00,0x00,0x00,0x00,0x00,  //*@@@@@@@@@@@@@@@@@@@@@@@@@@@@*..........
0x2b,0xff,0xff,0xff,0xff,0xff,0xff,0xff,0xff,0xff,0xff,0xff,0xff,0xd6,0x00,0x00,0x00,0x00,0x00,0x00,  //+@@@@@@@@@@@@@@@@@@@@@@@@@@*+...........
0x00,0x38,0xcf,0xff,0xff,0xff,0xff,0xff,0xff,0xff,0xff,0xfd,0x94,0x00,0x00,0x00,0x00,0x00,0x00,0x00,  //..+%@@@@@@@@@@@@@@@@@@@@%*+.............
0x00,0x00,0x01,0x47,0x9b,0xcd,0xee,0xee,0xed,0xca,0x85,0x20,0x00,0x00,0x00,0x00,0x00,0x00,0x00,0x00,  //.....+**%%@@@@@@@@@%%*++................


/* 6 */
0x00,0x00,0x00,0x00,0x00,0x00,0x00,0x00,0x00,0x00,0x01,0x58,0xac,0xde,0xee,0xdc,0xb9,0x63,0x00,0x00,0x00,0x00,  //.....................+*%%@@@@@@@%%*++.......
0x00,0x00,0x00,0x00,0x00,0x00,0x00,0x00,0x00,0x17,0xbe,0xff,0xff,0xff,0xff,0xff,0xff,0xff,0xe9,0x30,0x00,0x00,  //..................+*@@@@@@@@@@@@@@@@@%+.....
0x00,0x00,0x00,0x00,0x00,0x00,0x00,0x00,0x29,0xef,0xff,0xff,0xff,0xff,0xff,0xff,0xff,0xff,0xff,0xf9,0x00,0x00,  //................+%@@@@@@@@@@@@@@@@@@@@@%....
0x00,0x00,0x00,0x00,0x00,0x00,0x00,0x07,0xef,0xff,0xff,0xff,0xff,0xff,0xff,0xff,0xff,0xff,0xff,0xfb,0x00,0x00,  //..............+%@@@@@@@@@@@@@@@@@@@@@@@%....
0x00,0x00,0x00,0x00,0x00,0x00,0x02,0xcf,0xff,0xff,0xff,0xff,0xff,0xff,0xff,0xff,0xff,0xff,0xff,0xfb,0x00,0x00,  //.............+@@@@@@@@@@@@@@@@@@@@@@@@@%....
0x00,0x00,0x00,0x00,0x00,0x00,0x5e,0xff,0xff,0xff,0xff,0xff,0xff,0xff,0xff,0xff,0xff,0xff,0xff,0xfb,0x00,0x00,  //............*@@@@@@@@@@@@@@@@@@@@@@@@@@%....
0x00,0x00,0x00,0x00,0x00,0x06,0xff,0xff,0xff,0xff,0xff,0xff,0xff,0xff,0xff,0xff,0xff,0xff,0xff,0xfb,0x00,0x00,  //...........*@@@@@@@@@@@@@@@@@@@@@@@@@@@%....
0x00,0x00,0x00,0x00,0x00,0x6f,0xff,0xff,0xff,0xff,0xff,0xfd,0x96,0x43,0x23,0x45,0x8b,0xef,0xff,0xfb,0x00,0x00,  //..........*@@@@@@@@@@@@@%**+++**%@@@@@@%....
0x00,0x00,0x00,0x00,0x05,0xff,0xff,0xff,0xff,0xff,0xea,0x30,0x00,0x00,0x00,0x00,0x00,0x05,0xae,0xfb,0x00,0x00,  //.........*@@@@@@@@@@@%++..........+*%@@%....
0x00,0x00,0x00,0x00,0x3e,0xff,0xff,0xff,0xff,0xfb,0x20,0x00,0x00,0x00,0x00,0x00,0x00,0x00,0x02,0x9a,0x00,0x00,  //........+@@@@@@@@@@@+................+%%....
0x00,0x00,0x00,0x01,0xdf,0xff,0xff,0xff,0xfe,0x60,0x00,0x00,0x00,0x00,0x00,0x00,0x00,0x00,0x00,0x00,0x00,0x00,  //.......+@@@@@@@@@@*....................+....
0x00,0x00,0x00,0x0a,0xff,0xff,0xff,0xff,0xe4,0x00,0x00,0x00,0x00,0x00,0x00,0x00,0x00,0x00,0x00,0x00,0x00,0x00,  //.......%@@@@@@@@@*..........................
0x00,0x00,0x00,0x5f,0xff,0xff,0xff,0xfe,0x40,0x00,0x00,0x00,0x00,0x00,0x00,0x00,0x00,0x00,0x00,0x00,0x00,0x00,  //......*@@@@@@@@@*...........................
0x00,0x00,0x00,0xdf,0xff,0xff,0xff,0xf5,0x00,0x00,0x00,0x00,0x00,0x00,0x00,0x00,0x00,0x00,0x00,0x00,0x00,0x00,  //.....+@@@@@@@@@*............................
0x00,0x00,0x07,0xff,0xff,0xff,0xff,0x90,0x00,0x00,0x00,0x00,0x00,0x00,0x00,0x00,0x00,0x00,0x00,0x00,0x00,0x00,  //.....%@@@@@@@@%.............................
0x00,0x00,0x1e,0xff,0xff,0xff,0xfd,0x00,0x00,0x00,0x00,0x00,0x00,0x00,0x00,0x00,0x00,0x00,0x00,0x00,0x00,0x00,  //....+@@@@@@@@@+.............................
0x00,0x00,0x7f,0xff,0xff,0xff,0xf4,0x00,0x00,0x00,0x00,0x00,0x00,0x00,0x00,0x00,0x00,0x00,0x00,0x00,0x00,0x00,  //....%@@@@@@@@*..............................
0x00,0x00,0xdf,0xff,0xff,0xff,0xb0,0x00,0x00,0x00,0x00,0x00,0x00,0x00,0x00,0x00,0x00,0x00,0x00,0x00,0x00,0x00,  //...+@@@@@@@@@...............................
0x00,0x05,0xff,0xff,0xff,0xff,0x30,0x00,0x00,0x00,0x00,0x00,0x00,0x00,0x00,0x00,0x00,0x00,0x00,0x00,0x00,0x00,  //...*@@@@@@@@+...............................
0x00,0x0b,0xff,0xff,0xff,0xfc,0x00,0x00,0x00,0x00,0x00,0x00,0x00,0x00,0x00,0x00,0x00,0x00,0x00,0x00,0x00,0x00,  //...@@@@@@@@@................................
0x00,0x1e,0xff,0xff,0xff,0xf6,0x00,0x00,0x00,0x00,0x00,0x00,0x00,0x00,0x00,0x00,0x00,0x00,0x00,0x00,0x00,0x00,  //..+@@@@@@@@*................................
0x00,0x6f,0xff,0xff,0xff,0xe0,0x00,0x00,0x00,0x00,0x00,0x00,0x00,0x00,0x00,0x00,0x00,0x00,0x00,0x00,0x00,0x00,  //..*@@@@@@@@+................................
0x00,0xaf,0xff,0xff,0xff,0xb0,0x00,0x00,0x00,0x00,0x00,0x00,0x00,0x00,0x00,0x00,0x00,0x00,0x00,0x00,0x00,0x00,  //..%@@@@@@@%.................................
0x00,0xef,0xff,0xff,0xff,0x60,0x00,0x00,0x00,0x00,0x00,0x00,0x00,0x00,0x00,0x00,0x00,0x00,0x00,0x00,0x00,0x00,  //.+@@@@@@@@*.................................
0x03,0xff,0xff,0xff,0xff,0x20,0x00,0x00,0x00,0x00,0x00,0x00,0x00,0x00,0x00,0x00,0x00,0x00,0x00,0x00,0x00,0x00,  //.+@@@@@@@@+.................................
0x06,0xff,0xff,0xff,0xfe,0x00,0x00,0x00,0x00,0x00,0x00,0x00,0x00,0x00,0x00,0x00,0x00,0x00,0x00,0x00,0x00,0x00,  //.*@@@@@@@@+.................................
0x0a,0xff,0xff,0xff,0xfb,0x00,0x00,0x00,0x00,0x05,0x8b,0xde,0xee,0xdc,0xa7,0x30,0x00,0x00,0x00,0x00,0x00,0x00,  //.%@@@@@@@@........+*%%@@@@@@%*++............
0x0c,0xff,0xff,0xff,0xf8,0x00,0x00,0x00,0x2a,0xef,0xff,0xff,0xff,0xff,0xff,0xfd,0x81,0x00,0x00,0x00,0x00,0x00,  //.@@@@@@@@%......+%@@@@@@@@@@@@@@%+..........
0x0e,0xff,0xff,0xff,0xf6,0x00,0x00,0x19,0xef,0xff,0xff,0xff,0xff,0xff,0xff,0xff,0xfe,0x80,0x00,0x00,0x00,0x00,  //+@@@@@@@@*....+%@@@@@@@@@@@@@@@@@@%+........
0x2f,0xff,0xff,0xff,0xf4,0x00,0x03,0xdf,0xff,0xff,0xff,0xff,0xff,0xff,0xff,0xff,0xff,0xfd,0x30,0x00,0x00,0x00,  //+@@@@@@@@*...+@@@@@@@@@@@@@@@@@@@@@@*.......
0x4f,0xff,0xff,0xff,0xf3,0x00,0x4e,0xff,0xff,0xff,0xff,0xff,0xff,0xff,0xff,0xff,0xff,0xff,0xe6,0x00,0x00,0x00,  //*@@@@@@@@+..*@@@@@@@@@@@@@@@@@@@@@@@@*......
0x6f,0xff,0xff,0xff,0xf2,0x03,0xef,0xff,0xff,0xff,0xff,0xff,0xff,0xff,0xff,0xff,0xff,0xff,0xff,0x60,0x00,0x00,  //*@@@@@@@@+.+@@@@@@@@@@@@@@@@@@@@@@@@@@*.....
0x7f,0xff,0xff,0xff,0xf0,0x1d,0xff,0xff,0xff,0xff,0xff,0xff,0xff,0xff,0xff,0xff,0xff,0xff,0xff,0xe4,0x00,0x00,  //%@@@@@@@@++@@@@@@@@@@@@@@@@@@@@@@@@@@@@*....
0x8f,0xff,0xff,0xff,0xf0,0xaf,0xff,0xff,0xfe,0xb6,0x43,0x23,0x46,0xae,0xff,0xff,0xff,0xff,0xff,0xfe,0x20,0x00,  //%@@@@@@@@+%@@@@@@@%**+++**%@@@@@@@@@@@@@+...
0xaf,0xff,0xff,0xff,0xe4,0xff,0xff,0xfe,0x81,0x00,0x00,0x00,0x00,0x00,0x6e,0xff,0xff,0xff,0xff,0xff,0xb0,0x00,  //%@@@@@@@@*@@@@@@%+.........+*@@@@@@@@@@@@+..
0xaf,0xff,0xff,0xff,0xed,0xff,0xff,0xb1,0x00,0x00,0x00,0x00,0x00,0x00,0x01,0xaf,0xff,0xff,0xff,0xff,0xf5,0x00,  //%@@@@@@@@@@@@@@+.............+%@@@@@@@@@@*..
0xbf,0xff,0xff,0xff,0xff,0xff,0xfa,0x00,0x00,0x00,0x00,0x00,0x00,0x00,0x00,0x09,0xff,0xff,0xff,0xff,0xfc,0x00,  //%@@@@@@@@@@@@%+...............+%@@@@@@@@@@+.
0xbf,0xff,0xff,0xff,0xff,0xff,0xb0,0x00,0x00,0x00,0x00,0x00,0x00,0x00,0x00,0x00,0xbf,0xff,0xff,0xff,0xff,0x40,  //@@@@@@@@@@@@@+.................+@@@@@@@@@@*.
0xcf,0xff,0xff,0xff,0xff,0xfd,0x10,0x00,0x00,0x00,0x00,0x00,0x00,0x00,0x00,0x00,0x2e,0xff,0xff,0xff,0xff,0xa0,  //@@@@@@@@@@@@+...................+@@@@@@@@@%.
0xcf,0xff,0xff,0xff,0xff,0xf5,0x00,0x00,0x00,0x00,0x00,0x00,0x00,0x00,0x00,0x00,0x07,0xff,0xff,0xff,0xff,0xe0,  //@@@@@@@@@@@*.....................%@@@@@@@@@+
0xbf,0xff,0xff,0xff,0xff,0xc0,0x00,0x00,0x00,0x00,0x00,0x00,0x00,0x00,0x00,0x00,0x01,0xef,0xff,0xff,0xff,0xf3,  //@@@@@@@@@@@+.....................+@@@@@@@@@+
0xbf,0xff,0xff,0xff,0xff,0x50,0x00,0x00,0x00,0x00,0x00,0x00,0x00,0x00,0x00,0x00,0x00,0xaf,0xff,0xff,0xff,0xf6,  //@@@@@@@@@@*.......................%@@@@@@@@*
0xaf,0xff,0xff,0xff,0xff,0x10,0x00,0x00,0x00,0x00,0x00,0x00,0x00,0x00,0x00,0x00,0x00,0x6f,0xff,0xff,0xff,0xf9,  //%@@@@@@@@@+.......................*@@@@@@@@%
0x9f,0xff,0xff,0xff,0xfc,0x00,0x00,0x00,0x00,0x00,0x00,0x00,0x00,0x00,0x00,0x00,0x00,0x3f,0xff,0xff,0xff,0xfb,  //%@@@@@@@@@........................+@@@@@@@@@
0x8f,0xff,0xff,0xff,0xfa,0x00,0x00,0x00,0x00,0x00,0x00,0x00,0x00,0x00,0x00,0x00,0x00,0x0e,0xff,0xff,0xff,0xfd,  //%@@@@@@@@%........................+@@@@@@@@@
0x7f,0xff,0xff,0xff,0xf8,0x00,0x00,0x00,0x00,0x00,0x00,0x00,0x00,0x00,0x00,0x00,0x00,0x0d,0xff,0xff,0xff,0xfe,  //*@@@@@@@@%.........................@@@@@@@@@
0x5f,0xff,0xff,0xff,0xf7,0x00,0x00,0x00,0x00,0x00,0x00,0x00,0x00,0x00,0x00,0x00,0x00,0x0c,0xff,0xff,0xff,0xfe,  //*@@@@@@@@%.........................@@@@@@@@@
0x3f,0xff,0xff,0xff,0xf8,0x00,0x00,0x00,0x00,0x00,0x00,0x00,0x00,0x00,0x00,0x00,0x00,0x0b,0xff,0xff,0xff,0xfe,  //+@@@@@@@@%.........................@@@@@@@@@
0x1f,0xff,0xff,0xff,0xf9,0x00,0x00,0x00,0x00,0x00,0x00,0x00,0x00,0x00,0x00,0x00,0x00,0x0b,0xff,0xff,0xff,0xfe,  //+@@@@@@@@%.........................@@@@@@@@@
0x0d,0xff,0xff,0xff,0xfa,0x00,0x00,0x00,0x00,0x00,0x00,0x00,0x00,0x00,0x00,0x00,0x00,0x0c,0xff,0xff,0xff,0xfd,  //.@@@@@@@@%.........................@@@@@@@@@
0x0a,0xff,0xff,0xff,0xfd,0x00,0x00,0x00,0x00,0x00,0x00,0x00,0x00,0x00,0x00,0x00,0x00,0x0d,0xff,0xff,0xff,0xfb,  //.%@@@@@@@@.........................@@@@@@@@@
0x07,0xff,0xff,0xff,0xff,0x10,0x00,0x00,0x00,0x00,0x00,0x00,0x00,0x00,0x00,0x00,0x00,0x0e,0xff,0xff,0xff,0xfa,  //.*@@@@@@@@+.......................+@@@@@@@@%
0x03,0xff,0xff,0xff,0xff,0x50,0x00,0x00,0x00,0x00,0x00,0x00,0x00,0x00,0x00,0x00,0x00,0x4f,0xff,0xff,0xff,0xf7,  //.+@@@@@@@@*.......................*@@@@@@@@*
0x00,0xdf,0xff,0xff,0xff,0xa0,0x00,0x00,0x00,0x00,0x00,0x00,0x00,0x00,0x00,0x00,0x00,0x7f,0xff,0xff,0xff,0xf4,  //.+@@@@@@@@%.......................%@@@@@@@@*
0x00,0x9f,0xff,0xff,0xff,0xe1,0x00,0x00,0x00,0x00,0x00,0x00,0x00,0x00,0x00,0x00,0x00,0xcf,0xff,0xff,0xff,0xe0,  //..%@@@@@@@@+.....................+@@@@@@@@@+
0x00,0x4f,0xff,0xff,0xff,0xf7,0x00,0x00,0x00,0x00,0x00,0x00,0x00,0x00,0x00,0x00,0x04,0xff,0xff,0xff,0xff,0xa0,  //..*@@@@@@@@%.....................*@@@@@@@@%.
0x00,0x0d,0xff,0xff,0xff,0xfe,0x20,0x00,0x00,0x00,0x00,0x00,0x00,0x00,0x00,0x00,0x0b,0xff,0xff,0xff,0xff,0x50,  //..+@@@@@@@@@+....................@@@@@@@@@*.
0x00,0x07,0xff,0xff,0xff,0xff,0xa0,0x00,0x00,0x00,0x00,0x00,0x00,0x00,0x00,0x00,0x6f,0xff,0xff,0xff,0xfd,0x00,  //...*@@@@@@@@%...................*@@@@@@@@@+.
0x00,0x00,0xdf,0xff,0xff,0xff,0xf6,0x00,0x00,0x00,0x00,0x00,0x00,0x00,0x00,0x02,0xef,0xff,0xff,0xff,0xf7,0x00,  //...+@@@@@@@@@*.................+@@@@@@@@@*..
0x00,0x00,0x6f,0xff,0xff,0xff,0xfe,0x50,0x00,0x00,0x00,0x00,0x00,0x00,0x00,0x1d,0xff,0xff,0xff,0xff,0xd0,0x00,  //....*@@@@@@@@@*...............+@@@@@@@@@@+..
0x00,0x00,0x0c,0xff,0xff,0xff,0xff,0xe6,0x00,0x00,0x00,0x00,0x00,0x00,0x03,0xdf,0xff,0xff,0xff,0xff,0x40,0x00,  //....+@@@@@@@@@@*.............+@@@@@@@@@@*...
0x00,0x00,0x03,0xef,0xff,0xff,0xff,0xff,0xb3,0x00,0x00,0x00,0x00,0x01,0x8e,0xff,0xff,0xff,0xff,0xf9,0x00,0x00,  //.....+@@@@@@@@@@@+.........+%@@@@@@@@@@%....
0x00,0x00,0x00,0x6f,0xff,0xff,0xff,0xff,0xff,0xc7,0x42,0x22,0x46,0xae,0xff,0xff,0xff,0xff,0xff,0xb0,0x00,0x00,  //......*@@@@@@@@@@@@%*+++**%@@@@@@@@@@@@+....
0x00,0x00,0x00,0x09,0xff,0xff,0xff,0xff,0xff,0xff,0xff,0xff,0xff,0xff,0xff,0xff,0xff,0xff,0xfc,0x10,0x00,0x00,  //.......%@@@@@@@@@@@@@@@@@@@@@@@@@@@@@@+.....
0x00,0x00,0x00,0x00,0x9f,0xff,0xff,0xff,0xff,0xff,0xff,0xff,0xff,0xff,0xff,0xff,0xff,0xff,0xc1,0x00,0x00,0x00,  //.......+%@@@@@@@@@@@@@@@@@@@@@@@@@@@@+......
0x00,0x00,0x00,0x00,0x08,0xff,0xff,0xff,0xff,0xff,0xff,0xff,0xff,0xff,0xff,0xff,0xff,0xfa,0x10,0x00,0x00,0x00,  //........+%@@@@@@@@@@@@@@@@@@@@@@@@@%+.......
0x00,0x00,0x00,0x00,0x00,0x5e,0xff,0xff,0xff,0xff,0xff,0xff,0xff,0xff,0xff,0xff,0xfe,0x70,0x00,0x00,0x00,0x00,  //..........*@@@@@@@@@@@@@@@@@@@@@@@*+........
0x00,0x00,0x00,0x00,0x00,0x01,0x9e,0xff,0xff,0xff,0xff,0xff,0xff,0xff,0xff,0xfe,0xa2,0x00,0x00,0x00,0x00,0x00,  //...........+%@@@@@@@@@@@@@@@@@@@%+..........
0x00,0x00,0x00,0x00,0x00,0x00,0x02,0x8d,0xff,0xff,0xff,0xff,0xff,0xff,0xfd,0x82,0x00,0x00,0x00,0x00,0x00,0x00,  //.............+%@@@@@@@@@@@@@@@%+............
0x00,0x00,0x00,0x00,0x00,0x00,0x00,0x00,0x37,0x9c,0xde,0xee,0xdb,0x96,0x30,0x00,0x00,0x00,0x00,0x00,0x00,0x00,  //...............++*%@@@@@@@%*++..............


/* 7 */
0x1f,0xff,0xff,0xff,0xff,0xff,0xff,0xff,0xff,0xff,0xff,0xff,0xff,0xff,0xff,0xff,0xff,0xff,0xff,0xff,0xff,0xff,0x10,  //+@@@@@@@@@@@@@@@@@@@@@@@@@@@@@@@@@@@@@@@@@@@+
0x1f,0xff,0xff,0xff,0xff,0xff,0xff,0xff,0xff,0xff,0xff,0xff,0xff,0xff,0xff,0xff,0xff,0xff,0xff,0xff,0xff,0xff,0x10,  //+@@@@@@@@@@@@@@@@@@@@@@@@@@@@@@@@@@@@@@@@@@@+
0x1f,0xff,0xff,0xff,0xff,0xff,0xff,0xff,0xff,0xff,0xff,0xff,0xff,0xff,0xff,0xff,0xff,0xff,0xff,0xff,0xff,0xff,0x10,  //+@@@@@@@@@@@@@@@@@@@@@@@@@@@@@@@@@@@@@@@@@@@+
0x1f,0xff,0xff,0xff,0xff,0xff,0xff,0xff,0xff,0xff,0xff,0xff,0xff,0xff,0xff,0xff,0xff,0xff,0xff,0xff,0xff,0xff,0x10,  //+@@@@@@@@@@@@@@@@@@@@@@@@@@@@@@@@@@@@@@@@@@@+
0x1f,0xff,0xff,0xff,0xff,0xff,0xff,0xff,0xff,0xff,0xff,0xff,0xff,0xff,0xff,0xff,0xff,0xff,0xff,0xff,0xff,0xff,0x10,  //+@@@@@@@@@@@@@@@@@@@@@@@@@@@@@@@@@@@@@@@@@@@+
0x1f,0xff,0xff,0xff,0xff,0xff,0xff,0xff,0xff,0xff,0xff,0xff,0xff,0xff,0xff,0xff,0xff,0xff,0xff,0xff,0xff,0xfe,0x00,  //+@@@@@@@@@@@@@@@@@@@@@@@@@@@@@@@@@@@@@@@@@@@+
0x1f,0xff,0xff,0xff,0xff,0xff,0xff,0xff,0xff,0xff,0xff,0xff,0xff,0xff,0xff,0xff,0xff,0xff,0xff,0xff,0xff,0xf6,0x00,  //+@@@@@@@@@@@@@@@@@@@@@@@@@@@@@@@@@@@@@@@@@@*.
0x19,0x99,0x99,0x99,0x99,0x99,0x99,0x99,0x99,0x99,0x99,0x99,0x99,0x99,0x99,0x99,0x99,0xcf,0xff,0xff,0xff,0xd0,0x00,  //+%%%%%%%%%%%%%%%%%%%%%%%%%%%%%%%%%@@@@@@@@@+.
0x00,0x00,0x00,0x00,0x00,0x00,0x00,0x00,0x00,0x00,0x00,0x00,0x00,0x00,0x00,0x00,0x00,0xcf,0xff,0xff,0xff,0x50,0x00,  //.................................+@@@@@@@@*..
0x00,0x00,0x00,0x00,0x00,0x00,0x00,0x00,0x00,0x00,0x00,0x00,0x00,0x00,0x00,0x00,0x06,0xff,0xff,0xff,0xfb,0x00,0x00,  //.................................*@@@@@@@@...
0x00,0x00,0x00,0x00,0x00,0x00,0x00,0x00,0x00,0x00,0x00,0x00,0x00,0x00,0x00,0x00,0x1e,0xff,0xff,0xff,0xf3,0x00,0x00,  //................................+@@@@@@@@+...
0x00,0x00,0x00,0x00,0x00,0x00,0x00,0x00,0x00,0x00,0x00,0x00,0x00,0x00,0x00,0x00,0x8f,0xff,0xff,0xff,0xa0,0x00,0x00,  //................................%@@@@@@@%....
0x00,0x00,0x00,0x00,0x00,0x00,0x00,0x00,0x00,0x00,0x00,0x00,0x00,0x00,0x00,0x02,0xef,0xff,0xff,0xfe,0x20,0x00,0x00,  //...............................+@@@@@@@@+....
0x00,0x00,0x00,0x00,0x00,0x00,0x00,0x00,0x00,0x00,0x00,0x00,0x00,0x00,0x00,0x0a,0xff,0xff,0xff,0xf8,0x00,0x00,0x00,  //...............................%@@@@@@@%.....
0x00,0x00,0x00,0x00,0x00,0x00,0x00,0x00,0x00,0x00,0x00,0x00,0x00,0x00,0x00,0x3f,0xff,0xff,0xff,0xe1,0x00,0x00,0x00,  //..............................+@@@@@@@@+.....
0x00,0x00,0x00,0x00,0x00,0x00,0x00,0x00,0x00,0x00,0x00,0x00,0x00,0x00,0x00,0xbf,0xff,0xff,0xff,0x80,0x00,0x00,0x00,  //..............................@@@@@@@@%......
0x00,0x00,0x00,0x00,0x00,0x00,0x00,0x00,0x00,0x00,0x00,0x00,0x00,0x00,0x04,0xff,0xff,0xff,0xfe,0x10,0x00,0x00,0x00,  //.............................*@@@@@@@@+......
0x00,0x00,0x00,0x00,0x00,0x00,0x00,0x00,0x00,0x00,0x00,0x00,0x00,0x00,0x0c,0xff,0xff,0xff,0xf7,0x00,0x00,0x00,0x00,  //............................+@@@@@@@@*.......
0x00,0x00,0x00,0x00,0x00,0x00,0x00,0x00,0x00,0x00,0x00,0x00,0x00,0x00,0x5f,0xff,0xff,0xff,0xd0,0x00,0x00,0x00,0x00,  //............................*@@@@@@@@+.......
0x00,0x00,0x00,0x00,0x00,0x00,0x00,0x00,0x00,0x00,0x00,0x00,0x00,0x00,0xcf,0xff,0xff,0xff,0x60,0x00,0x00,0x00,0x00,  //...........................+@@@@@@@@*........
0x00,0x00,0x00,0x00,0x00,0x00,0x00,0x00,0x00,0x00,0x00,0x00,0x00,0x05,0xff,0xff,0xff,0xfd,0x00,0x00,0x00,0x00,0x00,  //...........................*@@@@@@@@+........
0x00,0x00,0x00,0x00,0x00,0x00,0x00,0x00,0x00,0x00,0x00,0x00,0x00,0x0d,0xff,0xff,0xff,0xf6,0x00,0x00,0x00,0x00,0x00,  //..........................+@@@@@@@@*.........
0x00,0x00,0x00,0x00,0x00,0x00,0x00,0x00,0x00,0x00,0x00,0x00,0x00,0x6f,0xff,0xff,0xff,0xd0,0x00,0x00,0x00,0x00,0x00,  //..........................*@@@@@@@@+.........
0x00,0x00,0x00,0x00,0x00,0x00,0x00,0x00,0x00,0x00,0x00,0x00,0x00,0xdf,0xff,0xff,0xff,0x70,0x00,0x00,0x00,0x00,0x00,  //.........................+@@@@@@@@*..........
0x00,0x00,0x00,0x00,0x00,0x00,0x00,0x00,0x00,0x00,0x00,0x00,0x06,0xff,0xff,0xff,0xfe,0x00,0x00,0x00,0x00,0x00,0x00,  //.........................*@@@@@@@@+..........
0x00,0x00,0x00,0x00,0x00,0x00,0x00,0x00,0x00,0x00,0x00,0x00,0x0d,0xff,0xff,0xff,0xf7,0x00,0x00,0x00,0x00,0x00,0x00,  //........................+@@@@@@@@%...........
0x00,0x00,0x00,0x00,0x00,0x00,0x00,0x00,0x00,0x00,0x00,0x00,0x5f,0xff,0xff,0xff,0xe1,0x00,0x00,0x00,0x00,0x00,0x00,  //........................*@@@@@@@@+...........
0x00,0x00,0x00,0x00,0x00,0x00,0x00,0x00,0x00,0x00,0x00,0x00,0xcf,0xff,0xff,0xff,0x80,0x00,0x00,0x00,0x00,0x00,0x00,  //.......................+@@@@@@@@%............
0x00,0x00,0x00,0x00,0x00,0x00,0x00,0x00,0x00,0x00,0x00,0x04,0xff,0xff,0xff,0xfe,0x10,0x00,0x00,0x00,0x00,0x00,0x00,  //.......................*@@@@@@@@+............
0x00,0x00,0x00,0x00,0x00,0x00,0x00,0x00,0x00,0x00,0x00,0x0b,0xff,0xff,0xff,0xf9,0x00,0x00,0x00,0x00,0x00,0x00,0x00,  //.......................@@@@@@@@%.............
0x00,0x00,0x00,0x00,0x00,0x00,0x00,0x00,0x00,0x00,0x00,0x3f,0xff,0xff,0xff,0xf3,0x00,0x00,0x00,0x00,0x00,0x00,0x00,  //......................+@@@@@@@@+.............
0x00,0x00,0x00,0x00,0x00,0x00,0x00,0x00,0x00,0x00,0x00,0xaf,0xff,0xff,0xff,0xb0,0x00,0x00,0x00,0x00,0x00,0x00,0x00,  //......................%@@@@@@@@..............
0x00,0x00,0x00,0x00,0x00,0x00,0x00,0x00,0x00,0x00,0x02,0xef,0xff,0xff,0xff,0x40,0x00,0x00,0x00,0x00,0x00,0x00,0x00,  //.....................+@@@@@@@@*..............
0x00,0x00,0x00,0x00,0x00,0x00,0x00,0x00,0x00,0x00,0x09,0xff,0xff,0xff,0xfd,0x00,0x00,0x00,0x00,0x00,0x00,0x00,0x00,  //.....................%@@@@@@@@+..............
0x00,0x00,0x00,0x00,0x00,0x00,0x00,0x00,0x00,0x00,0x1e,0xff,0xff,0xff,0xf7,0x00,0x00,0x00,0x00,0x00,0x00,0x00,0x00,  //....................+@@@@@@@@*...............
0x00,0x00,0x00,0x00,0x00,0x00,0x00,0x00,0x00,0x00,0x6f,0xff,0xff,0xff,0xe1,0x00,0x00,0x00,0x00,0x00,0x00,0x00,0x00,  //....................*@@@@@@@@+...............
0x00,0x00,0x00,0x00,0x00,0x00,0x00,0x00,0x00,0x00,0xdf,0xff,0xff,0xff,0x90,0x00,0x00,0x00,0x00,0x00,0x00,0x00,0x00,  //...................+@@@@@@@@%................
0x00,0x00,0x00,0x00,0x00,0x00,0x00,0x00,0x00,0x04,0xff,0xff,0xff,0xff,0x30,0x00,0x00,0x00,0x00,0x00,0x00,0x00,0x00,  //...................*@@@@@@@@+................
0x00,0x00,0x00,0x00,0x00,0x00,0x00,0x00,0x00,0x0a,0xff,0xff,0xff,0xfc,0x00,0x00,0x00,0x00,0x00,0x00,0x00,0x00,0x00,  //...................%@@@@@@@@.................
0x00,0x00,0x00,0x00,0x00,0x00,0x00,0x00,0x00,0x1e,0xff,0xff,0xff,0xf6,0x00,0x00,0x00,0x00,0x00,0x00,0x00,0x00,0x00,  //..................+@@@@@@@@*.................
0x00,0x00,0x00,0x00,0x00,0x00,0x00,0x00,0x00,0x7f,0xff,0xff,0xff,0xe1,0x00,0x00,0x00,0x00,0x00,0x00,0x00,0x00,0x00,  //..................%@@@@@@@@+.................
0x00,0x00,0x00,0x00,0x00,0x00,0x00,0x00,0x00,0xdf,0xff,0xff,0xff,0xa0,0x00,0x00,0x00,0x00,0x00,0x00,0x00,0x00,0x00,  //.................+@@@@@@@@%..................
0x00,0x00,0x00,0x00,0x00,0x00,0x00,0x00,0x04,0xff,0xff,0xff,0xff,0x40,0x00,0x00,0x00,0x00,0x00,0x00,0x00,0x00,0x00,  //.................*@@@@@@@@*..................
0x00,0x00,0x00,0x00,0x00,0x00,0x00,0x00,0x0a,0xff,0xff,0xff,0xfd,0x00,0x00,0x00,0x00,0x00,0x00,0x00,0x00,0x00,0x00,  //.................%@@@@@@@@+..................
0x00,0x00,0x00,0x00,0x00,0x00,0x00,0x00,0x1e,0xff,0xff,0xff,0xf8,0x00,0x00,0x00,0x00,0x00,0x00,0x00,0x00,0x00,0x00,  //................+@@@@@@@@%...................
0x00,0x00,0x00,0x00,0x00,0x00,0x00,0x00,0x6f,0xff,0xff,0xff,0xf3,0x00,0x00,0x00,0x00,0x00,0x00,0x00,0x00,0x00,0x00,  //................*@@@@@@@@+...................
0x00,0x00,0x00,0x00,0x00,0x00,0x00,0x00,0xbf,0xff,0xff,0xff,0xd0,0x00,0x00,0x00,0x00,0x00,0x00,0x00,0x00,0x00,0x00,  //................@@@@@@@@@+...................
0x00,0x00,0x00,0x00,0x00,0x00,0x00,0x01,0xff,0xff,0xff,0xff,0x80,0x00,0x00,0x00,0x00,0x00,0x00,0x00,0x00,0x00,0x00,  //...............+@@@@@@@@%....................
0x00,0x00,0x00,0x00,0x00,0x00,0x00,0x07,0xff,0xff,0xff,0xff,0x30,0x00,0x00,0x00,0x00,0x00,0x00,0x00,0x00,0x00,0x00,  //...............*@@@@@@@@+....................
0x00,0x00,0x00,0x00,0x00,0x00,0x00,0x0c,0xff,0xff,0xff,0xfd,0x00,0x00,0x00,0x00,0x00,0x00,0x00,0x00,0x00,0x00,0x00,  //...............@@@@@@@@@+....................
0x00,0x00,0x00,0x00,0x00,0x00,0x00,0x1f,0xff,0xff,0xff,0xf8,0x00,0x00,0x00,0x00,0x00,0x00,0x00,0x00,0x00,0x00,0x00,  //..............+@@@@@@@@%.....................
0x00,0x00,0x00,0x00,0x00,0x00,0x00,0x6f,0xff,0xff,0xff,0xf4,0x00,0x00,0x00,0x00,0x00,0x00,0x00,0x00,0x00,0x00,0x00,  //..............*@@@@@@@@*.....................
0x00,0x00,0x00,0x00,0x00,0x00,0x00,0xbf,0xff,0xff,0xff,0xe0,0x00,0x00,0x00,0x00,0x00,0x00,0x00,0x00,0x00,0x00,0x00,  //..............@@@@@@@@@+.....................
0x00,0x00,0x00,0x00,0x00,0x00,0x01,0xef,0xff,0xff,0xff,0xa0,0x00,0x00,0x00,0x00,0x00,0x00,0x00,0x00,0x00,0x00,0x00,  //.............+@@@@@@@@%......................
0x00,0x00,0x00,0x00,0x00,0x00,0x05,0xff,0xff,0xff,0xff,0x60,0x00,0x00,0x00,0x00,0x00,0x00,0x00,0x00,0x00,0x00,0x00,  //.............*@@@@@@@@*......................
0x00,0x00,0x00,0x00,0x00,0x00,0x09,0xff,0xff,0xff,0xff,0x20,0x00,0x00,0x00,0x00,0x00,0x00,0x00,0x00,0x00,0x00,0x00,  //.............%@@@@@@@@+......................
0x00,0x00,0x00,0x00,0x00,0x00,0x0d,0xff,0xff,0xff,0xfd,0x00,0x00,0x00,0x00,0x00,0x00,0x00,0x00,0x00,0x00,0x00,0x00,  //.............@@@@@@@@@.......................
0x00,0x00,0x00,0x00,0x00,0x00,0x2f,0xff,0xff,0xff,0xf9,0x00,0x00,0x00,0x00,0x00,0x00,0x00,0x00,0x00,0x00,0x00,0x00,  //............+@@@@@@@@%.......................
0x00,0x00,0x00,0x00,0x00,0x00,0x6f,0xff,0xff,0xff,0xf6,0x00,0x00,0x00,0x00,0x00,0x00,0x00,0x00,0x00,0x00,0x00,0x00,  //............*@@@@@@@@*.......................
0x00,0x00,0x00,0x00,0x00,0x00,0xaf,0xff,0xff,0xff,0xf2,0x00,0x00,0x00,0x00,0x00,0x00,0x00,0x00,0x00,0x00,0x00,0x00,  //............%@@@@@@@@+.......................
0x00,0x00,0x00,0x00,0x00,0x00,0xdf,0xff,0xff,0xff,0xe0,0x00,0x00,0x00,0x00,0x00,0x00,0x00,0x00,0x00,0x00,0x00,0x00,  //............@@@@@@@@@+.......................
0x00,0x00,0x00,0x00,0x00,0x01,0xff,0xff,0xff,0xff,0xb0,0x00,0x00,0x00,0x00,0x00,0x00,0x00,0x00,0x00,0x00,0x00,0x00,  //...........+@@@@@@@@%........................
0x00,0x00,0x00,0x00,0x00,0x05,0xff,0xff,0xff,0xff,0x80,0x00,0x00,0x00,0x00,0x00,0x00,0x00,0x00,0x00,0x00,0x00,0x00,  //...........*@@@@@@@@%........................
0x00,0x00,0x00,0x00,0x00,0x07,0xff,0xff,0xff,0xff,0x50,0x00,0x00,0x00,0x00,0x00,0x00,0x00,0x00,0x00,0x00,0x00,0x00,  //...........%@@@@@@@@*........................
0x00,0x00,0x00,0x00,0x00,0x0a,0xff,0xff,0xff,0xff,0x20,0x00,0x00,0x00,0x00,0x00,0x00,0x00,0x00,0x00,0x00,0x00,0x00,  //...........%@@@@@@@@+........................
0x00,0x00,0x00,0x00,0x00,0x0d,0xff,0xff,0xff,0xfe,0x00,0x00,0x00,0x00,0x00,0x00,0x00,0x00,0x00,0x00,0x00,0x00,0x00,  //...........@@@@@@@@@+........................
0x00,0x00,0x00,0x00,0x00,0x0f,0xff,0xff,0xff,0xfd,0x00,0x00,0x00,0x00,0x00,0x00,0x00,0x00,0x00,0x00,0x00,0x00,0x00,  //..........+@@@@@@@@@.........................
0x00,0x00,0x00,0x00,0x00,0x3f,0xff,0xff,0xff,0xfb,0x00,0x00,0x00,0x00,0x00,0x00,0x00,0x00,0x00,0x00,0x00,0x00,0x00,  //..........+@@@@@@@@@.........................


/* 8 */
0x00,0x00,0x00,0x00,0x00,0x00,0x00,0x00,0x26,0x9c,0xde,0xee,0xdb,0x96,0x20,0x00,0x00,0x00,0x00,0x00,0x00,0x00,0x00,  //................+*%@@@@@@@%*+................
0x00,0x00,0x00,0x00,0x00,0x00,0x01,0x8d,0xff,0xff,0xff,0xff,0xff,0xff,0xfc,0x71,0x00,0x00,0x00,0x00,0x00,0x00,0x00,  //.............+%@@@@@@@@@@@@@@@*+.............
0x00,0x00,0x00,0x00,0x00,0x01,0x9e,0xff,0xff,0xff,0xff,0xff,0xff,0xff,0xff,0xfe,0x80,0x00,0x00,0x00,0x00,0x00,0x00,  //...........+%@@@@@@@@@@@@@@@@@@@%+...........
0x00,0x00,0x00,0x00,0x00,0x6e,0xff,0xff,0xff,0xff,0xff,0xff,0xff,0xff,0xff,0xff,0xfd,0x40,0x00,0x00,0x00,0x00,0x00,  //..........*@@@@@@@@@@@@@@@@@@@@@@@*..........
0x00,0x00,0x00,0x00,0x09,0xff,0xff,0xff,0xff,0xff,0xff,0xff,0xff,0xff,0xff,0xff,0xff,0xf8,0x00,0x00,0x00,0x00,0x00,  //........+%@@@@@@@@@@@@@@@@@@@@@@@@@%+........
0x00,0x00,0x00,0x00,0xbf,0xff,0xff,0xff,0xff,0xff,0xff,0xff,0xff,0xff,0xff,0xff,0xff,0xff,0x90,0x00,0x00,0x00,0x00,  //.......+@@@@@@@@@@@@@@@@@@@@@@@@@@@@%+.......
0x00,0x00,0x00,0x0b,0xff,0xff,0xff,0xff,0xff,0xff,0xff,0xff,0xff,0xff,0xff,0xff,0xff,0xff,0xf8,0x00,0x00,0x00,0x00,  //......+%@@@@@@@@@@@@@@@@@@@@@@@@@@@@@%.......
0x00,0x00,0x00,0x7f,0xff,0xff,0xff,0xff,0xfe,0xa6,0x32,0x12,0x37,0xbf,0xff,0xff,0xff,0xff,0xff,0x50,0x00,0x00,0x00,  //......%@@@@@@@@@@@%*++++**@@@@@@@@@@@@*......
0x00,0x00,0x03,0xef,0xff,0xff,0xff,0xfe,0x91,0x00,0x00,0x00,0x00,0x02,0xaf,0xff,0xff,0xff,0xff,0xe1,0x00,0x00,0x00,  //.....+@@@@@@@@@@%+.........+%@@@@@@@@@@+.....
0x00,0x00,0x0b,0xff,0xff,0xff,0xff,0xe4,0x00,0x00,0x00,0x00,0x00,0x00,0x06,0xef,0xff,0xff,0xff,0xf8,0x00,0x00,0x00,  //.....@@@@@@@@@@*.............*@@@@@@@@@%.....
0x00,0x00,0x4f,0xff,0xff,0xff,0xfe,0x20,0x00,0x00,0x00,0x00,0x00,0x00,0x00,0x4e,0xff,0xff,0xff,0xfe,0x10,0x00,0x00,  //....*@@@@@@@@@+...............*@@@@@@@@@+....
0x00,0x00,0xaf,0xff,0xff,0xff,0xe4,0x00,0x00,0x00,0x00,0x00,0x00,0x00,0x00,0x06,0xff,0xff,0xff,0xff,0x70,0x00,0x00,  //....%@@@@@@@@*.................*@@@@@@@@*....
0x00,0x01,0xef,0xff,0xff,0xff,0x90,0x00,0x00,0x00,0x00,0x00,0x00,0x00,0x00,0x00,0xbf,0xff,0xff,0xff,0xc0,0x00,0x00,  //...+@@@@@@@@%...................@@@@@@@@@....
0x00,0x04,0xff,0xff,0xff,0xfe,0x10,0x00,0x00,0x00,0x00,0x00,0x00,0x00,0x00,0x00,0x3f,0xff,0xff,0xff,0xf1,0x00,0x00,  //...*@@@@@@@@+...................+@@@@@@@@+...
0x00,0x07,0xff,0xff,0xff,0xfb,0x00,0x00,0x00,0x00,0x00,0x00,0x00,0x00,0x00,0x00,0x0c,0xff,0xff,0xff,0xf4,0x00,0x00,  //...%@@@@@@@@.....................@@@@@@@@*...
0x00,0x09,0xff,0xff,0xff,0xf7,0x00,0x00,0x00,0x00,0x00,0x00,0x00,0x00,0x00,0x00,0x08,0xff,0xff,0xff,0xf6,0x00,0x00,  //...%@@@@@@@*.....................%@@@@@@@*...
0x00,0x0a,0xff,0xff,0xff,0xf5,0x00,0x00,0x00,0x00,0x00,0x00,0x00,0x00,0x00,0x00,0x05,0xff,0xff,0xff,0xf7,0x00,0x00,  //...%@@@@@@@*.....................*@@@@@@@*...
0x00,0x0b,0xff,0xff,0xff,0xf3,0x00,0x00,0x00,0x00,0x00,0x00,0x00,0x00,0x00,0x00,0x04,0xff,0xff,0xff,0xf7,0x00,0x00,  //...%@@@@@@@+.....................*@@@@@@@%...
0x00,0x0a,0xff,0xff,0xff,0xf3,0x00,0x00,0x00,0x00,0x00,0x00,0x00,0x00,0x00,0x00,0x04,0xff,0xff,0xff,0xf6,0x00,0x00,  //...%@@@@@@@+.....................*@@@@@@@*...
0x00,0x08,0xff,0xff,0xff,0xf5,0x00,0x00,0x00,0x00,0x00,0x00,0x00,0x00,0x00,0x00,0x05,0xff,0xff,0xff,0xf5,0x00,0x00,  //...%@@@@@@@*.....................*@@@@@@@*...
0x00,0x05,0xff,0xff,0xff,0xf7,0x00,0x00,0x00,0x00,0x00,0x00,0x00,0x00,0x00,0x00,0x08,0xff,0xff,0xff,0xf2,0x00,0x00,  //...*@@@@@@@%.....................%@@@@@@@+...
0x00,0x02,0xff,0xff,0xff,0xfc,0x00,0x00,0x00,0x00,0x00,0x00,0x00,0x00,0x00,0x00,0x0d,0xff,0xff,0xff,0xd0,0x00,0x00,  //...+@@@@@@@@.....................@@@@@@@@....
0x00,0x00,0xcf,0xff,0xff,0xff,0x20,0x00,0x00,0x00,0x00,0x00,0x00,0x00,0x00,0x00,0x4f,0xff,0xff,0xff,0x80,0x00,0x00,  //....@@@@@@@@+...................*@@@@@@@%....
0x00,0x00,0x6f,0xff,0xff,0xff,0xa0,0x00,0x00,0x00,0x00,0x00,0x00,0x00,0x00,0x00,0xcf,0xff,0xff,0xff,0x20,0x00,0x00,  //....*@@@@@@@%..................+@@@@@@@@+....
0x00,0x00,0x0c,0xff,0xff,0xff,0xf5,0x00,0x00,0x00,0x00,0x00,0x00,0x00,0x00,0x08,0xff,0xff,0xff,0xfa,0x00,0x00,0x00,  //....+@@@@@@@@*.................%@@@@@@@%.....
0x00,0x00,0x04,0xff,0xff,0xff,0xfe,0x30,0x00,0x00,0x00,0x00,0x00,0x00,0x00,0x6f,0xff,0xff,0xff,0xe2,0x00,0x00,0x00,  //.....*@@@@@@@@*...............*@@@@@@@@+.....
0x00,0x00,0x00,0x9f,0xff,0xff,0xff,0xe5,0x00,0x00,0x00,0x00,0x00,0x00,0x08,0xff,0xff,0xff,0xff,0x60,0x00,0x00,0x00,  //......%@@@@@@@@*............+%@@@@@@@@*......
0x00,0x00,0x00,0x0b,0xff,0xff,0xff,0xff,0x91,0x00,0x00,0x00,0x00,0x03,0xbf,0xff,0xff,0xff,0xf9,0x00,0x00,0x00,0x00,  //......+@@@@@@@@@%+.........+@@@@@@@@@%.......
0x00,0x00,0x00,0x01,0xcf,0xff,0xff,0xff,0xfe,0xa5,0x21,0x01,0x36,0xbf,0xff,0xff,0xff,0xff,0xa0,0x00,0x00,0x00,0x00,  //.......+@@@@@@@@@@%*+++++*@@@@@@@@@@%+.......
0x00,0x00,0x00,0x00,0x1b,0xff,0xff,0xff,0xff,0xff,0xff,0xff,0xff,0xff,0xff,0xff,0xff,0xf9,0x00,0x00,0x00,0x00,0x00,  //........+@@@@@@@@@@@@@@@@@@@@@@@@@@%+........
0x00,0x00,0x00,0x00,0x00,0x9f,0xff,0xff,0xff,0xff,0xff,0xff,0xff,0xff,0xff,0xff,0xfe,0x70,0x00,0x00,0x00,0x00,0x00,  //.........+%@@@@@@@@@@@@@@@@@@@@@@@*..........
0x00,0x00,0x00,0x00,0x00,0x04,0xdf,0xff,0xff,0xff,0xff,0xff,0xff,0xff,0xff,0xff,0xc3,0x00,0x00,0x00,0x00,0x00,0x00,  //...........*@@@@@@@@@@@@@@@@@@@@@+...........
0x00,0x00,0x00,0x00,0x00,0x03,0xaf,0xff,0xff,0xff,0xff,0xff,0xff,0xff,0xff,0xff,0x92,0x00,0x00,0x00,0x00,0x00,0x00,  //...........+%@@@@@@@@@@@@@@@@@@@%+...........
0x00,0x00,0x00,0x00,0x02,0xbf,0xff,0xff,0xff,0xff,0xff,0xff,0xff,0xff,0xff,0xff,0xfe,0x91,0x00,0x00,0x00,0x00,0x00,  //.........+%@@@@@@@@@@@@@@@@@@@@@@@%+.........
0x00,0x00,0x00,0x00,0x7e,0xff,0xff,0xff,0xff,0xff,0xff,0xff,0xff,0xff,0xff,0xff,0xff,0xfd,0x50,0x00,0x00,0x00,0x00,  //.......+*@@@@@@@@@@@@@@@@@@@@@@@@@@@*........
0x00,0x00,0x00,0x0a,0xff,0xff,0xff,0xff,0xff,0xff,0xff,0xff,0xff,0xff,0xff,0xff,0xff,0xff,0xf8,0x00,0x00,0x00,0x00,  //......+%@@@@@@@@@@@@@@@@@@@@@@@@@@@@@%.......
0x00,0x00,0x01,0xbf,0xff,0xff,0xff,0xff,0xff,0xc8,0x65,0x45,0x79,0xdf,0xff,0xff,0xff,0xff,0xff,0x90,0x00,0x00,0x00,  //.....+@@@@@@@@@@@@@%*****%@@@@@@@@@@@@%+.....
0x00,0x00,0x0b,0xff,0xff,0xff,0xff,0xfe,0x71,0x00,0x00,0x00,0x00,0x02,0x8e,0xff,0xff,0xff,0xff,0xf8,0x00,0x00,0x00,  //....+@@@@@@@@@@@*+.........+%@@@@@@@@@@%.....
0x00,0x00,0x8f,0xff,0xff,0xff,0xff,0x80,0x00,0x00,0x00,0x00,0x00,0x00,0x01,0xaf,0xff,0xff,0xff,0xff,0x50,0x00,0x00,  //....%@@@@@@@@@%+.............+%@@@@@@@@@*....
0x00,0x05,0xff,0xff,0xff,0xff,0xe5,0x00,0x00,0x00,0x00,0x00,0x00,0x00,0x00,0x07,0xef,0xff,0xff,0xff,0xe2,0x00,0x00,  //...*@@@@@@@@@*................+%@@@@@@@@@+...
0x00,0x0d,0xff,0xff,0xff,0xfe,0x30,0x00,0x00,0x00,0x00,0x00,0x00,0x00,0x00,0x00,0x6f,0xff,0xff,0xff,0xfb,0x00,0x00,  //..+@@@@@@@@@+...................*@@@@@@@@%...
0x00,0x8f,0xff,0xff,0xff,0xf5,0x00,0x00,0x00,0x00,0x00,0x00,0x00,0x00,0x00,0x00,0x08,0xff,0xff,0xff,0xff,0x50,0x00,  //..%@@@@@@@@*.....................%@@@@@@@@*..
0x01,0xef,0xff,0xff,0xff,0xa0,0x00,0x00,0x00,0x00,0x00,0x00,0x00,0x00,0x00,0x00,0x00,0xcf,0xff,0xff,0xff,0xc0,0x00,  //.+@@@@@@@@%......................+@@@@@@@@@..
0x06,0xff,0xff,0xff,0xfe,0x20,0x00,0x00,0x00,0x00,0x00,0x00,0x00,0x00,0x00,0x00,0x00,0x4f,0xff,0xff,0xff,0xf3,0x00,  //.*@@@@@@@@+.......................*@@@@@@@@+.
0x0c,0xff,0xff,0xff,0xfa,0x00,0x00,0x00,0x00,0x00,0x00,0x00,0x00,0x00,0x00,0x00,0x00,0x0b,0xff,0xff,0xff,0xf9,0x00,  //.@@@@@@@@%.........................@@@@@@@@%.
0x1f,0xff,0xff,0xff,0xf5,0x00,0x00,0x00,0x00,0x00,0x00,0x00,0x00,0x00,0x00,0x00,0x00,0x07,0xff,0xff,0xff,0xfc,0x00,  //+@@@@@@@@*.........................*@@@@@@@@.
0x4f,0xff,0xff,0xff,0xe1,0x00,0x00,0x00,0x00,0x00,0x00,0x00,0x00,0x00,0x00,0x00,0x00,0x02,0xff,0xff,0xff,0xff,0x10,  //*@@@@@@@@+.........................+@@@@@@@@+
0x7f,0xff,0xff,0xff,0xd0,0x00,0x00,0x00,0x00,0x00,0x00,0x00,0x00,0x00,0x00,0x00,0x00,0x00,0xef,0xff,0xff,0xff,0x40,  //*@@@@@@@@..........................+@@@@@@@@*
0x8f,0xff,0xff,0xff,0xc0,0x00,0x00,0x00,0x00,0x00,0x00,0x00,0x00,0x00,0x00,0x00,0x00,0x00,0xdf,0xff,0xff,0xff,0x50,  //%@@@@@@@@...........................@@@@@@@@*
0x9f,0xff,0xff,0xff,0xb0,0x00,0x00,0x00,0x00,0x00,0x00,0x00,0x00,0x00,0x00,0x00,0x00,0x00,0xcf,0xff,0xff,0xff,0x60,  //%@@@@@@@@...........................@@@@@@@@*
0x9f,0xff,0xff,0xff,0xc0,0x00,0x00,0x00,0x00,0x00,0x00,0x00,0x00,0x00,0x00,0x00,0x00,0x00,0xdf,0xff,0xff,0xff,0x60,  //%@@@@@@@@...........................@@@@@@@@*
0x8f,0xff,0xff,0xff,0xd0,0x00,0x00,0x00,0x00,0x00,0x00,0x00,0x00,0x00,0x00,0x00,0x00,0x00,0xef,0xff,0xff,0xff,0x50,  //%@@@@@@@@..........................+@@@@@@@@*
0x7f,0xff,0xff,0xff,0xe0,0x00,0x00,0x00,0x00,0x00,0x00,0x00,0x00,0x00,0x00,0x00,0x00,0x01,0xff,0xff,0xff,0xff,0x40,  //%@@@@@@@@+.........................+@@@@@@@@*
0x5f,0xff,0xff,0xff,0xf4,0x00,0x00,0x00,0x00,0x00,0x00,0x00,0x00,0x00,0x00,0x00,0x00,0x05,0xff,0xff,0xff,0xff,0x20,  //*@@@@@@@@*.........................*@@@@@@@@+
0x2f,0xff,0xff,0xff,0xf8,0x00,0x00,0x00,0x00,0x00,0x00,0x00,0x00,0x00,0x00,0x00,0x00,0x0a,0xff,0xff,0xff,0xfe,0x00,  //+@@@@@@@@%.........................%@@@@@@@@+
0x0e,0xff,0xff,0xff,0xfd,0x00,0x00,0x00,0x00,0x00,0x00,0x00,0x00,0x00,0x00,0x00,0x00,0x1e,0xff,0xff,0xff,0xfb,0x00,  //+@@@@@@@@@+.......................+@@@@@@@@@.
0x09,0xff,0xff,0xff,0xff,0x60,0x00,0x00,0x00,0x00,0x00,0x00,0x00,0x00,0x00,0x00,0x00,0x9f,0xff,0xff,0xff,0xf6,0x00,  //.%@@@@@@@@*.......................%@@@@@@@@*.
0x04,0xff,0xff,0xff,0xff,0xd1,0x00,0x00,0x00,0x00,0x00,0x00,0x00,0x00,0x00,0x00,0x04,0xef,0xff,0xff,0xff,0xe1,0x00,  //.*@@@@@@@@@+.....................*@@@@@@@@@+.
0x00,0xcf,0xff,0xff,0xff,0xfc,0x00,0x00,0x00,0x00,0x00,0x00,0x00,0x00,0x00,0x00,0x2e,0xff,0xff,0xff,0xff,0x90,0x00,  //.+@@@@@@@@@@+...................+@@@@@@@@@%..
0x00,0x4f,0xff,0xff,0xff,0xff,0xb1,0x00,0x00,0x00,0x00,0x00,0x00,0x00,0x00,0x03,0xdf,0xff,0xff,0xff,0xfe,0x20,0x00,  //..*@@@@@@@@@%+.................+@@@@@@@@@@+..
0x00,0x0b,0xff,0xff,0xff,0xff,0xfd,0x30,0x00,0x00,0x00,0x00,0x00,0x00,0x00,0x6e,0xff,0xff,0xff,0xff,0xf8,0x00,0x00,  //...%@@@@@@@@@@+..............+*@@@@@@@@@@%...
0x00,0x01,0xef,0xff,0xff,0xff,0xff,0xea,0x20,0x00,0x00,0x00,0x00,0x00,0x4c,0xff,0xff,0xff,0xff,0xff,0xc0,0x00,0x00,  //...+@@@@@@@@@@@%+..........+*@@@@@@@@@@@@+...
0x00,0x00,0x4e,0xff,0xff,0xff,0xff,0xff,0xfc,0x95,0x42,0x23,0x46,0xad,0xff,0xff,0xff,0xff,0xff,0xfe,0x20,0x00,0x00,  //....*@@@@@@@@@@@@@%**+++**%@@@@@@@@@@@@@+....
0x00,0x00,0x05,0xef,0xff,0xff,0xff,0xff,0xff,0xff,0xff,0xff,0xff,0xff,0xff,0xff,0xff,0xff,0xff,0xe3,0x00,0x00,0x00,  //.....*@@@@@@@@@@@@@@@@@@@@@@@@@@@@@@@@@*.....
0x00,0x00,0x00,0x5e,0xff,0xff,0xff,0xff,0xff,0xff,0xff,0xff,0xff,0xff,0xff,0xff,0xff,0xff,0xfe,0x40,0x00,0x00,0x00,  //......*@@@@@@@@@@@@@@@@@@@@@@@@@@@@@@@*......
0x00,0x00,0x00,0x03,0xdf,0xff,0xff,0xff,0xff,0xff,0xff,0xff,0xff,0xff,0xff,0xff,0xff,0xff,0xc2,0x00,0x00,0x00,0x00,  //.......+@@@@@@@@@@@@@@@@@@@@@@@@@@@@@+.......
0x00,0x00,0x00,0x00,0x19,0xef,0xff,0xff,0xff,0xff,0xff,0xff,0xff,0xff,0xff,0xff,0xff,0xe7,0x00,0x00,0x00,0x00,0x00,  //........+%@@@@@@@@@@@@@@@@@@@@@@@@@*+........
0x00,0x00,0x00,0x00,0x00,0x2a,0xef,0xff,0xff,0xff,0xff,0xff,0xff,0xff,0xff,0xff,0xe9,0x10,0x00,0x00,0x00,0x00,0x00,  //..........+%@@@@@@@@@@@@@@@@@@@@@%+..........
0x00,0x00,0x00,0x00,0x00,0x00,0x17,0xcf,0xff,0xff,0xff,0xff,0xff,0xff,0xfe,0xb6,0x10,0x00,0x00,0x00,0x00,0x00,0x00,  //............+%@@@@@@@@@@@@@@@@@*+............
0x00,0x00,0x00,0x00,0x00,0x00,0x00,0x01,0x58,0xac,0xde,0xee,0xdc,0xa7,0x51,0x00,0x00,0x00,0x00,0x00,0x00,0x00,0x00,  //...............+*%%@@@@@@@%%*+...............


/* 9 */
0x00,0x00,0x00,0x00,0x00,0x00,0x00,0x00,0x47,0xac,0xde,0xee,0xdb,0x96,0x20,0x00,0x00,0x00,0x00,0x00,0x00,0x00,0x00,  //...............+*%%@@@@@@@%*+................
0x00,0x00,0x00,0x00,0x00,0x00,0x05,0xae,0xff,0xff,0xff,0xff,0xff,0xff,0xfc,0x61,0x00,0x00,0x00,0x00,0x00,0x00,0x00,  //............+*%@@@@@@@@@@@@@@@*+.............
0x00,0x00,0x00,0x00,0x00,0x06,0xdf,0xff,0xff,0xff,0xff,0xff,0xff,0xff,0xff,0xfe,0x60,0x00,0x00,0x00,0x00,0x00,0x00,  //..........+*@@@@@@@@@@@@@@@@@@@@*+...........
0x00,0x00,0x00,0x00,0x02,0xcf,0xff,0xff,0xff,0xff,0xff,0xff,0xff,0xff,0xff,0xff,0xfc,0x20,0x00,0x00,0x00,0x00,0x00,  //.........+@@@@@@@@@@@@@@@@@@@@@@@@+..........
0x00,0x00,0x00,0x00,0x6e,0xff,0xff,0xff,0xff,0xff,0xff,0xff,0xff,0xff,0xff,0xff,0xff,0xe4,0x00,0x00,0x00,0x00,0x00,  //........*@@@@@@@@@@@@@@@@@@@@@@@@@@*.........
0x00,0x00,0x00,0x08,0xff,0xff,0xff,0xff,0xff,0xff,0xff,0xff,0xff,0xff,0xff,0xff,0xff,0xfe,0x40,0x00,0x00,0x00,0x00,  //.......%@@@@@@@@@@@@@@@@@@@@@@@@@@@@*........
0x00,0x00,0x00,0x8f,0xff,0xff,0xff,0xff,0xff,0xff,0xff,0xff,0xff,0xff,0xff,0xff,0xff,0xff,0xe3,0x00,0x00,0x00,0x00,  //......%@@@@@@@@@@@@@@@@@@@@@@@@@@@@@@+.......
0x00,0x00,0x07,0xff,0xff,0xff,0xff,0xff,0xfd,0x85,0x32,0x24,0x6a,0xef,0xff,0xff,0xff,0xff,0xfd,0x10,0x00,0x00,0x00,  //.....*@@@@@@@@@@@@%*+++**%@@@@@@@@@@@@+......
0x00,0x00,0x4e,0xff,0xff,0xff,0xff,0xfc,0x40,0x00,0x00,0x00,0x00,0x18,0xef,0xff,0xff,0xff,0xff,0xa0,0x00,0x00,0x00,  //....*@@@@@@@@@@@*+........+%@@@@@@@@@@%......
0x00,0x01,0xdf,0xff,0xff,0xff,0xff,0x80,0x00,0x00,0x00,0x00,0x00,0x00,0x2c,0xff,0xff,0xff,0xff,0xf5,0x00,0x00,0x00,  //...+@@@@@@@@@@%+............+@@@@@@@@@@*.....
0x00,0x08,0xff,0xff,0xff,0xff,0xf6,0x00,0x00,0x00,0x00,0x00,0x00,0x00,0x01,0xbf,0xff,0xff,0xff,0xfd,0x00,0x00,0x00,  //...%@@@@@@@@@*...............+@@@@@@@@@@+....
0x00,0x2e,0xff,0xff,0xff,0xff,0x70,0x00,0x00,0x00,0x00,0x00,0x00,0x00,0x00,0x1d,0xff,0xff,0xff,0xff,0x60,0x00,0x00,  //..+@@@@@@@@@%.................+@@@@@@@@@*....
0x00,0x9f,0xff,0xff,0xff,0xfb,0x00,0x00,0x00,0x00,0x00,0x00,0x00,0x00,0x00,0x03,0xef,0xff,0xff,0xff,0xd0,0x00,0x00,  //..%@@@@@@@@@+..................+@@@@@@@@@+...
0x01,0xef,0xff,0xff,0xff,0xe1,0x00,0x00,0x00,0x00,0x00,0x00,0x00,0x00,0x00,0x00,0x9f,0xff,0xff,0xff,0xf4,0x00,0x00,  //.+@@@@@@@@@+....................%@@@@@@@@*...
0x05,0xff,0xff,0xff,0xff,0x90,0x00,0x00,0x00,0x00,0x00,0x00,0x00,0x00,0x00,0x00,0x1e,0xff,0xff,0xff,0xfa,0x00,0x00,  //.*@@@@@@@@%.....................+@@@@@@@@%...
0x0a,0xff,0xff,0xff,0xfe,0x20,0x00,0x00,0x00,0x00,0x00,0x00,0x00,0x00,0x00,0x00,0x09,0xff,0xff,0xff,0xfe,0x00,0x00,  //.%@@@@@@@@+......................%@@@@@@@@+..
0x0e,0xff,0xff,0xff,0xfc,0x00,0x00,0x00,0x00,0x00,0x00,0x00,0x00,0x00,0x00,0x00,0x02,0xff,0xff,0xff,0xff,0x40,0x00,  //+@@@@@@@@@.......................+@@@@@@@@*..
0x2f,0xff,0xff,0xff,0xf8,0x00,0x00,0x00,0x00,0x00,0x00,0x00,0x00,0x00,0x00,0x00,0x00,0xcf,0xff,0xff,0xff,0x80,0x00,  //+@@@@@@@@%........................@@@@@@@@%..
0x4f,0xff,0xff,0xff,0xf5,0x00,0x00,0x00,0x00,0x00,0x00,0x00,0x00,0x00,0x00,0x00,0x00,0x9f,0xff,0xff,0xff,0xc0,0x00,  //*@@@@@@@@*........................%@@@@@@@@..
0x6f,0xff,0xff,0xff,0xf3,0x00,0x00,0x00,0x00,0x00,0x00,0x00,0x00,0x00,0x00,0x00,0x00,0x6f,0xff,0xff,0xff,0xe0,0x00,  //*@@@@@@@@+........................*@@@@@@@@+.
0x7f,0xff,0xff,0xff,0xf2,0x00,0x00,0x00,0x00,0x00,0x00,0x00,0x00,0x00,0x00,0x00,0x00,0x3f,0xff,0xff,0xff,0xf3,0x00,  //%@@@@@@@@+........................+@@@@@@@@+.
0x8f,0xff,0xff,0xff,0xf1,0x00,0x00,0x00,0x00,0x00,0x00,0x00,0x00,0x00,0x00,0x00,0x00,0x2f,0xff,0xff,0xff,0xf5,0x00,  //%@@@@@@@@+........................+@@@@@@@@*.
0x9f,0xff,0xff,0xff,0xf2,0x00,0x00,0x00,0x00,0x00,0x00,0x00,0x00,0x00,0x00,0x00,0x00,0x1f,0xff,0xff,0xff,0xf7,0x00,  //%@@@@@@@@+........................+@@@@@@@@%.
0x8f,0xff,0xff,0xff,0xf3,0x00,0x00,0x00,0x00,0x00,0x00,0x00,0x00,0x00,0x00,0x00,0x00,0x0f,0xff,0xff,0xff,0xf9,0x00,  //%@@@@@@@@+........................+@@@@@@@@%.
0x8f,0xff,0xff,0xff,0xf4,0x00,0x00,0x00,0x00,0x00,0x00,0x00,0x00,0x00,0x00,0x00,0x00,0x1f,0xff,0xff,0xff,0xfb,0x00,  //%@@@@@@@@*........................+@@@@@@@@@.
0x6f,0xff,0xff,0xff,0xf7,0x00,0x00,0x00,0x00,0x00,0x00,0x00,0x00,0x00,0x00,0x00,0x00,0x2f,0xff,0xff,0xff,0xfc,0x00,  //*@@@@@@@@%........................+@@@@@@@@@.
0x4f,0xff,0xff,0xff,0xfb,0x00,0x00,0x00,0x00,0x00,0x00,0x00,0x00,0x00,0x00,0x00,0x00,0x5f,0xff,0xff,0xff,0xfd,0x00,  //*@@@@@@@@%........................*@@@@@@@@@.
0x2f,0xff,0xff,0xff,0xfe,0x00,0x00,0x00,0x00,0x00,0x00,0x00,0x00,0x00,0x00,0x00,0x00,0x9f,0xff,0xff,0xff,0xfe,0x00,  //+@@@@@@@@@+.......................%@@@@@@@@@.
0x0d,0xff,0xff,0xff,0xff,0x60,0x00,0x00,0x00,0x00,0x00,0x00,0x00,0x00,0x00,0x00,0x00,0xef,0xff,0xff,0xff,0xff,0x00,  //.@@@@@@@@@*......................+@@@@@@@@@@+
0x09,0xff,0xff,0xff,0xff,0xd0,0x00,0x00,0x00,0x00,0x00,0x00,0x00,0x00,0x00,0x00,0x07,0xff,0xff,0xff,0xff,0xff,0x00,  //.%@@@@@@@@@+.....................%@@@@@@@@@@+
0x05,0xff,0xff,0xff,0xff,0xf7,0x00,0x00,0x00,0x00,0x00,0x00,0x00,0x00,0x00,0x00,0x2e,0xff,0xff,0xff,0xff,0xff,0x00,  //.*@@@@@@@@@*....................+@@@@@@@@@@@+
0x00,0xdf,0xff,0xff,0xff,0xfe,0x30,0x00,0x00,0x00,0x00,0x00,0x00,0x00,0x00,0x00,0xcf,0xff,0xff,0xff,0xff,0xff,0x00,  //.+@@@@@@@@@@+..................+@@@@@@@@@@@@+
0x00,0x7f,0xff,0xff,0xff,0xff,0xd2,0x00,0x00,0x00,0x00,0x00,0x00,0x00,0x00,0x0b,0xff,0xff,0xff,0xff,0xff,0xff,0x00,  //..%@@@@@@@@@@+................+%@@@@@@@@@@@@+
0x00,0x1e,0xff,0xff,0xff,0xff,0xfe,0x40,0x00,0x00,0x00,0x00,0x00,0x00,0x02,0xcf,0xff,0xff,0xff,0xff,0xff,0xff,0x00,  //..+@@@@@@@@@@@*..............+@@@@@@@@@@@@@@+
0x00,0x06,0xff,0xff,0xff,0xff,0xff,0xfa,0x20,0x00,0x00,0x00,0x00,0x01,0x8e,0xff,0xff,0xfe,0xff,0xff,0xff,0xfe,0x00,  //...*@@@@@@@@@@@%+..........+%@@@@@@@@@@@@@@@.
0x00,0x00,0xaf,0xff,0xff,0xff,0xff,0xff,0xeb,0x73,0x21,0x01,0x25,0xae,0xff,0xff,0xff,0xd8,0xff,0xff,0xff,0xfe,0x00,  //...+%@@@@@@@@@@@@@*++++++*%@@@@@@@@%@@@@@@@@.
0x00,0x00,0x1c,0xff,0xff,0xff,0xff,0xff,0xff,0xff,0xff,0xff,0xff,0xff,0xff,0xff,0xff,0x48,0xff,0xff,0xff,0xfd,0x00,  //....+@@@@@@@@@@@@@@@@@@@@@@@@@@@@@*%@@@@@@@@.
0x00,0x00,0x02,0xdf,0xff,0xff,0xff,0xff,0xff,0xff,0xff,0xff,0xff,0xff,0xff,0xff,0xf8,0x09,0xff,0xff,0xff,0xfc,0x00,  //.....+@@@@@@@@@@@@@@@@@@@@@@@@@@@%.%@@@@@@@@.
0x00,0x00,0x00,0x2d,0xff,0xff,0xff,0xff,0xff,0xff,0xff,0xff,0xff,0xff,0xff,0xff,0xa0,0x09,0xff,0xff,0xff,0xfa,0x00,  //......+@@@@@@@@@@@@@@@@@@@@@@@@@%+.%@@@@@@@%.
0x00,0x00,0x00,0x01,0xbf,0xff,0xff,0xff,0xff,0xff,0xff,0xff,0xff,0xff,0xff,0xf9,0x00,0x0a,0xff,0xff,0xff,0xf9,0x00,  //.......+%@@@@@@@@@@@@@@@@@@@@@@%+..%@@@@@@@%.
0x00,0x00,0x00,0x00,0x06,0xef,0xff,0xff,0xff,0xff,0xff,0xff,0xff,0xff,0xfe,0x60,0x00,0x0c,0xff,0xff,0xff,0xf7,0x00,  //........+*@@@@@@@@@@@@@@@@@@@@*+...@@@@@@@@%.
0x00,0x00,0x00,0x00,0x00,0x18,0xef,0xff,0xff,0xff,0xff,0xff,0xff,0xfe,0x92,0x00,0x00,0x0d,0xff,0xff,0xff,0xf5,0x00,  //..........+%@@@@@@@@@@@@@@@@%+.....@@@@@@@@*.
0x00,0x00,0x00,0x00,0x00,0x00,0x05,0x9d,0xff,0xff,0xff,0xff,0xeb,0x61,0x00,0x00,0x00,0x0e,0xff,0xff,0xff,0xf3,0x00,  //............+*%@@@@@@@@@@%*+......+@@@@@@@@+.
0x00,0x00,0x00,0x00,0x00,0x00,0x00,0x00,0x13,0x45,0x54,0x42,0x00,0x00,0x00,0x00,0x00,0x2f,0xff,0xff,0xff,0xf1,0x00,  //................++*****++.........+@@@@@@@@+.
0x00,0x00,0x00,0x00,0x00,0x00,0x00,0x00,0x00,0x00,0x00,0x00,0x00,0x00,0x00,0x00,0x00,0x4f,0xff,0xff,0xff,0xd0,0x00,  //..................................*@@@@@@@@..
0x00,0x00,0x00,0x00,0x00,0x00,0x00,0x00,0x00,0x00,0x00,0x00,0x00,0x00,0x00,0x00,0x00,0x8f,0xff,0xff,0xff,0xa0,0x00,  //..................................%@@@@@@@%..
0x00,0x00,0x00,0x00,0x00,0x00,0x00,0x00,0x00,0x00,0x00,0x00,0x00,0x00,0x00,0x00,0x00,0xbf,0xff,0xff,0xff,0x70,0x00,  //..................................%@@@@@@@*..
0x00,0x00,0x00,0x00,0x00,0x00,0x00,0x00,0x00,0x00,0x00,0x00,0x00,0x00,0x00,0x00,0x00,0xef,0xff,0xff,0xff,0x30,0x00,  //.................................+@@@@@@@@*..
0x00,0x00,0x00,0x00,0x00,0x00,0x00,0x00,0x00,0x00,0x00,0x00,0x00,0x00,0x00,0x00,0x04,0xff,0xff,0xff,0xfe,0x00,0x00,  //.................................*@@@@@@@@+..
0x00,0x00,0x00,0x00,0x00,0x00,0x00,0x00,0x00,0x00,0x00,0x00,0x00,0x00,0x00,0x00,0x09,0xff,0xff,0xff,0xfa,0x00,0x00,  //.................................%@@@@@@@%...
0x00,0x00,0x00,0x00,0x00,0x00,0x00,0x00,0x00,0x00,0x00,0x00,0x00,0x00,0x00,0x00,0x0e,0xff,0xff,0xff,0xf5,0x00,0x00,  //................................+@@@@@@@@*...
0x00,0x00,0x00,0x00,0x00,0x00,0x00,0x00,0x00,0x00,0x00,0x00,0x00,0x00,0x00,0x00,0x5f,0xff,0xff,0xff,0xe1,0x00,0x00,  //................................*@@@@@@@@+...
0x00,0x00,0x00,0x00,0x00,0x00,0x00,0x00,0x00,0x00,0x00,0x00,0x00,0x00,0x00,0x00,0xcf,0xff,0xff,0xff,0x90,0x00,0x00,  //...............................+@@@@@@@@%....
0x00,0x00,0x00,0x00,0x00,0x00,0x00,0x00,0x00,0x00,0x00,0x00,0x00,0x00,0x00,0x04,0xff,0xff,0xff,0xff,0x30,0x00,0x00,  //...............................*@@@@@@@@+....
0x00,0x00,0x00,0x00,0x00,0x00,0x00,0x00,0x00,0x00,0x00,0x00,0x00,0x00,0x00,0x0d,0xff,0xff,0xff,0xfc,0x00,0x00,0x00,  //..............................+@@@@@@@@@.....
0x00,0x00,0x00,0x00,0x00,0x00,0x00,0x00,0x00,0x00,0x00,0x00,0x00,0x00,0x00,0x7f,0xff,0xff,0xff,0xf4,0x00,0x00,0x00,  //..............................%@@@@@@@@*.....
0x00,0x00,0x00,0x00,0x00,0x00,0x00,0x00,0x00,0x00,0x00,0x00,0x00,0x00,0x04,0xef,0xff,0xff,0xff,0xb0,0x00,0x00,0x00,  //.............................*@@@@@@@@@......
0x00,0x00,0x00,0x00,0x00,0x00,0x00,0x00,0x00,0x00,0x00,0x00,0x00,0x00,0x2d,0xff,0xff,0xff,0xfe,0x30,0x00,0x00,0x00,  //............................+@@@@@@@@@*......
0x00,0x00,0x00,0x00,0x00,0x00,0x00,0x00,0x00,0x00,0x00,0x00,0x00,0x02,0xdf,0xff,0xff,0xff,0xf9,0x00,0x00,0x00,0x00,  //...........................+@@@@@@@@@%.......
0x00,0x00,0x00,0x00,0x00,0x00,0x00,0x00,0x00,0x00,0x00,0x00,0x00,0x4e,0xff,0xff,0xff,0xff,0xd0,0x00,0x00,0x00,0x00,  //....+.....................*@@@@@@@@@@+.......
0x00,0x00,0xc8,0x10,0x00,0x00,0x00,0x00,0x00,0x00,0x00,0x00,0x19,0xef,0xff,0xff,0xff,0xfe,0x30,0x00,0x00,0x00,0x00,  //....@%+.................+%@@@@@@@@@@+........
0x00,0x00,0xdf,0xea,0x51,0x00,0x00,0x00,0x00,0x00,0x00,0x28,0xef,0xff,0xff,0xff,0xff,0xf5,0x00,0x00,0x00,0x00,0x00,  //....@@@%*+............+%@@@@@@@@@@@*.........
0x00,0x00,0xdf,0xff,0xfe,0xc9,0x64,0x32,0x22,0x36,0x8c,0xff,0xff,0xff,0xff,0xff,0xff,0x70,0x00,0x00,0x00,0x00,0x00,  //....@@@@@@@%**++++**%@@@@@@@@@@@@@%..........
0x00,0x00,0xdf,0xff,0xff,0xff,0xff,0xff,0xff,0xff,0xff,0xff,0xff,0xff,0xff,0xff,0xf7,0x00,0x00,0x00,0x00,0x00,0x00,  //....@@@@@@@@@@@@@@@@@@@@@@@@@@@@@*...........
0x00,0x00,0xdf,0xff,0xff,0xff,0xff,0xff,0xff,0xff,0xff,0xff,0xff,0xff,0xff,0xfe,0x60,0x00,0x00,0x00,0x00,0x00,0x00,  //....@@@@@@@@@@@@@@@@@@@@@@@@@@@@*............
0x00,0x00,0xdf,0xff,0xff,0xff,0xff,0xff,0xff,0xff,0xff,0xff,0xff,0xff,0xff,0xd3,0x00,0x00,0x00,0x00,0x00,0x00,0x00,  //....@@@@@@@@@@@@@@@@@@@@@@@@@@@+.............
0x00,0x00,0xdf,0xff,0xff,0xff,0xff,0xff,0xff,0xff,0xff,0xff,0xff,0xff,0xe8,0x00,0x00,0x00,0x00,0x00,0x00,0x00,0x00,  //....@@@@@@@@@@@@@@@@@@@@@@@@@%+..............
0x00,0x00,0xcf,0xff,0xff,0xff,0xff,0xff,0xff,0xff,0xff,0xff,0xff,0xe9,0x20,0x00,0x00,0x00,0x00,0x00,0x00,0x00,0x00,  //....@@@@@@@@@@@@@@@@@@@@@@@%+................
0x00,0x00,0x04,0xae,0xff,0xff,0xff,0xff,0xff,0xff,0xff,0xfe,0xb7,0x10,0x00,0x00,0x00,0x00,0x00,0x00,0x00,0x00,0x00,  //....+*%@@@@@@@@@@@@@@@@@@*+..................
0x00,0x00,0x00,0x00,0x26,0x8a,0xcd,0xee,0xee,0xdc,0xa7,0x51,0x00,0x00,0x00,0x00,0x00,0x00,0x00,0x00,0x00,0x00,0x00,  //.......++*%%@@@@@@@@%%*+.....................


/* : */
0x00,0x07,0xce,0xeb,0x50,0x00,  //..+*@@@@*+..
0x01,0xcf,0xff,0xff,0xfa,0x00,  //.+@@@@@@@%+.
0x0c,0xff,0xff,0xff,0xff,0x90,  //+@@@@@@@@@%.
0x5f,0xff,0xff,0xff,0xff,0xf3,  //*@@@@@@@@@@+
0x9f,0xff,0xff,0xff,0xff,0xf7,  //%@@@@@@@@@@*
0xbf,0xff,0xff,0xff,0xff,0xf8,  //%@@@@@@@@@@%
0xaf,0xff,0xff,0xff,0xff,0xf7,  //%@@@@@@@@@@%
0x6f,0xff,0xff,0xff,0xff,0xf3,  //*@@@@@@@@@@+
0x0d,0xff,0xff,0xff,0xff,0xb0,  //+@@@@@@@@@@.
0x02,0xdf,0xff,0xff,0xfc,0x10,  //.+@@@@@@@@+.
0x00,0x19,0xef,0xfd,0x70,0x00,  //..+%@@@@%+..
0x00,0x00,0x01,0x10,0x00,0x00,  //....+++.....
0x00,0x00,0x00,0x00,0x00,0x00,  //............
0x00,0x00,0x00,0x00,0x00,0x00,  //............
0x00,0x00,0x00,0x00,0x00,0x00,  //............
0x00,0x00,0x00,0x00,0x00,0x00,  //............
0x00,0x00,0x00,0x00,0x00,0x00,  //............
0x00,0x00,0x00,0x00,0x00,0x00,  //............
0x00,0x00,0x00,0x00,0x00,0x00,  //............
0x00,0x00,0x00,0x00,0x00,0x00,  //............
0x00,0x00,0x00,0x00,0x00,0x00,  //............
0x00,0x00,0x00,0x00,0x00,0x00,  //............
0x00,0x00,0x00,0x00,0x00,0x00,  //............
0x00,0x00,0x00,0x00,0x00,0x00,  //............
0x00,0x00,0x00,0x00,0x00,0x00,  //............
0x00,0x00,0x00,0x00,0x00,0x00,  //............
0x00,0x00,0x00,0x00,0x00,0x00,  //............
0x00,0x00,0x00,0x00,0x00,0x00,  //............
0x00,0x00,0x00,0x00,0x00,0x00,  //............
0x00,0x00,0x00,0x00,0x00,0x00,  //............
0x00,0x00,0x00,0x00,0x00,0x00,  //............
0x00,0x00,0x00,0x00,0x00,0x00,  //............
0x00,0x00,0x00,0x00,0x00,0x00,  //............
0x00,0x00,0x00,0x00,0x00,0x00,  //............
0x00,0x00,0x00,0x00,0x00,0x00,  //............
0x00,0x00,0x00,0x00,0x00,0x00,  //............
0x00,0x00,0x00,0x00,0x00,0x00,  //............
0x00,0x00,0x00,0x00,0x00,0x00,  //............
0x00,0x00,0x00,0x00,0x00,0x00,  //............
0x00,0x00,0x02,0x20,0x00,0x00,  //....++++....
0x00,0x2a,0xef,0xfe,0x91,0x00,  //..+%@@@@%+..
0x03,0xef,0xff,0xff,0xfd,0x10,  //.+@@@@@@@@+.
0x0d,0xff,0xff,0xff,0xff,0xb0,  //+@@@@@@@@@@.
0x6f,0xff,0xff,0xff,0xff,0xf3,  //*@@@@@@@@@@*
0xaf,0xff,0xff,0xff,0xff,0xf7,  //%@@@@@@@@@@%
0xbf,0xff,0xff,0xff,0xff,0xf8,  //%@@@@@@@@@@%
0x9f,0xff,0xff,0xff,0xff,0xf7,  //%@@@@@@@@@@*
0x5f,0xff,0xff,0xff,0xff,0xf2,  //*@@@@@@@@@@+
0x0c,0xff,0xff,0xff,0xff,0x90,  //+@@@@@@@@@%.
0x01,0xcf,0xff,0xff,0xfb,0x00,  //.+@@@@@@@%+.
0x00,0x07,0xce,0xeb,0x60,0x00,  //..+*@@@@*+..


/*  */
0x00,0x00,0x00,0x00,0x00,0x00,0x00,0x37,0x9b,0xcc,0xcb,0x96,0x30,0x00,0x00,0x00,0x00,0x00,0x00,0x00,0x00,0x00,0x00,0x00,0x00,0x00,0x00,0x00,0x00,0x07,0xcc,0xcc,0xcc,0xcc,0xcb,0x50,0x00,0x00,0x00,  //.............++*%@@@@%%*++................................+*@@@@@@@@@@*......
0x00,0x00,0x00,0x00,0x00,0x03,0x9e,0xff,0xff,0xff,0xff,0xff,0xfd,0x82,0x00,0x00,0x00,0x00,0x00,0x00,0x00,0x00,0x00,0x00,0x00,0x00,0x00,0x00,0x00,0x9f,0xff,0xff,0xff,0xff,0xff,0xf7,0x00,0x00,0x00,  //...........+%@@@@@@@@@@@@@%+..............................%@@@@@@@@@@@@*.....
0x00,0x00,0x00,0x00,0x02,0xaf,0xff,0xff,0xff,0xff,0xff,0xff,0xff,0xfe,0x91,0x00,0x00,0x00,0x00,0x00,0x00,0x00,0x00,0x00,0x00,0x00,0x00,0x00,0x06,0xff,0xff,0xff,0xff,0xff,0xff,0xfe,0x00,0x00,0x00,  //.........+%@@@@@@@@@@@@@@@@@%+...........................*@@@@@@@@@@@@@@+....
0x00,0x00,0x00,0x00,0x7e,0xff,0xff,0xff,0xff,0xff,0xff,0xff,0xff,0xff,0xfe,0x50,0x00,0x00,0x00,0x00,0x00,0x00,0x00,0x00,0x00,0x00,0x00,0x00,0x2e,0xff,0xff,0xff,0xff,0xff,0xff,0xff,0x10,0x00,0x00,  //.......+%@@@@@@@@@@@@@@@@@@@@@*.........................+@@@@@@@@@@@@@@@+....
0x00,0x00,0x00,0x1b,0xff,0xff,0xff,0xff,0xff,0xff,0xff,0xff,0xff,0xff,0xff,0xf9,0x00,0x00,0x00,0x00,0x00,0x00,0x00,0x00,0x00,0x00,0x00,0x00,0xcf,0xff,0xff,0xff,0xff,0xff,0xff,0xfd,0x00,0x00,0x00,  //......+%@@@@@@@@@@@@@@@@@@@@@@@%+......................+@@@@@@@@@@@@@@@@+....
0x00,0x00,0x01,0xcf,0xff,0xff,0xff,0xff,0xff,0xff,0xff,0xff,0xff,0xff,0xff,0xff,0xa0,0x00,0x00,0x00,0x00,0x00,0x00,0x00,0x00,0x00,0x00,0x09,0xff,0xff,0xff,0xff,0xff,0xff,0xff,0xf4,0x00,0x00,0x00,  //.....+@@@@@@@@@@@@@@@@@@@@@@@@@@%+.....................%@@@@@@@@@@@@@@@*.....
0x00,0x00,0x1c,0xff,0xff,0xff,0xff,0xff,0xff,0xff,0xff,0xff,0xff,0xff,0xff,0xff,0xfa,0x00,0x00,0x00,0x00,0x00,0x00,0x00,0x00,0x00,0x00,0x6f,0xff,0xff,0xff,0xff,0xff,0xff,0xff,0x80,0x00,0x00,0x00,  //....+@@@@@@@@@@@@@@@@@@@@@@@@@@@@%+...................*@@@@@@@@@@@@@@@%......
0x00,0x00,0xbf,0xff,0xff,0xff,0xff,0xff,0xff,0xff,0xff,0xff,0xff,0xff,0xff,0xff,0xff,0x90,0x00,0x00,0x00,0x00,0x00,0x00,0x00,0x00,0x02,0xef,0xff,0xff,0xff,0xff,0xff,0xff,0xfc,0x00,0x00,0x00,0x00,  //...+@@@@@@@@@@@@@@@@@@@@@@@@@@@@@@%..................+@@@@@@@@@@@@@@@@+......
0x00,0x08,0xff,0xff,0xff,0xff,0xff,0xff,0xff,0xff,0xff,0xff,0xff,0xff,0xff,0xff,0xff,0xf5,0x00,0x00,0x00,0x00,0x00,0x00,0x00,0x00,0x0c,0xff,0xff,0xff,0xff,0xff,0xff,0xff,0xe2,0x00,0x00,0x00,0x00,  //...%@@@@@@@@@@@@@@@@@@@@@@@@@@@@@@@*................+@@@@@@@@@@@@@@@@+.......
0x00,0x3e,0xff,0xff,0xff,0xff,0xff,0xff,0xff,0xff,0xff,0xff,0xff,0xff,0xff,0xff,0xff,0xfe,0x10,0x00,0x00,0x00,0x00,0x00,0x00,0x00,0x9f,0xff,0xff,0xff,0xff,0xff,0xff,0xff,0x40,0x00,0x00,0x00,0x00,  //..+@@@@@@@@@@@@@@@@@@@@@@@@@@@@@@@@@+...............%@@@@@@@@@@@@@@@*........
0x00,0xbf,0xff,0xff,0xff,0xff,0xff,0xff,0xff,0xff,0xff,0xff,0xff,0xff,0xff,0xff,0xff,0xff,0x90,0x00,0x00,0x00,0x00,0x00,0x00,0x06,0xff,0xff,0xff,0xff,0xff,0xff,0xff,0xf8,0x00,0x00,0x00,0x00,0x00,  //..@@@@@@@@@@@@@@@@@@@@@@@@@@@@@@@@@@%..............*@@@@@@@@@@@@@@@%.........
0x04,0xff,0xff,0xff,0xff,0xff,0xff,0xff,0xff,0xff,0xff,0xff,0xff,0xff,0xff,0xff,0xff,0xff,0xe2,0x00,0x00,0x00,0x00,0x00,0x00,0x2e,0xff,0xff,0xff,0xff,0xff,0xff,0xff,0xb0,0x00,0x00,0x00,0x00,0x00,  //.*@@@@@@@@@@@@@@@@@@@@@@@@@@@@@@@@@@@+............+@@@@@@@@@@@@@@@@+.........
0x0a,0xff,0xff,0xff,0xff,0xff,0xff,0xff,0xff,0xff,0xff,0xff,0xff,0xff,0xff,0xff,0xff,0xff,0xf8,0x00,0x00,0x00,0x00,0x00,0x00,0xcf,0xff,0xff,0xff,0xff,0xff,0xff,0xfe,0x10,0x00,0x00,0x00,0x00,0x00,  //.%@@@@@@@@@@@@@@@@@@@@@@@@@@@@@@@@@@@%...........+@@@@@@@@@@@@@@@@+..........
0x1e,0xff,0xff,0xff,0xff,0xff,0xff,0xff,0xa4,0x10,0x15,0xcf,0xff,0xff,0xff,0xff,0xff,0xff,0xfd,0x00,0x00,0x00,0x00,0x00,0x09,0xff,0xff,0xff,0xff,0xff,0xff,0xff,0xf4,0x00,0x00,0x00,0x00,0x00,0x00,  //+@@@@@@@@@@@@@@@%*+++*@@@@@@@@@@@@@@@@+..........%@@@@@@@@@@@@@@@*...........
0x5f,0xff,0xff,0xff,0xff,0xff,0xff,0xe5,0x00,0x00,0x00,0x07,0xef,0xff,0xff,0xff,0xff,0xff,0xff,0x30,0x00,0x00,0x00,0x00,0x6f,0xff,0xff,0xff,0xff,0xff,0xff,0xff,0x80,0x00,0x00,0x00,0x00,0x00,0x00,  //*@@@@@@@@@@@@@@*......+*@@@@@@@@@@@@@@+.........*@@@@@@@@@@@@@@@%............
0x8f,0xff,0xff,0xff,0xff,0xff,0xfe,0x40,0x00,0x00,0x00,0x00,0x7f,0xff,0xff,0xff,0xff,0xff,0xff,0x60,0x00,0x00,0x00,0x02,0xef,0xff,0xff,0xff,0xff,0xff,0xff,0xfb,0x00,0x00,0x00,0x00,0x00,0x00,0x00,  //%@@@@@@@@@@@@@*.........*@@@@@@@@@@@@@*........+@@@@@@@@@@@@@@@@+............
0xbf,0xff,0xff,0xff,0xff,0xff,0xf9,0x00,0x00,0x00,0x00,0x00,0x0b,0xff,0xff,0xff,0xff,0xff,0xff,0x90,0x00,0x00,0x00,0x0c,0xff,0xff,0xff,0xff,0xff,0xff,0xff,0xe1,0x00,0x00,0x00,0x00,0x00,0x00,0x00,  //@@@@@@@@@@@@@%..........+@@@@@@@@@@@@@%.......+@@@@@@@@@@@@@@@@+.............
0xdf,0xff,0xff,0xff,0xff,0xff,0xf3,0x00,0x00,0x00,0x00,0x00,0x05,0xff,0xff,0xff,0xff,0xff,0xff,0xb0,0x00,0x00,0x00,0x9f,0xff,0xff,0xff,0xff,0xff,0xff,0xff,0x40,0x00,0x00,0x00,0x00,0x00,0x00,0x00,  //@@@@@@@@@@@@@+...........*@@@@@@@@@@@@%.......%@@@@@@@@@@@@@@@*..............
0xef,0xff,0xff,0xff,0xff,0xff,0xe0,0x00,0x00,0x00,0x00,0x00,0x01,0xff,0xff,0xff,0xff,0xff,0xff,0xc0,0x00,0x00,0x06,0xff,0xff,0xff,0xff,0xff,0xff,0xff,0xf8,0x00,0x00,0x00,0x00,0x00,0x00,0x00,0x00,  //@@@@@@@@@@@@@............+@@@@@@@@@@@@@......*@@@@@@@@@@@@@@@%...............
0xef,0xff,0xff,0xff,0xff,0xff,0xd0,0x00,0x00,0x00,0x00,0x00,0x00,0xff,0xff,0xff,0xff,0xff,0xff,0xc0,0x00,0x00,0x2e,0xff,0xff,0xff,0xff,0xff,0xff,0xff,0xb0,0x00,0x00,0x00,0x00,0x00,0x00,0x00,0x00,  //@@@@@@@@@@@@@............+@@@@@@@@@@@@@.....+@@@@@@@@@@@@@@@@+...............
0xef,0xff,0xff,0xff,0xff,0xff,0xe0,0x00,0x00,0x00,0x00,0x00,0x01,0xff,0xff,0xff,0xff,0xff,0xff,0xc0,0x00,0x00,0xcf,0xff,0xff,0xff,0xff,0xff,0xff,0xfe,0x10,0x00,0x00,0x00,0x00,0x00,0x00,0x00,0x00,  //@@@@@@@@@@@@@............+@@@@@@@@@@@@@....+@@@@@@@@@@@@@@@@+................
0xdf,0xff,0xff,0xff,0xff,0xff,0xf3,0x00,0x00,0x00,0x00,0x00,0x05,0xff,0xff,0xff,0xff,0xff,0xff,0xb0,0x00,0x0a,0xff,0xff,0xff,0xff,0xff,0xff,0xff,0xf4,0x00,0x00,0x00,0x00,0x00,0x00,0x00,0x00,0x00,  //@@@@@@@@@@@@@+...........*@@@@@@@@@@@@@....%@@@@@@@@@@@@@@@*.................
0xbf,0xff,0xff,0xff,0xff,0xff,0xf9,0x00,0x00,0x00,0x00,0x00,0x0b,0xff,0xff,0xff,0xff,0xff,0xff,0x90,0x00,0x6f,0xff,0xff,0xff,0xff,0xff,0xff,0xff,0x80,0x00,0x00,0x00,0x00,0x00,0x00,0x00,0x00,0x00,  //@@@@@@@@@@@@@%...........@@@@@@@@@@@@@%...*@@@@@@@@@@@@@@@%..................
0x9f,0xff,0xff,0xff,0xff,0xff,0xfe,0x40,0x00,0x00,0x00,0x00,0x7f,0xff,0xff,0xff,0xff,0xff,0xff,0x70,0x02,0xef,0xff,0xff,0xff,0xff,0xff,0xff,0xfb,0x00,0x00,0x00,0x00,0x00,0x00,0x00,0x00,0x00,0x00,  //%@@@@@@@@@@@@@*.........*@@@@@@@@@@@@@*..+@@@@@@@@@@@@@@@@+..................
0x5f,0xff,0xff,0xff,0xff,0xff,0xff,0xe5,0x00,0x00,0x00,0x07,0xef,0xff,0xff,0xff,0xff,0xff,0xff,0x30,0x0d,0xff,0xff,0xff,0xff,0xff,0xff,0xff,0xe1,0x00,0x00,0x00,0x00,0x00,0x00,0x00,0x00,0x00,0x00,  //*@@@@@@@@@@@@@@*......+*@@@@@@@@@@@@@@+.+@@@@@@@@@@@@@@@@+...................
0x1f,0xff,0xff,0xff,0xff,0xff,0xff,0xff,0xa4,0x10,0x15,0xbf,0xff,0xff,0xff,0xff,0xff,0xff,0xfe,0x00,0xaf,0xff,0xff,0xff,0xff,0xff,0xff,0xff,0x40,0x00,0x00,0x00,0x00,0x00,0x00,0x00,0x00,0x00,0x00,  //+@@@@@@@@@@@@@@@%*+++*@@@@@@@@@@@@@@@@+.%@@@@@@@@@@@@@@@*....................
0x0b,0xff,0xff,0xff,0xff,0xff,0xff,0xff,0xff,0xff,0xff,0xff,0xff,0xff,0xff,0xff,0xff,0xff,0xf9,0x06,0xff,0xff,0xff,0xff,0xff,0xff,0xff,0xf8,0x00,0x00,0x00,0x00,0x00,0x00,0x00,0x00,0x00,0x00,0x00,  //.@@@@@@@@@@@@@@@@@@@@@@@@@@@@@@@@@@@@%.*@@@@@@@@@@@@@@@%.....................
0x05,0xff,0xff,0xff,0xff,0xff,0xff,0xff,0xff,0xff,0xff,0xff,0xff,0xff,0xff,0xff,0xff,0xff,0xf3,0x3e,0xff,0xff,0xff,0xff,0xff,0xff,0xff,0xb0,0x00,0x00,0x00,0x00,0x00,0x00,0x00,0x00,0x00,0x00,0x00,  //.*@@@@@@@@@@@@@@@@@@@@@@@@@@@@@@@@@@@++@@@@@@@@@@@@@@@@+.....................
0x00,0xdf,0xff,0xff,0xff,0xff,0xff,0xff,0xff,0xff,0xff,0xff,0xff,0xff,0xff,0xff,0xff,0xff,0xa0,0xdf,0xff,0xff,0xff,0xff,0xff,0xff,0xfd,0x10,0x00,0x00,0x00,0x00,0x00,0x00,0x00,0x00,0x00,0x00,0x00,  //.+@@@@@@@@@@@@@@@@@@@@@@@@@@@@@@@@@@%+@@@@@@@@@@@@@@@@+......................
0x00,0x4f,0xff,0xff,0xff,0xff,0xff,0xff,0xff,0xff,0xff,0xff,0xff,0xff,0xff,0xff,0xff,0xfe,0x2a,0xff,0xff,0xff,0xff,0xff,0xff,0xff,0xe4,0x00,0x00,0x00,0x00,0x00,0x00,0x00,0x00,0x00,0x00,0x00,0x00,  //..*@@@@@@@@@@@@@@@@@@@@@@@@@@@@@@@@@+%@@@@@@@@@@@@@@@*.......................
0x00,0x09,0xff,0xff,0xff,0xff,0xff,0xff,0xff,0xff,0xff,0xff,0xff,0xff,0xff,0xff,0xff,0xf7,0x6f,0xff,0xff,0xff,0xff,0xff,0xff,0xff,0x80,0x00,0x00,0x00,0x00,0x00,0x00,0x00,0x00,0x00,0x00,0x00,0x00,  //...%@@@@@@@@@@@@@@@@@@@@@@@@@@@@@@@%*@@@@@@@@@@@@@@@%........................
0x00,0x00,0xcf,0xff,0xff,0xff,0xff,0xff,0xff,0xff,0xff,0xff,0xff,0xff,0xff,0xff,0xff,0xb3,0xef,0xff,0xff,0xff,0xff,0xff,0xff,0xfb,0x00,0x00,0x00,0x00,0x00,0x00,0x00,0x00,0x00,0x00,0x00,0x00,0x00,  //...+@@@@@@@@@@@@@@@@@@@@@@@@@@@@@@%+@@@@@@@@@@@@@@@@+........................
0x00,0x00,0x2d,0xff,0xff,0xff,0xff,0xff,0xff,0xff,0xff,0xff,0xff,0xff,0xff,0xff,0xfc,0x2d,0xff,0xff,0xff,0xff,0xff,0xff,0xff,0xd1,0x00,0x00,0x00,0x00,0x00,0x00,0x00,0x00,0x00,0x00,0x00,0x00,0x00,  //....+@@@@@@@@@@@@@@@@@@@@@@@@@@@@@+@@@@@@@@@@@@@@@@+.........................
0x00,0x00,0x02,0xdf,0xff,0xff,0xff,0xff,0xff,0xff,0xff,0xff,0xff,0xff,0xff,0xff,0xc1,0xaf,0xff,0xff,0xff,0xff,0xff,0xff,0xfe,0x40,0x00,0x00,0x00,0x00,0x00,0x00,0x00,0x00,0x00,0x00,0x00,0x00,0x00,  //.....+@@@@@@@@@@@@@@@@@@@@@@@@@@@+%@@@@@@@@@@@@@@@*..........................
0x00,0x00,0x00,0x2c,0xff,0xff,0xff,0xff,0xff,0xff,0xff,0xff,0xff,0xff,0xff,0xfb,0x16,0xff,0xff,0xff,0xff,0xff,0xff,0xff,0xf8,0x00,0x00,0x00,0x00,0x00,0x00,0x00,0x00,0x00,0x00,0x00,0x00,0x00,0x00,  //......+@@@@@@@@@@@@@@@@@@@@@@@@@+*@@@@@@@@@@@@@@@%...........................
0x00,0x00,0x00,0x00,0x9f,0xff,0xff,0xff,0xff,0xff,0xff,0xff,0xff,0xff,0xfe,0x80,0x3e,0xff,0xff,0xff,0xff,0xff,0xff,0xff,0xb0,0x00,0x00,0x00,0x00,0x00,0x00,0x00,0x00,0x00,0x00,0x00,0x00,0x00,0x00,  //.......+%@@@@@@@@@@@@@@@@@@@@@%++@@@@@@@@@@@@@@@@+...........................
0x00,0x00,0x00,0x00,0x04,0xdf,0xff,0xff,0xff,0xff,0xff,0xff,0xff,0xff,0xb3,0x00,0xdf,0xff,0xff,0xff,0xff,0xff,0xff,0xfd,0x10,0x00,0x00,0x00,0x00,0x00,0x00,0x00,0x00,0x00,0x00,0x00,0x00,0x00,0x00,  //.........*@@@@@@@@@@@@@@@@@@@+.+@@@@@@@@@@@@@@@@+............................
0x00,0x00,0x00,0x00,0x00,0x05,0xbf,0xff,0xff,0xff,0xff,0xff,0xfe,0xa4,0x00,0x0a,0xff,0xff,0xff,0xff,0xff,0xff,0xff,0xe4,0x00,0x00,0x00,0x00,0x00,0x00,0x00,0x00,0x00,0x00,0x00,0x00,0x00,0x00,0x00,  //..........+*@@@@@@@@@@@@@@%*...%@@@@@@@@@@@@@@@*.............................
0x00,0x00,0x00,0x00,0x00,0x00,0x01,0x59,0xbd,0xee,0xed,0xb8,0x51,0x00,0x00,0x6f,0xff,0xff,0xff,0xff,0xff,0xff,0xff,0x80,0x00,0x00,0x00,0x00,0x00,0x00,0x00,0x00,0x00,0x00,0x00,0x00,0x00,0x00,0x00,  //.............+*%@@@@@@@%*+....*@@@@@@@@@@@@@@@%..............................
0x00,0x00,0x00,0x00,0x00,0x00,0x00,0x00,0x00,0x00,0x00,0x00,0x00,0x00,0x03,0xef,0xff,0xff,0xff,0xff,0xff,0xff,0xfb,0x00,0x00,0x00,0x37,0xac,0xee,0xed,0xca,0x63,0x00,0x00,0x00,0x00,0x00,0x00,0x00,  //.............................+@@@@@@@@@@@@@@@@+....+*%%@@@@@@%*+.............
0x00,0x00,0x00,0x00,0x00,0x00,0x00,0x00,0x00,0x00,0x00,0x00,0x00,0x00,0x1d,0xff,0xff,0xff,0xff,0xff,0xff,0xff,0xd1,0x00,0x01,0x8d,0xff,0xff,0xff,0xff,0xff,0xff,0xd7,0x00,0x00,0x00,0x00,0x00,0x00,  //............................+@@@@@@@@@@@@@@@@+...+%@@@@@@@@@@@@@@*+..........
0x00,0x00,0x00,0x00,0x00,0x00,0x00,0x00,0x00,0x00,0x00,0x00,0x00,0x00,0xaf,0xff,0xff,0xff,0xff,0xff,0xff,0xfe,0x40,0x00,0x8e,0xff,0xff,0xff,0xff,0xff,0xff,0xff,0xff,0xe6,0x00,0x00,0x00,0x00,0x00,  //............................%@@@@@@@@@@@@@@@*..+%@@@@@@@@@@@@@@@@@@*+........
0x00,0x00,0x00,0x00,0x00,0x00,0x00,0x00,0x00,0x00,0x00,0x00,0x00,0x06,0xff,0xff,0xff,0xff,0xff,0xff,0xff,0xf8,0x00,0x3d,0xff,0xff,0xff,0xff,0xff,0xff,0xff,0xff,0xff,0xff,0xc2,0x00,0x00,0x00,0x00,  //...........................*@@@@@@@@@@@@@@@%..+@@@@@@@@@@@@@@@@@@@@@@+.......
0x00,0x00,0x00,0x00,0x00,0x00,0x00,0x00,0x00,0x00,0x00,0x00,0x00,0x3e,0xff,0xff,0xff,0xff,0xff,0xff,0xff,0xb0,0x06,0xef,0xff,0xff,0xff,0xff,0xff,0xff,0xff,0xff,0xff,0xff,0xfe,0x40,0x00,0x00,0x00,  //..........................+@@@@@@@@@@@@@@@@+.*@@@@@@@@@@@@@@@@@@@@@@@@*......
0x00,0x00,0x00,0x00,0x00,0x00,0x00,0x00,0x00,0x00,0x00,0x00,0x01,0xdf,0xff,0xff,0xff,0xff,0xff,0xff,0xfd,0x10,0x7f,0xff,0xff,0xff,0xff,0xff,0xff,0xff,0xff,0xff,0xff,0xff,0xff,0xe5,0x00,0x00,0x00,  //.........................+@@@@@@@@@@@@@@@@+.*@@@@@@@@@@@@@@@@@@@@@@@@@@*.....
0x00,0x00,0x00,0x00,0x00,0x00,0x00,0x00,0x00,0x00,0x00,0x00,0x0a,0xff,0xff,0xff,0xff,0xff,0xff,0xff,0xe4,0x06,0xff,0xff,0xff,0xff,0xff,0xff,0xff,0xff,0xff,0xff,0xff,0xff,0xff,0xfe,0x40,0x00,0x00,  //.........................%@@@@@@@@@@@@@@@*.*@@@@@@@@@@@@@@@@@@@@@@@@@@@@*....
0x00,0x00,0x00,0x00,0x00,0x00,0x00,0x00,0x00,0x00,0x00,0x00,0x6f,0xff,0xff,0xff,0xff,0xff,0xff,0xff,0x70,0x4e,0xff,0xff,0xff,0xff,0xff,0xff,0xff,0xff,0xff,0xff,0xff,0xff,0xff,0xff,0xe2,0x00,0x00,  //........................*@@@@@@@@@@@@@@@%.*@@@@@@@@@@@@@@@@@@@@@@@@@@@@@@+...
0x00,0x00,0x00,0x00,0x00,0x00,0x00,0x00,0x00,0x00,0x00,0x03,0xef,0xff,0xff,0xff,0xff,0xff,0xff,0xfb,0x01,0xdf,0xff,0xff,0xff,0xff,0xff,0xff,0xff,0xff,0xff,0xff,0xff,0xff,0xff,0xff,0xfc,0x00,0x00,  //.......................+@@@@@@@@@@@@@@@@++@@@@@@@@@@@@@@@@@@@@@@@@@@@@@@@@+..
0x00,0x00,0x00,0x00,0x00,0x00,0x00,0x00,0x00,0x00,0x00,0x1d,0xff,0xff,0xff,0xff,0xff,0xff,0xff,0xd1,0x09,0xff,0xff,0xff,0xff,0xff,0xff,0xff,0xff,0xff,0xff,0xff,0xff,0xff,0xff,0xff,0xff,0x70,0x00,  //......................+@@@@@@@@@@@@@@@@+.%@@@@@@@@@@@@@@@@@@@@@@@@@@@@@@@@*..
0x00,0x00,0x00,0x00,0x00,0x00,0x00,0x00,0x00,0x00,0x00,0xaf,0xff,0xff,0xff,0xff,0xff,0xff,0xfe,0x40,0x2e,0xff,0xff,0xff,0xff,0xff,0xff,0xff,0xff,0xff,0xff,0xff,0xff,0xff,0xff,0xff,0xff,0xe1,0x00,  //.....................+%@@@@@@@@@@@@@@@*.+@@@@@@@@@@@@@@@@@@@@@@@@@@@@@@@@@@+.
0x00,0x00,0x00,0x00,0x00,0x00,0x00,0x00,0x00,0x00,0x06,0xff,0xff,0xff,0xff,0xff,0xff,0xff,0xf7,0x00,0x9f,0xff,0xff,0xff,0xff,0xff,0xff,0xff,0xff,0xff,0xff,0xff,0xff,0xff,0xff,0xff,0xff,0xf7,0x00,  //.....................*@@@@@@@@@@@@@@@%..%@@@@@@@@@@@@@@@@@@@@@@@@@@@@@@@@@@*.
0x00,0x00,0x00,0x00,0x00,0x00,0x00,0x00,0x00,0x00,0x3e,0xff,0xff,0xff,0xff,0xff,0xff,0xff,0xb0,0x00,0xef,0xff,0xff,0xff,0xff,0xff,0xff,0xff,0xed,0xdf,0xff,0xff,0xff,0xff,0xff,0xff,0xff,0xfd,0x00,  //....................+@@@@@@@@@@@@@@@@+.+@@@@@@@@@@@@@@@@@@@@@@@@@@@@@@@@@@@@+
0x00,0x00,0x00,0x00,0x00,0x00,0x00,0x00,0x00,0x01,0xdf,0xff,0xff,0xff,0xff,0xff,0xff,0xfd,0x10,0x05,0xff,0xff,0xff,0xff,0xff,0xff,0xff,0xc4,0x00,0x01,0x7e,0xff,0xff,0xff,0xff,0xff,0xff,0xff,0x30,  //...................+@@@@@@@@@@@@@@@@+..*@@@@@@@@@@@@@@@*+..+*@@@@@@@@@@@@@@@+
0x00,0x00,0x00,0x00,0x00,0x00,0x00,0x00,0x00,0x0a,0xff,0xff,0xff,0xff,0xff,0xff,0xff,0xe4,0x00,0x09,0xff,0xff,0xff,0xff,0xff,0xff,0xf9,0x00,0x00,0x00,0x02,0xcf,0xff,0xff,0xff,0xff,0xff,0xff,0x70,  //..................+%@@@@@@@@@@@@@@@*...%@@@@@@@@@@@@@%+......+@@@@@@@@@@@@@@*
0x00,0x00,0x00,0x00,0x00,0x00,0x00,0x00,0x00,0x6f,0xff,0xff,0xff,0xff,0xff,0xff,0xff,0x70,0x00,0x0c,0xff,0xff,0xff,0xff,0xff,0xff,0xa0,0x00,0x00,0x00,0x00,0x1d,0xff,0xff,0xff,0xff,0xff,0xff,0xa0,  //..................*@@@@@@@@@@@@@@@%....@@@@@@@@@@@@@%+........+@@@@@@@@@@@@@%
0x00,0x00,0x00,0x00,0x00,0x00,0x00,0x00,0x03,0xef,0xff,0xff,0xff,0xff,0xff,0xff,0xfb,0x00,0x00,0x0e,0xff,0xff,0xff,0xff,0xff,0xfe,0x10,0x00,0x00,0x00,0x00,0x06,0xff,0xff,0xff,0xff,0xff,0xff,0xc0,  //.................+@@@@@@@@@@@@@@@@+...+@@@@@@@@@@@@@+..........*@@@@@@@@@@@@@
0x00,0x00,0x00,0x00,0x00,0x00,0x00,0x00,0x1d,0xff,0xff,0xff,0xff,0xff,0xff,0xff,0xd1,0x00,0x00,0x1f,0xff,0xff,0xff,0xff,0xff,0xfa,0x00,0x00,0x00,0x00,0x00,0x01,0xef,0xff,0xff,0xff,0xff,0xff,0xe0,  //................+@@@@@@@@@@@@@@@@+....+@@@@@@@@@@@@%...........+@@@@@@@@@@@@@
0x00,0x00,0x00,0x00,0x00,0x00,0x00,0x00,0xaf,0xff,0xff,0xff,0xff,0xff,0xff,0xfe,0x40,0x00,0x00,0x1f,0xff,0xff,0xff,0xff,0xff,0xf8,0x00,0x00,0x00,0x00,0x00,0x00,0xdf,0xff,0xff,0xff,0xff,0xff,0xe0,  //...............+%@@@@@@@@@@@@@@@*.....+@@@@@@@@@@@@%............@@@@@@@@@@@@@
0x00,0x00,0x00,0x00,0x00,0x00,0x00,0x06,0xff,0xff,0xff,0xff,0xff,0xff,0xff,0xf7,0x00,0x00,0x00,0x1f,0xff,0xff,0xff,0xff,0xff,0xf8,0x00,0x00,0x00,0x00,0x00,0x00,0xdf,0xff,0xff,0xff,0xff,0xff,0xe0,  //...............*@@@@@@@@@@@@@@@%......+@@@@@@@@@@@@%............@@@@@@@@@@@@@
0x00,0x00,0x00,0x00,0x00,0x00,0x00,0x3e,0xff,0xff,0xff,0xff,0xff,0xff,0xff,0xb0,0x00,0x00,0x00,0x1f,0xff,0xff,0xff,0xff,0xff,0xfa,0x00,0x00,0x00,0x00,0x00,0x01,0xef,0xff,0xff,0xff,0xff,0xff,0xe0,  //..............+@@@@@@@@@@@@@@@%+......+@@@@@@@@@@@@%...........+@@@@@@@@@@@@@
0x00,0x00,0x00,0x00,0x00,0x00,0x01,0xdf,0xff,0xff,0xff,0xff,0xff,0xff,0xfd,0x10,0x00,0x00,0x00,0x0e,0xff,0xff,0xff,0xff,0xff,0xfe,0x10,0x00,0x00,0x00,0x00,0x06,0xff,0xff,0xff,0xff,0xff,0xff,0xc0,  //.............+@@@@@@@@@@@@@@@@+.......+@@@@@@@@@@@@@+..........*@@@@@@@@@@@@@
0x00,0x00,0x00,0x00,0x00,0x00,0x0a,0xff,0xff,0xff,0xff,0xff,0xff,0xff,0xe4,0x00,0x00,0x00,0x00,0x0c,0xff,0xff,0xff,0xff,0xff,0xff,0xa0,0x00,0x00,0x00,0x00,0x1d,0xff,0xff,0xff,0xff,0xff,0xff,0xa0,  //............+%@@@@@@@@@@@@@@@*.........@@@@@@@@@@@@@%+........+@@@@@@@@@@@@@%
0x00,0x00,0x00,0x00,0x00,0x00,0x7f,0xff,0xff,0xff,0xff,0xff,0xff,0xff,0x70,0x00,0x00,0x00,0x00,0x09,0xff,0xff,0xff,0xff,0xff,0xff,0xf8,0x00,0x00,0x00,0x01,0xcf,0xff,0xff,0xff,0xff,0xff,0xff,0x70,  //............*@@@@@@@@@@@@@@@%..........%@@@@@@@@@@@@@%+......+@@@@@@@@@@@@@@*
0x00,0x00,0x00,0x00,0x00,0x03,0xef,0xff,0xff,0xff,0xff,0xff,0xff,0xfb,0x00,0x00,0x00,0x00,0x00,0x05,0xff,0xff,0xff,0xff,0xff,0xff,0xff,0xc4,0x00,0x01,0x6e,0xff,0xff,0xff,0xff,0xff,0xff,0xff,0x30,  //...........+@@@@@@@@@@@@@@@%+..........*@@@@@@@@@@@@@@@*+..+*@@@@@@@@@@@@@@@+
0x00,0x00,0x00,0x00,0x00,0x1d,0xff,0xff,0xff,0xff,0xff,0xff,0xff,0xd1,0x00,0x00,0x00,0x00,0x00,0x00,0xef,0xff,0xff,0xff,0xff,0xff,0xff,0xff,0xed,0xde,0xff,0xff,0xff,0xff,0xff,0xff,0xff,0xfd,0x00,  //..........+@@@@@@@@@@@@@@@@+...........+@@@@@@@@@@@@@@@@@@@@@@@@@@@@@@@@@@@@+
0x00,0x00,0x00,0x00,0x00,0xaf,0xff,0xff,0xff,0xff,0xff,0xff,0xfe,0x40,0x00,0x00,0x00,0x00,0x00,0x00,0x9f,0xff,0xff,0xff,0xff,0xff,0xff,0xff,0xff,0xff,0xff,0xff,0xff,0xff,0xff,0xff,0xff,0xf7,0x00,  //.........+%@@@@@@@@@@@@@@@*.............%@@@@@@@@@@@@@@@@@@@@@@@@@@@@@@@@@@*.
0x00,0x00,0x00,0x00,0x07,0xff,0xff,0xff,0xff,0xff,0xff,0xff,0xf7,0x00,0x00,0x00,0x00,0x00,0x00,0x00,0x2e,0xff,0xff,0xff,0xff,0xff,0xff,0xff,0xff,0xff,0xff,0xff,0xff,0xff,0xff,0xff,0xff,0xe1,0x00,  //.........*@@@@@@@@@@@@@@@%..............+@@@@@@@@@@@@@@@@@@@@@@@@@@@@@@@@@@+.
0x00,0x00,0x00,0x00,0x3e,0xff,0xff,0xff,0xff,0xff,0xff,0xff,0xb0,0x00,0x00,0x00,0x00,0x00,0x00,0x00,0x09,0xff,0xff,0xff,0xff,0xff,0xff,0xff,0xff,0xff,0xff,0xff,0xff,0xff,0xff,0xff,0xff,0x70,0x00,  //........+@@@@@@@@@@@@@@@%+...............%@@@@@@@@@@@@@@@@@@@@@@@@@@@@@@@@*..
0x00,0x00,0x00,0x01,0xdf,0xff,0xff,0xff,0xff,0xff,0xff,0xfd,0x10,0x00,0x00,0x00,0x00,0x00,0x00,0x00,0x01,0xdf,0xff,0xff,0xff,0xff,0xff,0xff,0xff,0xff,0xff,0xff,0xff,0xff,0xff,0xff,0xfc,0x00,0x00,  //.......+@@@@@@@@@@@@@@@@+................+@@@@@@@@@@@@@@@@@@@@@@@@@@@@@@@@+..
0x00,0x00,0x00,0x0a,0xff,0xff,0xff,0xff,0xff,0xff,0xff,0xe3,0x00,0x00,0x00,0x00,0x00,0x00,0x00,0x00,0x00,0x4e,0xff,0xff,0xff,0xff,0xff,0xff,0xff,0xff,0xff,0xff,0xff,0xff,0xff,0xff,0xe2,0x00,0x00,  //......+%@@@@@@@@@@@@@@@*..................*@@@@@@@@@@@@@@@@@@@@@@@@@@@@@@+...
0x00,0x00,0x00,0x7f,0xff,0xff,0xff,0xff,0xff,0xff,0xff,0x70,0x00,0x00,0x00,0x00,0x00,0x00,0x00,0x00,0x00,0x06,0xff,0xff,0xff,0xff,0xff,0xff,0xff,0xff,0xff,0xff,0xff,0xff,0xff,0xfe,0x40,0x00,0x00,  //......*@@@@@@@@@@@@@@@%....................*@@@@@@@@@@@@@@@@@@@@@@@@@@@@*....
0x00,0x00,0x03,0xef,0xff,0xff,0xff,0xff,0xff,0xff,0xfb,0x00,0x00,0x00,0x00,0x00,0x00,0x00,0x00,0x00,0x00,0x00,0x7f,0xff,0xff,0xff,0xff,0xff,0xff,0xff,0xff,0xff,0xff,0xff,0xff,0xe5,0x00,0x00,0x00,  //.....+@@@@@@@@@@@@@@@%+.....................*@@@@@@@@@@@@@@@@@@@@@@@@@@*.....
0x00,0x00,0x0c,0xff,0xff,0xff,0xff,0xff,0xff,0xff,0xd1,0x00,0x00,0x00,0x00,0x00,0x00,0x00,0x00,0x00,0x00,0x00,0x06,0xef,0xff,0xff,0xff,0xff,0xff,0xff,0xff,0xff,0xff,0xff,0xfe,0x40,0x00,0x00,0x00,  //....+@@@@@@@@@@@@@@@@+.......................*@@@@@@@@@@@@@@@@@@@@@@@@*......
0x00,0x00,0x1f,0xff,0xff,0xff,0xff,0xff,0xff,0xfe,0x30,0x00,0x00,0x00,0x00,0x00,0x00,0x00,0x00,0x00,0x00,0x00,0x00,0x3d,0xff,0xff,0xff,0xff,0xff,0xff,0xff,0xff,0xff,0xff,0xc2,0x00,0x00,0x00,0x00,  //....+@@@@@@@@@@@@@@@*.........................+@@@@@@@@@@@@@@@@@@@@@@+.......
0x00,0x00,0x0e,0xff,0xff,0xff,0xff,0xff,0xff,0xf7,0x00,0x00,0x00,0x00,0x00,0x00,0x00,0x00,0x00,0x00,0x00,0x00,0x00,0x00,0x8e,0xff,0xff,0xff,0xff,0xff,0xff,0xff,0xff,0xe6,0x00,0x00,0x00,0x00,0x00,  //....+@@@@@@@@@@@@@@*...........................+%@@@@@@@@@@@@@@@@@@*+........
0x00,0x00,0x09,0xff,0xff,0xff,0xff,0xff,0xff,0xa0,0x00,0x00,0x00,0x00,0x00,0x00,0x00,0x00,0x00,0x00,0x00,0x00,0x00,0x00,0x01,0x8d,0xff,0xff,0xff,0xff,0xff,0xff,0xd7,0x10,0x00,0x00,0x00,0x00,0x00,  //.....%@@@@@@@@@@@@%+.............................+%@@@@@@@@@@@@@@*+..........
0x00,0x00,0x00,0x8d,0xff,0xff,0xff,0xff,0xe9,0x00,0x00,0x00,0x00,0x00,0x00,0x00,0x00,0x00,0x00,0x00,0x00,0x00,0x00,0x00,0x00,0x00,0x37,0xac,0xee,0xed,0xca,0x73,0x00,0x00,0x00,0x00,0x00,0x00,0x00,  //.....+%@@@@@@@@@@%+................................+*%%@@@@@@%*+.............


};


static const lv_font_fmt_txt_glyph_dsc_t glyph_dsc[] = {
    {.bitmap_index = 0,	.adv_w = 49, .box_h = 70, .box_w = 46, .ofs_x = 4, .ofs_y = 23},/*(0)*/
    {.bitmap_index = 1610,	.adv_w = 34, .box_h = 69, .box_w = 26, .ofs_x = 9, .ofs_y = 24},/*(1)*/
    {.bitmap_index = 2507,	.adv_w = 49, .box_h = 69, .box_w = 44, .ofs_x = 5, .ofs_y = 24},/*(2)*/
    {.bitmap_index = 4025,	.adv_w = 47, .box_h = 70, .box_w = 42, .ofs_x = 6, .ofs_y = 23},/*(3)*/
    {.bitmap_index = 5495,	.adv_w = 52, .box_h = 68, .box_w = 52, .ofs_x = 0, .ofs_y = 24},/*(4)*/
    {.bitmap_index = 7263,	.adv_w = 47, .box_h = 69, .box_w = 40, .ofs_x = 7, .ofs_y = 23},/*(5)*/
    {.bitmap_index = 8643,	.adv_w = 49, .box_h = 70, .box_w = 44, .ofs_x = 5, .ofs_y = 23},/*(6)*/
    {.bitmap_index = 10183,	.adv_w = 49, .box_h = 68, .box_w = 46, .ofs_x = 4, .ofs_y = 24},/*(7)*/
    {.bitmap_index = 11747,	.adv_w = 49, .box_h = 70, .box_w = 46, .ofs_x = 4, .ofs_y = 23},/*(8)*/
    {.bitmap_index = 13357,	.adv_w = 49, .box_h = 70, .box_w = 46, .ofs_x = 4, .ofs_y = 23},/*(9)*/
    {.bitmap_index = 14967,	.adv_w = 17, .box_h = 51, .box_w = 12, .ofs_x = 5, .ofs_y = 23},/*(:)*/
    {.bitmap_index = 15273,	.adv_w = 77, .box_h = 77, .box_w = 78, .ofs_x = 0, .ofs_y = 21},/*()*/
};


static const uint16_t unicode_list_1[] = {
    0x0030,	/*(0)*/
    0x0031,	/*(1)*/
    0x0032,	/*(2)*/
    0x0033,	/*(3)*/
    0x0034,	/*(4)*/
    0x0035,	/*(5)*/
    0x0036,	/*(6)*/
    0x0037,	/*(7)*/
    0x0038,	/*(8)*/
    0x0039,	/*(9)*/
    0x003a,	/*(:)*/
    0xf295,	/*()*/
    0x0000,    /*End indicator*/
};


static const lv_font_fmt_txt_cmap_t cmaps[] = {
    {
        .range_start = 0x0030,
        .range_length = 0xf295,
        .type = LV_FONT_FMT_TXT_CMAP_SPARSE_TINY,
        .glyph_id_start = 0,
        .unicode_list = unicode_list_1,
        .glyph_id_ofs_list = NULL,
        .list_length = 12,
    }
};


static const lv_font_fmt_txt_dsc_t font_dsc = {
    .glyph_bitmap = glyph_bitmap,
    .glyph_dsc = glyph_dsc,
    .cmaps = cmaps,
    .cmap_num = 1,
    .bpp = 4,

    .kern_scale = 0,
    .kern_dsc = NULL,
    .kern_classes = 0,

//    .last_letter = 0xf295,
//    .last_glyph_id = 11,
};


static int binsearch(const uint16_t *sortedSeq, int seqLength, uint16_t keyData) {
    int low = 0, mid, high = seqLength - 1;
    while (low <= high) {
        mid = (low + high)>>1;//右移1位等于是/2，奇数，无论奇偶，有个值就行
        if (keyData < sortedSeq[mid]) {
            high = mid - 1;//是mid-1，因为mid已经比较过了
        }
        else if (keyData > sortedSeq[mid]) {
            low = mid + 1;
        }
        else {
            return mid;
        }
    }
    return -1;
}


static const uint8_t * __user_font_get_bitmap(const lv_font_t * font, uint32_t unicode_letter) {
    lv_font_fmt_txt_dsc_t * fdsc = (lv_font_fmt_txt_dsc_t *) font->dsc;

    if( unicode_letter<fdsc->cmaps[0].range_start || unicode_letter>fdsc->cmaps[0].range_length ) return false;

    int i;
//    if( unicode_letter==fdsc->last_letter ){
//        i = fdsc->last_glyph_id;
//    }
//    else
        {
        i = binsearch(fdsc->cmaps[0].unicode_list, fdsc->cmaps[0].list_length, unicode_letter);
    }
    if( i != -1 ) {
        const lv_font_fmt_txt_glyph_dsc_t * gdsc = &fdsc->glyph_dsc[i];
//        fdsc->last_glyph_id = i;
//        fdsc->last_letter = unicode_letter;
        return &fdsc->glyph_bitmap[gdsc->bitmap_index];
    }
    return NULL;
}


static bool __user_font_get_glyph_dsc(const lv_font_t * font, lv_font_glyph_dsc_t * dsc_out, uint32_t unicode_letter, uint32_t unicode_letter_next) {
    lv_font_fmt_txt_dsc_t * fdsc = (lv_font_fmt_txt_dsc_t *) font->dsc;

    if( unicode_letter<fdsc->cmaps[0].range_start || unicode_letter>fdsc->cmaps[0].range_length ) return false;

    int i;
//    if( unicode_letter==fdsc->last_letter ){
//        i = fdsc->last_glyph_id;
//    }
//    else
        {
        i = binsearch(fdsc->cmaps[0].unicode_list, fdsc->cmaps[0].list_length, unicode_letter);
    }
    if( i != -1 ) {
        const lv_font_fmt_txt_glyph_dsc_t * gdsc = &fdsc->glyph_dsc[i];
//        fdsc->last_glyph_id = i;
//        fdsc->last_letter = unicode_letter;
        dsc_out->adv_w = gdsc->adv_w;
        dsc_out->box_h = gdsc->box_h;
        dsc_out->box_w = gdsc->box_w;
        dsc_out->ofs_x = gdsc->ofs_x;
        dsc_out->ofs_y = gdsc->ofs_y;
        dsc_out->bpp   = fdsc->bpp;
        return true;
    }
    return false;
}


//Microsoft YaHei,,-1
//字模高度：119
//内部字体
//使用排序和二分查表
const lv_font_t lv_font_msyh_90 = {
    .dsc = &font_dsc,
    .get_glyph_bitmap = __user_font_get_bitmap,
    .get_glyph_dsc = __user_font_get_glyph_dsc,
    .line_height = 119,
    .base_line = 0,
};

